ticker,date,close,name,currency,fetched_at
000660.KS,2025-07-31,273500.0000,SK hynix Inc.,KRW,2026-09-24T23:11:57+00:00
000660.KS,2025-08-01,258000.0000,SK hynix Inc.,KRW,2026-09-25T23:17:43+00:00
000660.KS,2025-08-04,258000.0000,SK hynix Inc.,KRW,2026-09-26T00:36:51+00:00
000660.KS,2025-08-05,263500.0000,SK hynix Inc.,KRW,2026-09-26T00:36:51+00:00
000660.KS,2025-08-06,258500.0000,SK hynix Inc.,KRW,2026-09-26T00:36:51+00:00
000660.KS,2025-08-07,262000.0000,SK hynix Inc.,KRW,2026-09-26T00:36:51+00:00
000660.KS,2025-08-08,256500.0000,SK hynix Inc.,KRW,2026-09-26T00:36:51+00:00
000660.KS,2025-08-11,267000.0000,SK hynix Inc.,KRW,2026-09-26T00:36:51+00:00
000660.KS,2025-08-12,269000.0000,SK hynix Inc.,KRW,2026-09-26T00:36:51+00:00
000660.KS,2025-08-13,278000.0000,SK hynix Inc.,KRW,2026-09-26T00:36:51+00:00
000660.KS,2025-08-14,276500.0000,SK hynix Inc.,KRW,2026-09-26T00:36:51+00:00
000660.KS,2025-08-18,267500.0000,SK hynix Inc.,KRW,2026-09-26T00:36:51+00:00
000660.KS,2025-08-19,263000.0000,SK hynix Inc.,KRW,2026-09-26T00:36:51+00:00
000660.KS,2025-08-20,255500.0000,SK hynix Inc.,KRW,2026-09-26T00:36:51+00:00
000660.KS,2025-08-21,245000.0000,SK hynix Inc.,KRW,2026-09-26T00:36:51+00:00
000660.KS,2025-08-22,251000.0000,SK hynix Inc.,KRW,2026-09-26T00:36:51+00:00
000660.KS,2025-08-25,259500.0000,SK hynix Inc.,KRW,2026-09-26T00:36:51+00:00
000660.KS,2025-08-26,261500.0000,SK hynix Inc.,KRW,2026-09-26T00:36:51+00:00
000660.KS,2025-08-27,260000.0000,SK hynix Inc.,KRW,2026-09-26T00:36:51+00:00
000660.KS,2025-08-28,268500.0000,SK hynix Inc.,KRW,2026-09-26T00:36:51+00:00
000660.KS,2025-08-29,269000.0000,SK hynix Inc.,KRW,2026-09-26T00:36:51+00:00
000660.KS,2025-09-01,256000.0000,SK hynix Inc.,KRW,2026-09-26T00:36:51+00:00
000660.KS,2025-09-02,260500.0000,SK hynix Inc.,KRW,2026-09-26T00:36:51+00:00
000660.KS,2025-09-03,262500.0000,SK hynix Inc.,KRW,2026-09-26T00:36:51+00:00
000660.KS,2025-09-04,265500.0000,SK hynix Inc.,KRW,2026-09-26T00:36:51+00:00
000660.KS,2025-09-05,273500.0000,SK hynix Inc.,KRW,2026-09-26T00:36:51+00:00
000660.KS,2025-09-08,277000.0000,SK hynix Inc.,KRW,2026-09-26T00:36:51+00:00
000660.KS,2025-09-09,288000.0000,SK hynix Inc.,KRW,2026-09-26T00:36:51+00:00
000660.KS,2025-09-10,304000.0000,SK hynix Inc.,KRW,2026-09-26T00:36:51+00:00
000660.KS,2025-09-11,307000.0000,SK hynix Inc.,KRW,2026-09-26T00:36:51+00:00
000660.KS,2025-09-12,328500.0000,SK hynix Inc.,KRW,2026-09-26T00:36:51+00:00
000660.KS,2025-09-15,331000.0000,SK hynix Inc.,KRW,2026-09-26T00:36:51+00:00
000660.KS,2025-09-16,348000.0000,SK hynix Inc.,KRW,2026-09-26T00:36:51+00:00
000660.KS,2025-09-17,333500.0000,SK hynix Inc.,KRW,2026-09-26T00:36:51+00:00
000660.KS,2025-09-18,355500.0000,SK hynix Inc.,KRW,2026-09-26T00:36:51+00:00
000660.KS,2025-09-22,351000.0000,SK hynix Inc.,KRW,2026-09-26T00:36:51+00:00
000660.KS,2025-09-23,361000.0000,SK hynix Inc.,KRW,2026-09-26T00:36:51+00:00
000660.KS,2025-09-24,357500.0000,SK hynix Inc.,KRW,2026-09-26T00:36:51+00:00
000660.KS,2025-09-25,356500.0000,SK hynix Inc.,KRW,2026-09-26T00:36:51+00:00
000660.KS,2025-09-26,336500.0000,SK hynix Inc.,KRW,2026-09-26T00:36:51+00:00
000660.KS,2025-09-29,349000.0000,SK hynix Inc.,KRW,2026-09-26T00:36:51+00:00
000660.KS,2025-09-30,347500.0000,SK hynix Inc.,KRW,2026-09-26T00:36:51+00:00
000660.KS,2025-10-01,360000.0000,SK hynix Inc.,KRW,2026-09-26T00:36:51+00:00
000660.KS,2025-10-02,395500.0000,SK hynix Inc.,KRW,2026-09-26T00:36:51+00:00
000660.KS,2025-10-10,428000.0000,SK hynix Inc.,KRW,2026-09-26T00:36:51+00:00
000660.KS,2025-10-13,415000.0000,SK hynix Inc.,KRW,2026-09-26T00:36:51+00:00
000660.KS,2025-10-14,411500.0000,SK hynix Inc.,KRW,2026-09-26T00:36:51+00:00
000660.KS,2025-10-15,422500.0000,SK hynix Inc.,KRW,2026-09-26T00:36:51+00:00
000660.KS,2025-10-16,452500.0000,SK hynix Inc.,KRW,2026-09-26T00:36:51+00:00
000660.KS,2025-10-17,465500.0000,SK hynix Inc.,KRW,2026-09-26T00:36:51+00:00
000660.KS,2025-10-20,485500.0000,SK hynix Inc.,KRW,2026-09-26T00:36:51+00:00
000660.KS,2025-10-21,479000.0000,SK hynix Inc.,KRW,2026-09-26T00:36:51+00:00
000660.KS,2025-10-22,481500.0000,SK hynix Inc.,KRW,2026-09-26T00:36:51+00:00
000660.KS,2025-10-23,478500.0000,SK hynix Inc.,KRW,2026-09-26T00:36:51+00:00
000660.KS,2025-10-24,510000.0000,SK hynix Inc.,KRW,2026-09-26T00:36:51+00:00
000660.KS,2025-10-27,535000.0000,SK hynix Inc.,KRW,2026-09-26T00:36:51+00:00
000660.KS,2025-10-28,521000.0000,SK hynix Inc.,KRW,2026-09-26T00:36:51+00:00
000660.KS,2025-10-29,558000.0000,SK hynix Inc.,KRW,2026-09-26T00:36:51+00:00
000660.KS,2025-10-30,568000.0000,SK hynix Inc.,KRW,2026-09-26T00:36:51+00:00
000660.KS,2025-10-31,559000.0000,SK hynix Inc.,KRW,2026-09-26T00:36:51+00:00
000660.KS,2025-11-03,620000.0000,SK hynix Inc.,KRW,2026-09-26T00:36:51+00:00
000660.KS,2025-11-04,586000.0000,SK hynix Inc.,KRW,2026-09-26T00:36:51+00:00
000660.KS,2025-11-05,579000.0000,SK hynix Inc.,KRW,2026-09-26T00:36:51+00:00
000660.KS,2025-11-06,593000.0000,SK hynix Inc.,KRW,2026-09-26T00:36:51+00:00
000660.KS,2025-11-07,580000.0000,SK hynix Inc.,KRW,2026-09-26T00:36:51+00:00
000660.KS,2025-11-10,606000.0000,SK hynix Inc.,KRW,2026-09-26T00:36:51+00:00
000660.KS,2025-11-11,619000.0000,SK hynix Inc.,KRW,2026-09-26T00:36:51+00:00
000660.KS,2025-11-12,617000.0000,SK hynix Inc.,KRW,2026-09-26T00:36:51+00:00
000660.KS,2025-11-13,612000.0000,SK hynix Inc.,KRW,2026-09-26T00:36:51+00:00
000660.KS,2025-11-14,560000.0000,SK hynix Inc.,KRW,2026-09-26T00:36:51+00:00
000660.KS,2025-11-17,606000.0000,SK hynix Inc.,KRW,2026-09-26T00:36:51+00:00
000660.KS,2025-11-18,570000.0000,SK hynix Inc.,KRW,2026-09-26T00:36:51+00:00
000660.KS,2025-11-19,562000.0000,SK hynix Inc.,KRW,2026-09-26T00:36:51+00:00
000660.KS,2025-11-20,571000.0000,SK hynix Inc.,KRW,2026-09-26T00:36:51+00:00
000660.KS,2025-11-21,521000.0000,SK hynix Inc.,KRW,2026-09-26T00:36:51+00:00
000660.KS,2025-11-24,520000.0000,SK hynix Inc.,KRW,2026-09-26T00:36:51+00:00
000660.KS,2025-11-25,519000.0000,SK hynix Inc.,KRW,2026-09-26T00:36:51+00:00
000660.KS,2025-11-26,524000.0000,SK hynix Inc.,KRW,2026-09-26T00:36:51+00:00
000660.KS,2025-11-27,544000.0000,SK hynix Inc.,KRW,2026-09-26T00:36:51+00:00
000660.KS,2025-11-28,530000.0000,SK hynix Inc.,KRW,2026-09-26T00:36:51+00:00
000660.KS,2025-12-01,538000.0000,SK hynix Inc.,KRW,2026-09-26T00:36:51+00:00
000660.KS,2025-12-02,558000.0000,SK hynix Inc.,KRW,2026-09-26T00:36:51+00:00
000660.KS,2025-12-03,552000.0000,SK hynix Inc.,KRW,2026-09-26T00:36:51+00:00
000660.KS,2025-12-04,542000.0000,SK hynix Inc.,KRW,2026-09-26T00:36:51+00:00
000660.KS,2025-12-05,544000.0000,SK hynix Inc.,KRW,2026-09-26T00:36:51+00:00
000660.KS,2025-12-08,577000.0000,SK hynix Inc.,KRW,2026-09-26T00:36:51+00:00
000660.KS,2025-12-09,566000.0000,SK hynix Inc.,KRW,2026-09-26T00:36:51+00:00
000660.KS,2025-12-10,587000.0000,SK hynix Inc.,KRW,2026-09-26T00:36:51+00:00
000660.KS,2025-12-11,565000.0000,SK hynix Inc.,KRW,2026-09-26T00:36:51+00:00
000660.KS,2025-12-12,571000.0000,SK hynix Inc.,KRW,2026-09-26T00:36:51+00:00
000660.KS,2025-12-15,554000.0000,SK hynix Inc.,KRW,2026-09-26T00:36:51+00:00
000660.KS,2025-12-16,530000.0000,SK hynix Inc.,KRW,2026-09-26T00:36:51+00:00
000660.KS,2025-12-17,551000.0000,SK hynix Inc.,KRW,2026-09-26T00:36:51+00:00
000660.KS,2025-12-18,552000.0000,SK hynix Inc.,KRW,2026-09-26T00:36:51+00:00
000660.KS,2025-12-19,547000.0000,SK hynix Inc.,KRW,2026-09-26T00:36:51+00:00
000660.KS,2025-12-22,580000.0000,SK hynix Inc.,KRW,2026-09-26T00:36:51+00:00
000660.KS,2025-12-23,584000.0000,SK hynix Inc.,KRW,2026-09-26T00:36:51+00:00
000660.KS,2025-12-24,588000.0000,SK hynix Inc.,KRW,2026-09-26T00:36:51+00:00
000660.KS,2025-12-26,599000.0000,SK hynix Inc.,KRW,2026-09-26T00:36:51+00:00
000660.KS,2025-12-29,640000.0000,SK hynix Inc.,KRW,2026-09-26T00:36:51+00:00
000660.KS,2025-12-30,651000.0000,SK hynix Inc.,KRW,2026-09-26T00:36:51+00:00
000660.KS,2026-01-02,677000.0000,SK hynix Inc.,KRW,2026-09-26T00:36:51+00:00
000660.KS,2026-01-05,696000.0000,SK hynix Inc.,KRW,2026-09-26T00:36:51+00:00
000660.KS,2026-01-06,726000.0000,SK hynix Inc.,KRW,2026-09-26T00:36:51+00:00
000660.KS,2026-01-07,742000.0000,SK hynix Inc.,KRW,2026-09-26T00:36:51+00:00
000660.KS,2026-01-08,756000.0000,SK hynix Inc.,KRW,2026-09-26T00:36:51+00:00
000660.KS,2026-01-09,744000.0000,SK hynix Inc.,KRW,2026-09-26T00:36:51+00:00
000660.KS,2026-01-12,749000.0000,SK hynix Inc.,KRW,2026-09-26T00:36:51+00:00
000660.KS,2026-01-13,738000.0000,SK hynix Inc.,KRW,2026-09-26T00:36:51+00:00
000660.KS,2026-01-14,742000.0000,SK hynix Inc.,KRW,2026-09-26T00:36:51+00:00
000660.KS,2026-01-15,749000.0000,SK hynix Inc.,KRW,2026-09-26T00:36:51+00:00
000660.KS,2026-01-16,756000.0000,SK hynix Inc.,KRW,2026-09-26T00:36:51+00:00
000660.KS,2026-01-19,764000.0000,SK hynix Inc.,KRW,2026-09-26T00:36:51+00:00
000660.KS,2026-01-20,743000.0000,SK hynix Inc.,KRW,2026-09-26T00:36:51+00:00
000660.KS,2026-01-21,740000.0000,SK hynix Inc.,KRW,2026-09-26T00:36:51+00:00
000660.KS,2026-01-22,755000.0000,SK hynix Inc.,KRW,2026-09-26T00:36:51+00:00
000660.KS,2026-01-23,767000.0000,SK hynix Inc.,KRW,2026-09-26T00:36:51+00:00
000660.KS,2026-01-26,736000.0000,SK hynix Inc.,KRW,2026-09-26T00:36:51+00:00
000660.KS,2026-01-27,800000.0000,SK hynix Inc.,KRW,2026-09-26T00:36:51+00:00
000660.KS,2026-01-28,841000.0000,SK hynix Inc.,KRW,2026-09-26T00:36:51+00:00
000660.KS,2026-01-29,861000.0000,SK hynix Inc.,KRW,2026-09-26T00:36:51+00:00
000660.KS,2026-01-30,909000.0000,SK hynix Inc.,KRW,2026-09-26T00:36:51+00:00
000660.KS,2026-02-02,830000.0000,SK hynix Inc.,KRW,2026-09-26T00:36:51+00:00
000660.KS,2026-02-03,907000.0000,SK hynix Inc.,KRW,2026-09-26T00:36:51+00:00
000660.KS,2026-02-04,900000.0000,SK hynix Inc.,KRW,2026-09-26T00:36:51+00:00
000660.KS,2026-02-05,842000.0000,SK hynix Inc.,KRW,2026-09-26T00:36:51+00:00
000660.KS,2026-02-06,839000.0000,SK hynix Inc.,KRW,2026-09-26T00:36:51+00:00
000660.KS,2026-02-09,887000.0000,SK hynix Inc.,KRW,2026-09-26T00:36:51+00:00
000660.KS,2026-02-10,876000.0000,SK hynix Inc.,KRW,2026-09-26T00:36:51+00:00
000660.KS,2026-02-11,860000.0000,SK hynix Inc.,KRW,2026-09-26T00:36:51+00:00
000660.KS,2026-02-12,888000.0000,SK hynix Inc.,KRW,2026-09-26T00:36:51+00:00
000660.KS,2026-02-13,880000.0000,SK hynix Inc.,KRW,2026-09-26T00:36:51+00:00
000660.KS,2026-02-19,894000.0000,SK hynix Inc.,KRW,2026-09-26T00:36:51+00:00
000660.KS,2026-02-20,949000.0000,SK hynix Inc.,KRW,2026-09-26T00:36:51+00:00
000660.KS,2026-02-23,951000.0000,SK hynix Inc.,KRW,2026-09-26T00:36:51+00:00
000660.KS,2026-02-24,1005000.0000,SK hynix Inc.,KRW,2026-09-26T00:36:51+00:00
000660.KS,2026-02-25,1018000.0000,SK hynix Inc.,KRW,2026-09-26T00:36:51+00:00
000660.KS,2026-02-26,1099000.0000,SK hynix Inc.,KRW,2026-09-26T00:36:51+00:00
000660.KS,2026-02-27,1061000.0000,SK hynix Inc.,KRW,2026-09-26T00:36:51+00:00
000660.KS,2026-03-03,939000.0000,SK hynix Inc.,KRW,2026-09-26T00:36:51+00:00
000660.KS,2026-03-04,849000.0000,SK hynix Inc.,KRW,2026-09-26T00:36:51+00:00
000660.KS,2026-03-05,941000.0000,SK hynix Inc.,KRW,2026-09-26T00:36:51+00:00
000660.KS,2026-03-06,924000.0000,SK hynix Inc.,KRW,2026-09-26T00:36:51+00:00
000660.KS,2026-03-09,836000.0000,SK hynix Inc.,KRW,2026-09-26T00:36:51+00:00
000660.KS,2026-03-10,938000.0000,SK hynix Inc.,KRW,2026-09-26T00:36:51+00:00
000660.KS,2026-03-11,955000.0000,SK hynix Inc.,KRW,2026-09-26T00:36:51+00:00
000660.KS,2026-03-12,930000.0000,SK hynix Inc.,KRW,2026-09-26T00:36:51+00:00
000660.KS,2026-03-13,910000.0000,SK hynix Inc.,KRW,2026-09-26T00:36:51+00:00
000660.KS,2026-03-16,974000.0000,SK hynix Inc.,KRW,2026-09-26T00:36:51+00:00
000660.KS,2026-03-17,970000.0000,SK hynix Inc.,KRW,2026-09-26T00:36:51+00:00
000660.KS,2026-03-18,1056000.0000,SK hynix Inc.,KRW,2026-09-26T00:36:51+00:00
000660.KS,2026-03-19,1013000.0000,SK hynix Inc.,KRW,2026-09-26T00:36:51+00:00
000660.KS,2026-03-20,1007000.0000,SK hynix Inc.,KRW,2026-09-26T00:36:51+00:00
000660.KS,2026-03-23,933000.0000,SK hynix Inc.,KRW,2026-09-26T00:36:51+00:00
000660.KS,2026-03-24,986000.0000,SK hynix Inc.,KRW,2026-09-26T00:36:51+00:00
000660.KS,2026-03-25,995000.0000,SK hynix Inc.,KRW,2026-09-26T00:36:51+00:00
000660.KS,2026-03-26,933000.0000,SK hynix Inc.,KRW,2026-09-26T00:36:51+00:00
000660.KS,2026-03-27,933000.0000,SK hynix Inc.,KRW,2026-09-26T00:36:51+00:00
000660.KS,2026-03-30,873000.0000,SK hynix Inc.,KRW,2026-09-26T00:36:51+00:00
000660.KS,2026-03-31,807000.0000,SK hynix Inc.,KRW,2026-09-26T00:36:51+00:00
000660.KS,2026-04-01,897000.0000,SK hynix Inc.,KRW,2026-09-26T00:36:51+00:00
000660.KS,2026-04-02,830000.0000,SK hynix Inc.,KRW,2026-09-26T00:36:51+00:00
000660.KS,2026-04-03,876000.0000,SK hynix Inc.,KRW,2026-09-26T00:36:51+00:00
000660.KS,2026-04-06,886000.0000,SK hynix Inc.,KRW,2026-09-26T00:36:51+00:00
000660.KS,2026-04-07,916000.0000,SK hynix Inc.,KRW,2026-09-26T00:36:51+00:00
000660.KS,2026-04-08,1033000.0000,SK hynix Inc.,KRW,2026-09-26T00:36:51+00:00
000660.KS,2026-04-09,998000.0000,SK hynix Inc.,KRW,2026-09-26T00:36:51+00:00
000660.KS,2026-04-10,1027000.0000,SK hynix Inc.,KRW,2026-09-26T00:36:51+00:00
000660.KS,2026-04-13,1040000.0000,SK hynix Inc.,KRW,2026-09-26T00:36:51+00:00
000660.KS,2026-04-14,1103000.0000,SK hynix Inc.,KRW,2026-09-26T00:36:51+00:00
000660.KS,2026-04-15,1136000.0000,SK hynix Inc.,KRW,2026-09-26T00:36:51+00:00
000660.KS,2026-04-16,1155000.0000,SK hynix Inc.,KRW,2026-09-26T00:36:51+00:00
000660.KS,2026-04-17,1128000.0000,SK hynix Inc.,KRW,2026-09-26T00:36:51+00:00
000660.KS,2026-04-20,1166000.0000,SK hynix Inc.,KRW,2026-09-26T00:36:51+00:00
000660.KS,2026-04-21,1224000.0000,SK hynix Inc.,KRW,2026-09-26T00:36:51+00:00
000660.KS,2026-04-22,1223000.0000,SK hynix Inc.,KRW,2026-09-26T00:36:51+00:00
000660.KS,2026-04-23,1225000.0000,SK hynix Inc.,KRW,2026-09-26T00:36:51+00:00
000660.KS,2026-04-24,1222000.0000,SK hynix Inc.,KRW,2026-09-26T00:36:51+00:00
000660.KS,2026-04-27,1292000.0000,SK hynix Inc.,KRW,2026-09-26T00:36:51+00:00
000660.KS,2026-04-28,1300000.0000,SK hynix Inc.,KRW,2026-09-26T00:36:51+00:00
000660.KS,2026-04-29,1293000.0000,SK hynix Inc.,KRW,2026-09-26T00:36:51+00:00
000660.KS,2026-04-30,1286000.0000,SK hynix Inc.,KRW,2026-09-26T00:36:51+00:00
000660.KS,2026-05-04,1447000.0000,SK hynix Inc.,KRW,2026-09-26T00:36:51+00:00
000660.KS,2026-05-06,1601000.0000,SK hynix Inc.,KRW,2026-09-26T00:36:51+00:00
000660.KS,2026-05-07,1654000.0000,SK hynix Inc.,KRW,2026-09-26T00:36:51+00:00
000660.KS,2026-05-08,1686000.0000,SK hynix Inc.,KRW,2026-09-26T00:36:51+00:00
000660.KS,2026-05-11,1880000.0000,SK hynix Inc.,KRW,2026-09-26T00:36:51+00:00
000660.KS,2026-05-12,1835000.0000,SK hynix Inc.,KRW,2026-09-26T00:36:51+00:00
000660.KS,2026-05-13,1976000.0000,SK hynix Inc.,KRW,2026-09-26T00:36:51+00:00
000660.KS,2026-05-14,1970000.0000,SK hynix Inc.,KRW,2026-09-26T00:36:51+00:00
000660.KS,2026-05-15,1819000.0000,SK hynix Inc.,KRW,2026-09-26T00:36:51+00:00
000660.KS,2026-05-18,1840000.0000,SK hynix Inc.,KRW,2026-09-26T00:36:51+00:00
000660.KS,2026-05-19,1745000.0000,SK hynix Inc.,KRW,2026-09-26T00:36:51+00:00
000660.KS,2026-05-20,1745000.0000,SK hynix Inc.,KRW,2026-09-26T00:36:51+00:00
000660.KS,2026-05-21,1940000.0000,SK hynix Inc.,KRW,2026-09-26T00:36:51+00:00
000660.KS,2026-05-22,1941000.0000,SK hynix Inc.,KRW,2026-09-26T00:36:51+00:00
000660.KS,2026-05-26,2052000.0000,SK hynix Inc.,KRW,2026-09-26T00:36:51+00:00
000660.KS,2026-05-27,2243000.0000,SK hynix Inc.,KRW,2026-09-26T00:36:51+00:00
000660.KS,2026-05-28,2289000.0000,SK hynix Inc.,KRW,2026-09-26T00:36:51+00:00
000660.KS,2026-05-29,2333000.0000,SK hynix Inc.,KRW,2026-09-26T00:36:51+00:00
000660.KS,2026-06-01,2363000.0000,SK hynix Inc.,KRW,2026-09-26T00:36:51+00:00
000660.KS,2026-06-02,2360000.0000,SK hynix Inc.,KRW,2026-09-26T00:36:51+00:00
000660.KS,2026-06-04,2298000.0000,SK hynix Inc.,KRW,2026-09-26T00:36:51+00:00
000660.KS,2026-06-05,2070000.0000,SK hynix Inc.,KRW,2026-09-26T00:36:51+00:00
000660.KS,2026-06-08,1911000.0000,SK hynix Inc.,KRW,2026-09-26T00:36:51+00:00
000660.KS,2026-06-09,2215000.0000,SK hynix Inc.,KRW,2026-09-26T00:36:51+00:00
000660.KS,2026-06-10,2048000.0000,SK hynix Inc.,KRW,2026-09-26T00:36:51+00:00
000660.KS,2026-06-11,2101000.0000,SK hynix Inc.,KRW,2026-09-26T00:36:51+00:00
000660.KS,2026-06-12,2150000.0000,SK hynix Inc.,KRW,2026-09-26T00:36:51+00:00
000660.KS,2026-06-15,2288000.0000,SK hynix Inc.,KRW,2026-09-26T00:36:51+00:00
000660.KS,2026-06-16,2382000.0000,SK hynix Inc.,KRW,2026-09-26T00:36:51+00:00
000660.KS,2026-06-17,2521000.0000,SK hynix Inc.,KRW,2026-09-26T00:36:51+00:00
000660.KS,2026-06-18,2685000.0000,SK hynix Inc.,KRW,2026-09-26T00:36:51+00:00
000660.KS,2026-06-19,2764000.0000,SK hynix Inc.,KRW,2026-09-26T00:36:51+00:00
000660.KS,2026-06-22,2919000.0000,SK hynix Inc.,KRW,2026-09-26T00:36:51+00:00
000660.KS,2026-06-23,2555000.0000,SK hynix Inc.,KRW,2026-09-26T00:36:51+00:00
000660.KS,2026-06-24,2621000.0000,SK hynix Inc.,KRW,2026-09-26T00:36:51+00:00
000660.KS,2026-06-25,2917000.0000,SK hynix Inc.,KRW,2026-09-26T00:36:51+00:00
000660.KS,2026-06-26,2673000.0000,SK hynix Inc.,KRW,2026-09-26T00:36:51+00:00
000660.KS,2026-06-29,2628000.0000,SK hynix Inc.,KRW,2026-09-26T00:36:51+00:00
000660.KS,2026-06-30,2650000.0000,SK hynix Inc.,KRW,2026-09-26T00:36:51+00:00
000660.KS,2026-07-01,2560000.0000,SK hynix Inc.,KRW,2026-09-26T00:36:51+00:00
000660.KS,2026-07-02,2187000.0000,SK hynix Inc.,KRW,2026-09-26T00:36:51+00:00
000660.KS,2026-07-03,2425000.0000,SK hynix Inc.,KRW,2026-09-26T00:36:51+00:00
000660.KS,2026-07-06,2343000.0000,SK hynix Inc.,KRW,2026-09-26T00:36:51+00:00
000660.KS,2026-07-07,2201000.0000,SK hynix Inc.,KRW,2026-09-26T00:36:51+00:00
000660.KS,2026-07-08,2076000.0000,SK hynix Inc.,KRW,2026-09-26T00:36:51+00:00
000660.KS,2026-07-09,2186000.0000,SK hynix Inc.,KRW,2026-09-26T00:36:51+00:00
000660.KS,2026-07-10,2180000.0000,SK hynix Inc.,KRW,2026-09-26T00:36:51+00:00
000660.KS,2026-07-13,1845000.0000,SK hynix Inc.,KRW,2026-09-26T00:36:51+00:00
000660.KS,2026-07-14,1913000.0000,SK hynix Inc.,KRW,2026-09-26T00:36:51+00:00
000660.KS,2026-07-15,2082000.0000,SK hynix Inc.,KRW,2026-09-26T00:36:51+00:00
000660.KS,2026-07-16,1842000.0000,SK hynix Inc.,KRW,2026-09-26T00:36:51+00:00
000660.KS,2026-07-20,1764000.0000,SK hynix Inc.,KRW,2026-09-26T00:36:51+00:00
000660.KS,2026-07-21,1836000.0000,SK hynix Inc.,KRW,2026-09-26T00:36:51+00:00
000660.KS,2026-07-22,1830000.0000,SK hynix Inc.,KRW,2026-09-26T00:36:51+00:00
000660.KS,2026-07-23,1919000.0000,SK hynix Inc.,KRW,2026-09-26T00:36:51+00:00
000660.KS,2026-07-24,1759000.0000,SK hynix Inc.,KRW,2026-09-26T00:36:51+00:00
000660.KS,2026-07-27,1816000.0000,SK hynix Inc.,KRW,2026-09-26T00:36:51+00:00
000660.KS,2026-07-28,1550000.0000,SK hynix Inc.,KRW,2026-09-26T00:36:51+00:00
000660.KS,2026-07-29,1401000.0000,SK hynix Inc.,KRW,2026-09-26T00:36:51+00:00
000660.KS,2026-07-30,1322000.0000,SK hynix Inc.,KRW,2026-09-26T00:36:51+00:00
000660.KS,2026-07-31,1718000.0000,SK hynix Inc.,KRW,2026-09-26T00:36:51+00:00
000660.KS,2026-08-03,1567000.0000,SK hynix Inc.,KRW,2026-09-26T00:36:51+00:00
000660.KS,2026-08-04,1577000.0000,SK hynix Inc.,KRW,2026-09-26T00:36:51+00:00
000660.KS,2026-08-05,1668000.0000,SK hynix Inc.,KRW,2026-09-26T00:36:51+00:00
000660.KS,2026-08-06,1495000.0000,SK hynix Inc.,KRW,2026-09-26T00:36:51+00:00
000660.KS,2026-08-07,1422000.0000,SK hynix Inc.,KRW,2026-09-26T00:36:51+00:00
000660.KS,2026-08-10,1420000.0000,SK hynix Inc.,KRW,2026-09-26T00:36:51+00:00
000660.KS,2026-08-11,1425000.0000,SK hynix Inc.,KRW,2026-09-26T00:36:51+00:00
000660.KS,2026-08-12,1504000.0000,SK hynix Inc.,KRW,2026-09-26T00:36:51+00:00
000660.KS,2026-08-13,1593000.0000,SK hynix Inc.,KRW,2026-09-26T00:36:51+00:00
000660.KS,2026-08-14,1645000.0000,SK hynix Inc.,KRW,2026-09-26T00:36:51+00:00
000660.KS,2026-08-18,1662000.0000,SK hynix Inc.,KRW,2026-09-26T00:36:51+00:00
000660.KS,2026-08-19,1500000.0000,SK hynix Inc.,KRW,2026-09-26T00:36:51+00:00
000660.KS,2026-08-20,1691000.0000,SK hynix Inc.,KRW,2026-09-26T00:36:51+00:00
000660.KS,2026-08-21,1730000.0000,SK hynix Inc.,KRW,2026-09-26T00:36:51+00:00
000660.KS,2026-08-24,1671000.0000,SK hynix Inc.,KRW,2026-09-26T00:36:51+00:00
000660.KS,2026-08-25,1678000.0000,SK hynix Inc.,KRW,2026-09-26T00:36:51+00:00
000660.KS,2026-08-26,1688000.0000,SK hynix Inc.,KRW,2026-09-26T00:36:51+00:00
000660.KS,2026-08-27,1730000.0000,SK hynix Inc.,KRW,2026-09-26T00:36:51+00:00
000660.KS,2026-08-28,1653000.0000,SK hynix Inc.,KRW,2026-09-26T00:36:51+00:00
000660.KS,2026-08-31,1674000.0000,SK hynix Inc.,KRW,2026-09-26T00:36:51+00:00
000660.KS,2026-09-01,1693000.0000,SK hynix Inc.,KRW,2026-09-26T00:36:51+00:00
000660.KS,2026-09-02,1613000.0000,SK hynix Inc.,KRW,2026-09-26T00:36:51+00:00
000660.KS,2026-09-03,1596000.0000,SK hynix Inc.,KRW,2026-09-26T00:36:51+00:00
000660.KS,2026-09-04,1647000.0000,SK hynix Inc.,KRW,2026-09-26T00:36:51+00:00
000660.KS,2026-09-07,1783000.0000,SK hynix Inc.,KRW,2026-09-26T00:36:51+00:00
000660.KS,2026-09-08,1793000.0000,SK hynix Inc.,KRW,2026-09-26T00:36:51+00:00
000660.KS,2026-09-09,1856000.0000,SK hynix Inc.,KRW,2026-09-26T00:36:51+00:00
000660.KS,2026-09-10,1853000.0000,SK hynix Inc.,KRW,2026-09-26T00:36:51+00:00
000660.KS,2026-09-11,1812000.0000,SK hynix Inc.,KRW,2026-09-26T00:36:51+00:00
000660.KS,2026-09-14,1697000.0000,SK hynix Inc.,KRW,2026-09-26T00:36:51+00:00
000660.KS,2026-09-15,1690000.0000,SK hynix Inc.,KRW,2026-09-26T00:36:51+00:00
000660.KS,2026-09-16,1759000.0000,SK hynix Inc.,KRW,2026-09-26T00:36:51+00:00
000660.KS,2026-09-17,1745000.0000,SK hynix Inc.,KRW,2026-09-26T00:36:51+00:00
000660.KS,2026-09-18,1857000.0000,SK hynix Inc.,KRW,2026-09-26T00:36:51+00:00
000660.KS,2026-09-21,1868000.0000,SK hynix Inc.,KRW,2026-09-26T00:36:51+00:00
000660.KS,2026-09-22,1840000.0000,SK hynix Inc.,KRW,2026-09-26T00:36:51+00:00
000660.KS,2026-09-23,1862000.0000,SK hynix Inc.,KRW,2026-09-26T00:36:51+00:00
267260.KS,2025-07-31,501000.0000,"HD Hyundai Electric Co., Ltd.",KRW,2026-09-24T23:11:57+00:00
267260.KS,2025-08-01,484000.0000,"HD Hyundai Electric Co., Ltd.",KRW,2026-09-25T23:17:43+00:00
267260.KS,2025-08-04,494000.0000,"HD Hyundai Electric Co., Ltd.",KRW,2026-09-26T00:36:51+00:00
267260.KS,2025-08-05,504000.0000,"HD Hyundai Electric Co., Ltd.",KRW,2026-09-26T00:36:51+00:00
267260.KS,2025-08-06,507000.0000,"HD Hyundai Electric Co., Ltd.",KRW,2026-09-26T00:36:51+00:00
267260.KS,2025-08-07,502000.0000,"HD Hyundai Electric Co., Ltd.",KRW,2026-09-26T00:36:51+00:00
267260.KS,2025-08-08,489000.0000,"HD Hyundai Electric Co., Ltd.",KRW,2026-09-26T00:36:51+00:00
267260.KS,2025-08-11,497500.0000,"HD Hyundai Electric Co., Ltd.",KRW,2026-09-26T00:36:51+00:00
267260.KS,2025-08-12,473500.0000,"HD Hyundai Electric Co., Ltd.",KRW,2026-09-26T00:36:51+00:00
267260.KS,2025-08-13,487500.0000,"HD Hyundai Electric Co., Ltd.",KRW,2026-09-26T00:36:51+00:00
267260.KS,2025-08-14,487500.0000,"HD Hyundai Electric Co., Ltd.",KRW,2026-09-26T00:36:51+00:00
267260.KS,2025-08-18,460000.0000,"HD Hyundai Electric Co., Ltd.",KRW,2026-09-26T00:36:51+00:00
267260.KS,2025-08-19,460000.0000,"HD Hyundai Electric Co., Ltd.",KRW,2026-09-26T00:36:51+00:00
267260.KS,2025-08-20,446500.0000,"HD Hyundai Electric Co., Ltd.",KRW,2026-09-26T00:36:51+00:00
267260.KS,2025-08-21,458500.0000,"HD Hyundai Electric Co., Ltd.",KRW,2026-09-26T00:36:51+00:00
267260.KS,2025-08-22,490000.0000,"HD Hyundai Electric Co., Ltd.",KRW,2026-09-26T00:36:51+00:00
267260.KS,2025-08-25,500000.0000,"HD Hyundai Electric Co., Ltd.",KRW,2026-09-26T00:36:51+00:00
267260.KS,2025-08-26,501000.0000,"HD Hyundai Electric Co., Ltd.",KRW,2026-09-26T00:36:51+00:00
267260.KS,2025-08-27,496500.0000,"HD Hyundai Electric Co., Ltd.",KRW,2026-09-26T00:36:51+00:00
267260.KS,2025-08-28,494000.0000,"HD Hyundai Electric Co., Ltd.",KRW,2026-09-26T00:36:51+00:00
267260.KS,2025-08-29,492500.0000,"HD Hyundai Electric Co., Ltd.",KRW,2026-09-26T00:36:51+00:00
267260.KS,2025-09-01,487000.0000,"HD Hyundai Electric Co., Ltd.",KRW,2026-09-26T00:36:51+00:00
267260.KS,2025-09-02,494500.0000,"HD Hyundai Electric Co., Ltd.",KRW,2026-09-26T00:36:51+00:00
267260.KS,2025-09-03,501000.0000,"HD Hyundai Electric Co., Ltd.",KRW,2026-09-26T00:36:51+00:00
267260.KS,2025-09-04,493000.0000,"HD Hyundai Electric Co., Ltd.",KRW,2026-09-26T00:36:51+00:00
267260.KS,2025-09-05,517000.0000,"HD Hyundai Electric Co., Ltd.",KRW,2026-09-26T00:36:51+00:00
267260.KS,2025-09-08,509000.0000,"HD Hyundai Electric Co., Ltd.",KRW,2026-09-26T00:36:51+00:00
267260.KS,2025-09-09,516000.0000,"HD Hyundai Electric Co., Ltd.",KRW,2026-09-26T00:36:51+00:00
267260.KS,2025-09-10,560000.0000,"HD Hyundai Electric Co., Ltd.",KRW,2026-09-26T00:36:51+00:00
267260.KS,2025-09-11,585000.0000,"HD Hyundai Electric Co., Ltd.",KRW,2026-09-26T00:36:51+00:00
267260.KS,2025-09-12,595000.0000,"HD Hyundai Electric Co., Ltd.",KRW,2026-09-26T00:36:51+00:00
267260.KS,2025-09-15,594000.0000,"HD Hyundai Electric Co., Ltd.",KRW,2026-09-26T00:36:51+00:00
267260.KS,2025-09-16,594000.0000,"HD Hyundai Electric Co., Ltd.",KRW,2026-09-26T00:36:51+00:00
267260.KS,2025-09-17,588000.0000,"HD Hyundai Electric Co., Ltd.",KRW,2026-09-26T00:36:51+00:00
267260.KS,2025-09-18,594000.0000,"HD Hyundai Electric Co., Ltd.",KRW,2026-09-26T00:36:51+00:00
267260.KS,2025-09-22,585000.0000,"HD Hyundai Electric Co., Ltd.",KRW,2026-09-26T00:36:51+00:00
267260.KS,2025-09-23,594000.0000,"HD Hyundai Electric Co., Ltd.",KRW,2026-09-26T00:36:51+00:00
267260.KS,2025-09-24,588000.0000,"HD Hyundai Electric Co., Ltd.",KRW,2026-09-26T00:36:51+00:00
267260.KS,2025-09-25,587000.0000,"HD Hyundai Electric Co., Ltd.",KRW,2026-09-26T00:36:51+00:00
267260.KS,2025-09-26,569000.0000,"HD Hyundai Electric Co., Ltd.",KRW,2026-09-26T00:36:51+00:00
267260.KS,2025-09-29,578000.0000,"HD Hyundai Electric Co., Ltd.",KRW,2026-09-26T00:36:51+00:00
267260.KS,2025-09-30,582000.0000,"HD Hyundai Electric Co., Ltd.",KRW,2026-09-26T00:36:51+00:00
267260.KS,2025-10-01,596000.0000,"HD Hyundai Electric Co., Ltd.",KRW,2026-09-26T00:36:51+00:00
267260.KS,2025-10-02,622000.0000,"HD Hyundai Electric Co., Ltd.",KRW,2026-09-26T00:36:51+00:00
267260.KS,2025-10-10,660000.0000,"HD Hyundai Electric Co., Ltd.",KRW,2026-09-26T00:36:51+00:00
267260.KS,2025-10-13,666000.0000,"HD Hyundai Electric Co., Ltd.",KRW,2026-09-26T00:36:51+00:00
267260.KS,2025-10-14,648000.0000,"HD Hyundai Electric Co., Ltd.",KRW,2026-09-26T00:36:51+00:00
267260.KS,2025-10-15,668000.0000,"HD Hyundai Electric Co., Ltd.",KRW,2026-09-26T00:36:51+00:00
267260.KS,2025-10-16,685000.0000,"HD Hyundai Electric Co., Ltd.",KRW,2026-09-26T00:36:51+00:00
267260.KS,2025-10-17,667000.0000,"HD Hyundai Electric Co., Ltd.",KRW,2026-09-26T00:36:51+00:00
267260.KS,2025-10-20,681000.0000,"HD Hyundai Electric Co., Ltd.",KRW,2026-09-26T00:36:51+00:00
267260.KS,2025-10-21,678000.0000,"HD Hyundai Electric Co., Ltd.",KRW,2026-09-26T00:36:51+00:00
267260.KS,2025-10-22,686000.0000,"HD Hyundai Electric Co., Ltd.",KRW,2026-09-26T00:36:51+00:00
267260.KS,2025-10-23,746000.0000,"HD Hyundai Electric Co., Ltd.",KRW,2026-09-26T00:36:51+00:00
267260.KS,2025-10-24,780000.0000,"HD Hyundai Electric Co., Ltd.",KRW,2026-09-26T00:36:51+00:00
267260.KS,2025-10-27,820000.0000,"HD Hyundai Electric Co., Ltd.",KRW,2026-09-26T00:36:51+00:00
267260.KS,2025-10-28,839000.0000,"HD Hyundai Electric Co., Ltd.",KRW,2026-09-26T00:36:51+00:00
267260.KS,2025-10-29,852000.0000,"HD Hyundai Electric Co., Ltd.",KRW,2026-09-26T00:36:51+00:00
267260.KS,2025-10-30,885000.0000,"HD Hyundai Electric Co., Ltd.",KRW,2026-09-26T00:36:51+00:00
267260.KS,2025-10-31,870000.0000,"HD Hyundai Electric Co., Ltd.",KRW,2026-09-26T00:36:51+00:00
267260.KS,2025-11-03,949000.0000,"HD Hyundai Electric Co., Ltd.",KRW,2026-09-26T00:36:51+00:00
267260.KS,2025-11-04,918000.0000,"HD Hyundai Electric Co., Ltd.",KRW,2026-09-26T00:36:51+00:00
267260.KS,2025-11-05,868000.0000,"HD Hyundai Electric Co., Ltd.",KRW,2026-09-26T00:36:51+00:00
267260.KS,2025-11-06,875000.0000,"HD Hyundai Electric Co., Ltd.",KRW,2026-09-26T00:36:51+00:00
267260.KS,2025-11-07,818000.0000,"HD Hyundai Electric Co., Ltd.",KRW,2026-09-26T00:36:51+00:00
267260.KS,2025-11-10,857000.0000,"HD Hyundai Electric Co., Ltd.",KRW,2026-09-26T00:36:51+00:00
267260.KS,2025-11-11,860000.0000,"HD Hyundai Electric Co., Ltd.",KRW,2026-09-26T00:36:51+00:00
267260.KS,2025-11-12,848000.0000,"HD Hyundai Electric Co., Ltd.",KRW,2026-09-26T00:36:51+00:00
267260.KS,2025-11-13,866000.0000,"HD Hyundai Electric Co., Ltd.",KRW,2026-09-26T00:36:51+00:00
267260.KS,2025-11-14,824000.0000,"HD Hyundai Electric Co., Ltd.",KRW,2026-09-26T00:36:51+00:00
267260.KS,2025-11-17,840000.0000,"HD Hyundai Electric Co., Ltd.",KRW,2026-09-26T00:36:51+00:00
267260.KS,2025-11-18,812000.0000,"HD Hyundai Electric Co., Ltd.",KRW,2026-09-26T00:36:51+00:00
267260.KS,2025-11-19,783000.0000,"HD Hyundai Electric Co., Ltd.",KRW,2026-09-26T00:36:51+00:00
267260.KS,2025-11-20,815000.0000,"HD Hyundai Electric Co., Ltd.",KRW,2026-09-26T00:36:51+00:00
267260.KS,2025-11-21,751000.0000,"HD Hyundai Electric Co., Ltd.",KRW,2026-09-26T00:36:51+00:00
267260.KS,2025-11-24,750000.0000,"HD Hyundai Electric Co., Ltd.",KRW,2026-09-26T00:36:51+00:00
267260.KS,2025-11-25,780000.0000,"HD Hyundai Electric Co., Ltd.",KRW,2026-09-26T00:36:51+00:00
267260.KS,2025-11-26,797000.0000,"HD Hyundai Electric Co., Ltd.",KRW,2026-09-26T00:36:51+00:00
267260.KS,2025-11-27,798000.0000,"HD Hyundai Electric Co., Ltd.",KRW,2026-09-26T00:36:51+00:00
267260.KS,2025-11-28,775000.0000,"HD Hyundai Electric Co., Ltd.",KRW,2026-09-26T00:36:51+00:00
267260.KS,2025-12-01,746000.0000,"HD Hyundai Electric Co., Ltd.",KRW,2026-09-26T00:36:51+00:00
267260.KS,2025-12-02,781000.0000,"HD Hyundai Electric Co., Ltd.",KRW,2026-09-26T00:36:51+00:00
267260.KS,2025-12-03,820000.0000,"HD Hyundai Electric Co., Ltd.",KRW,2026-09-26T00:36:51+00:00
267260.KS,2025-12-04,798000.0000,"HD Hyundai Electric Co., Ltd.",KRW,2026-09-26T00:36:51+00:00
267260.KS,2025-12-05,832000.0000,"HD Hyundai Electric Co., Ltd.",KRW,2026-09-26T00:36:51+00:00
267260.KS,2025-12-08,842000.0000,"HD Hyundai Electric Co., Ltd.",KRW,2026-09-26T00:36:51+00:00
267260.KS,2025-12-09,848000.0000,"HD Hyundai Electric Co., Ltd.",KRW,2026-09-26T00:36:51+00:00
267260.KS,2025-12-10,849000.0000,"HD Hyundai Electric Co., Ltd.",KRW,2026-09-26T00:36:51+00:00
267260.KS,2025-12-11,846000.0000,"HD Hyundai Electric Co., Ltd.",KRW,2026-09-26T00:36:51+00:00
267260.KS,2025-12-12,866000.0000,"HD Hyundai Electric Co., Ltd.",KRW,2026-09-26T00:36:51+00:00
267260.KS,2025-12-15,830000.0000,"HD Hyundai Electric Co., Ltd.",KRW,2026-09-26T00:36:51+00:00
267260.KS,2025-12-16,825000.0000,"HD Hyundai Electric Co., Ltd.",KRW,2026-09-26T00:36:51+00:00
267260.KS,2025-12-17,822000.0000,"HD Hyundai Electric Co., Ltd.",KRW,2026-09-26T00:36:51+00:00
267260.KS,2025-12-18,790000.0000,"HD Hyundai Electric Co., Ltd.",KRW,2026-09-26T00:36:51+00:00
267260.KS,2025-12-19,807000.0000,"HD Hyundai Electric Co., Ltd.",KRW,2026-09-26T00:36:51+00:00
267260.KS,2025-12-22,805000.0000,"HD Hyundai Electric Co., Ltd.",KRW,2026-09-26T00:36:51+00:00
267260.KS,2025-12-23,794000.0000,"HD Hyundai Electric Co., Ltd.",KRW,2026-09-26T00:36:51+00:00
267260.KS,2025-12-24,780000.0000,"HD Hyundai Electric Co., Ltd.",KRW,2026-09-26T00:36:51+00:00
267260.KS,2025-12-26,764000.0000,"HD Hyundai Electric Co., Ltd.",KRW,2026-09-26T00:36:51+00:00
267260.KS,2025-12-29,788000.0000,"HD Hyundai Electric Co., Ltd.",KRW,2026-09-26T00:36:51+00:00
267260.KS,2025-12-30,774000.0000,"HD Hyundai Electric Co., Ltd.",KRW,2026-09-26T00:36:51+00:00
267260.KS,2026-01-02,819000.0000,"HD Hyundai Electric Co., Ltd.",KRW,2026-09-26T00:36:51+00:00
267260.KS,2026-01-05,868000.0000,"HD Hyundai Electric Co., Ltd.",KRW,2026-09-26T00:36:51+00:00
267260.KS,2026-01-06,834000.0000,"HD Hyundai Electric Co., Ltd.",KRW,2026-09-26T00:36:51+00:00
267260.KS,2026-01-07,821000.0000,"HD Hyundai Electric Co., Ltd.",KRW,2026-09-26T00:36:51+00:00
267260.KS,2026-01-08,862000.0000,"HD Hyundai Electric Co., Ltd.",KRW,2026-09-26T00:36:51+00:00
267260.KS,2026-01-09,848000.0000,"HD Hyundai Electric Co., Ltd.",KRW,2026-09-26T00:36:51+00:00
267260.KS,2026-01-12,876000.0000,"HD Hyundai Electric Co., Ltd.",KRW,2026-09-26T00:36:51+00:00
267260.KS,2026-01-13,886000.0000,"HD Hyundai Electric Co., Ltd.",KRW,2026-09-26T00:36:51+00:00
267260.KS,2026-01-14,922000.0000,"HD Hyundai Electric Co., Ltd.",KRW,2026-09-26T00:36:51+00:00
267260.KS,2026-01-15,892000.0000,"HD Hyundai Electric Co., Ltd.",KRW,2026-09-26T00:36:51+00:00
267260.KS,2026-01-16,906000.0000,"HD Hyundai Electric Co., Ltd.",KRW,2026-09-26T00:36:51+00:00
267260.KS,2026-01-19,918000.0000,"HD Hyundai Electric Co., Ltd.",KRW,2026-09-26T00:36:51+00:00
267260.KS,2026-01-20,915000.0000,"HD Hyundai Electric Co., Ltd.",KRW,2026-09-26T00:36:51+00:00
267260.KS,2026-01-21,894000.0000,"HD Hyundai Electric Co., Ltd.",KRW,2026-09-26T00:36:51+00:00
267260.KS,2026-01-22,888000.0000,"HD Hyundai Electric Co., Ltd.",KRW,2026-09-26T00:36:51+00:00
267260.KS,2026-01-23,884000.0000,"HD Hyundai Electric Co., Ltd.",KRW,2026-09-26T00:36:51+00:00
267260.KS,2026-01-26,872000.0000,"HD Hyundai Electric Co., Ltd.",KRW,2026-09-26T00:36:51+00:00
267260.KS,2026-01-27,901000.0000,"HD Hyundai Electric Co., Ltd.",KRW,2026-09-26T00:36:51+00:00
267260.KS,2026-01-28,902000.0000,"HD Hyundai Electric Co., Ltd.",KRW,2026-09-26T00:36:51+00:00
267260.KS,2026-01-29,897000.0000,"HD Hyundai Electric Co., Ltd.",KRW,2026-09-26T00:36:51+00:00
267260.KS,2026-01-30,889000.0000,"HD Hyundai Electric Co., Ltd.",KRW,2026-09-26T00:36:51+00:00
267260.KS,2026-02-02,836000.0000,"HD Hyundai Electric Co., Ltd.",KRW,2026-09-26T00:36:51+00:00
267260.KS,2026-02-03,889000.0000,"HD Hyundai Electric Co., Ltd.",KRW,2026-09-26T00:36:51+00:00
267260.KS,2026-02-04,924000.0000,"HD Hyundai Electric Co., Ltd.",KRW,2026-09-26T00:36:51+00:00
267260.KS,2026-02-05,873000.0000,"HD Hyundai Electric Co., Ltd.",KRW,2026-09-26T00:36:51+00:00
267260.KS,2026-02-06,840000.0000,"HD Hyundai Electric Co., Ltd.",KRW,2026-09-26T00:36:51+00:00
267260.KS,2026-02-09,933000.0000,"HD Hyundai Electric Co., Ltd.",KRW,2026-09-26T00:36:51+00:00
267260.KS,2026-02-10,939000.0000,"HD Hyundai Electric Co., Ltd.",KRW,2026-09-26T00:36:51+00:00
267260.KS,2026-02-11,995000.0000,"HD Hyundai Electric Co., Ltd.",KRW,2026-09-26T00:36:51+00:00
267260.KS,2026-02-12,966000.0000,"HD Hyundai Electric Co., Ltd.",KRW,2026-09-26T00:36:51+00:00
267260.KS,2026-02-13,949000.0000,"HD Hyundai Electric Co., Ltd.",KRW,2026-09-26T00:36:51+00:00
267260.KS,2026-02-19,967000.0000,"HD Hyundai Electric Co., Ltd.",KRW,2026-09-26T00:36:51+00:00
267260.KS,2026-02-20,1011000.0000,"HD Hyundai Electric Co., Ltd.",KRW,2026-09-26T00:36:51+00:00
267260.KS,2026-02-23,1067000.0000,"HD Hyundai Electric Co., Ltd.",KRW,2026-09-26T00:36:51+00:00
267260.KS,2026-02-24,1070000.0000,"HD Hyundai Electric Co., Ltd.",KRW,2026-09-26T00:36:51+00:00
267260.KS,2026-02-25,1065000.0000,"HD Hyundai Electric Co., Ltd.",KRW,2026-09-26T00:36:51+00:00
267260.KS,2026-02-26,1111000.0000,"HD Hyundai Electric Co., Ltd.",KRW,2026-09-26T00:36:51+00:00
267260.KS,2026-02-27,1050000.0000,"HD Hyundai Electric Co., Ltd.",KRW,2026-09-26T00:36:51+00:00
267260.KS,2026-03-03,987000.0000,"HD Hyundai Electric Co., Ltd.",KRW,2026-09-26T00:36:51+00:00
267260.KS,2026-03-04,871000.0000,"HD Hyundai Electric Co., Ltd.",KRW,2026-09-26T00:36:51+00:00
267260.KS,2026-03-05,984000.0000,"HD Hyundai Electric Co., Ltd.",KRW,2026-09-26T00:36:51+00:00
267260.KS,2026-03-06,968000.0000,"HD Hyundai Electric Co., Ltd.",KRW,2026-09-26T00:36:51+00:00
267260.KS,2026-03-09,907000.0000,"HD Hyundai Electric Co., Ltd.",KRW,2026-09-26T00:36:51+00:00
267260.KS,2026-03-10,941000.0000,"HD Hyundai Electric Co., Ltd.",KRW,2026-09-26T00:36:51+00:00
267260.KS,2026-03-11,939000.0000,"HD Hyundai Electric Co., Ltd.",KRW,2026-09-26T00:36:51+00:00
267260.KS,2026-03-12,944000.0000,"HD Hyundai Electric Co., Ltd.",KRW,2026-09-26T00:36:51+00:00
267260.KS,2026-03-13,929000.0000,"HD Hyundai Electric Co., Ltd.",KRW,2026-09-26T00:36:51+00:00
267260.KS,2026-03-16,905000.0000,"HD Hyundai Electric Co., Ltd.",KRW,2026-09-26T00:36:51+00:00
267260.KS,2026-03-17,931000.0000,"HD Hyundai Electric Co., Ltd.",KRW,2026-09-26T00:36:51+00:00
267260.KS,2026-03-18,974000.0000,"HD Hyundai Electric Co., Ltd.",KRW,2026-09-26T00:36:51+00:00
267260.KS,2026-03-19,958000.0000,"HD Hyundai Electric Co., Ltd.",KRW,2026-09-26T00:36:51+00:00
267260.KS,2026-03-20,959000.0000,"HD Hyundai Electric Co., Ltd.",KRW,2026-09-26T00:36:51+00:00
267260.KS,2026-03-23,913000.0000,"HD Hyundai Electric Co., Ltd.",KRW,2026-09-26T00:36:51+00:00
267260.KS,2026-03-24,925000.0000,"HD Hyundai Electric Co., Ltd.",KRW,2026-09-26T00:36:51+00:00
267260.KS,2026-03-25,992000.0000,"HD Hyundai Electric Co., Ltd.",KRW,2026-09-26T00:36:51+00:00
267260.KS,2026-03-26,965000.0000,"HD Hyundai Electric Co., Ltd.",KRW,2026-09-26T00:36:51+00:00
267260.KS,2026-03-27,915000.0000,"HD Hyundai Electric Co., Ltd.",KRW,2026-09-26T00:36:51+00:00
267260.KS,2026-03-30,872000.0000,"HD Hyundai Electric Co., Ltd.",KRW,2026-09-26T00:36:51+00:00
267260.KS,2026-03-31,832000.0000,"HD Hyundai Electric Co., Ltd.",KRW,2026-09-26T00:36:51+00:00
267260.KS,2026-04-01,897000.0000,"HD Hyundai Electric Co., Ltd.",KRW,2026-09-26T00:36:51+00:00
267260.KS,2026-04-02,882000.0000,"HD Hyundai Electric Co., Ltd.",KRW,2026-09-26T00:36:51+00:00
267260.KS,2026-04-03,883000.0000,"HD Hyundai Electric Co., Ltd.",KRW,2026-09-26T00:36:51+00:00
267260.KS,2026-04-06,894000.0000,"HD Hyundai Electric Co., Ltd.",KRW,2026-09-26T00:36:51+00:00
267260.KS,2026-04-07,891000.0000,"HD Hyundai Electric Co., Ltd.",KRW,2026-09-26T00:36:51+00:00
267260.KS,2026-04-08,980000.0000,"HD Hyundai Electric Co., Ltd.",KRW,2026-09-26T00:36:51+00:00
267260.KS,2026-04-09,980000.0000,"HD Hyundai Electric Co., Ltd.",KRW,2026-09-26T00:36:51+00:00
267260.KS,2026-04-10,999000.0000,"HD Hyundai Electric Co., Ltd.",KRW,2026-09-26T00:36:51+00:00
267260.KS,2026-04-13,1007000.0000,"HD Hyundai Electric Co., Ltd.",KRW,2026-09-26T00:36:51+00:00
267260.KS,2026-04-14,1061000.0000,"HD Hyundai Electric Co., Ltd.",KRW,2026-09-26T00:36:51+00:00
267260.KS,2026-04-15,1050000.0000,"HD Hyundai Electric Co., Ltd.",KRW,2026-09-26T00:36:51+00:00
267260.KS,2026-04-16,1085000.0000,"HD Hyundai Electric Co., Ltd.",KRW,2026-09-26T00:36:51+00:00
267260.KS,2026-04-17,1087000.0000,"HD Hyundai Electric Co., Ltd.",KRW,2026-09-26T00:36:51+00:00
267260.KS,2026-04-20,1087000.0000,"HD Hyundai Electric Co., Ltd.",KRW,2026-09-26T00:36:51+00:00
267260.KS,2026-04-21,1058000.0000,"HD Hyundai Electric Co., Ltd.",KRW,2026-09-26T00:36:51+00:00
267260.KS,2026-04-22,1090000.0000,"HD Hyundai Electric Co., Ltd.",KRW,2026-09-26T00:36:51+00:00
267260.KS,2026-04-23,1129000.0000,"HD Hyundai Electric Co., Ltd.",KRW,2026-09-26T00:36:51+00:00
267260.KS,2026-04-24,1248000.0000,"HD Hyundai Electric Co., Ltd.",KRW,2026-09-26T00:36:51+00:00
267260.KS,2026-04-27,1306000.0000,"HD Hyundai Electric Co., Ltd.",KRW,2026-09-26T00:36:51+00:00
267260.KS,2026-04-28,1238000.0000,"HD Hyundai Electric Co., Ltd.",KRW,2026-09-26T00:36:51+00:00
267260.KS,2026-04-29,1260000.0000,"HD Hyundai Electric Co., Ltd.",KRW,2026-09-26T00:36:51+00:00
267260.KS,2026-04-30,1252000.0000,"HD Hyundai Electric Co., Ltd.",KRW,2026-09-26T00:36:51+00:00
267260.KS,2026-05-04,1299000.0000,"HD Hyundai Electric Co., Ltd.",KRW,2026-09-26T00:36:51+00:00
267260.KS,2026-05-06,1389000.0000,"HD Hyundai Electric Co., Ltd.",KRW,2026-09-26T00:36:51+00:00
267260.KS,2026-05-07,1420000.0000,"HD Hyundai Electric Co., Ltd.",KRW,2026-09-26T00:36:51+00:00
267260.KS,2026-05-08,1403000.0000,"HD Hyundai Electric Co., Ltd.",KRW,2026-09-26T00:36:51+00:00
267260.KS,2026-05-11,1362000.0000,"HD Hyundai Electric Co., Ltd.",KRW,2026-09-26T00:36:51+00:00
267260.KS,2026-05-12,1309000.0000,"HD Hyundai Electric Co., Ltd.",KRW,2026-09-26T00:36:51+00:00
267260.KS,2026-05-13,1280000.0000,"HD Hyundai Electric Co., Ltd.",KRW,2026-09-26T00:36:51+00:00
267260.KS,2026-05-14,1267000.0000,"HD Hyundai Electric Co., Ltd.",KRW,2026-09-26T00:36:51+00:00
267260.KS,2026-05-15,1179000.0000,"HD Hyundai Electric Co., Ltd.",KRW,2026-09-26T00:36:51+00:00
267260.KS,2026-05-18,1147000.0000,"HD Hyundai Electric Co., Ltd.",KRW,2026-09-26T00:36:51+00:00
267260.KS,2026-05-19,1095000.0000,"HD Hyundai Electric Co., Ltd.",KRW,2026-09-26T00:36:51+00:00
267260.KS,2026-05-20,1066000.0000,"HD Hyundai Electric Co., Ltd.",KRW,2026-09-26T00:36:51+00:00
267260.KS,2026-05-21,1136000.0000,"HD Hyundai Electric Co., Ltd.",KRW,2026-09-26T00:36:51+00:00
267260.KS,2026-05-22,1173000.0000,"HD Hyundai Electric Co., Ltd.",KRW,2026-09-26T00:36:51+00:00
267260.KS,2026-05-26,1148000.0000,"HD Hyundai Electric Co., Ltd.",KRW,2026-09-26T00:36:51+00:00
267260.KS,2026-05-27,1094000.0000,"HD Hyundai Electric Co., Ltd.",KRW,2026-09-26T00:36:51+00:00
267260.KS,2026-05-28,1047000.0000,"HD Hyundai Electric Co., Ltd.",KRW,2026-09-26T00:36:51+00:00
267260.KS,2026-05-29,1053000.0000,"HD Hyundai Electric Co., Ltd.",KRW,2026-09-26T00:36:51+00:00
267260.KS,2026-06-01,1066000.0000,"HD Hyundai Electric Co., Ltd.",KRW,2026-09-26T00:36:51+00:00
267260.KS,2026-06-02,995000.0000,"HD Hyundai Electric Co., Ltd.",KRW,2026-09-26T00:36:51+00:00
267260.KS,2026-06-04,999000.0000,"HD Hyundai Electric Co., Ltd.",KRW,2026-09-26T00:36:51+00:00
267260.KS,2026-06-05,956000.0000,"HD Hyundai Electric Co., Ltd.",KRW,2026-09-26T00:36:51+00:00
267260.KS,2026-06-08,889000.0000,"HD Hyundai Electric Co., Ltd.",KRW,2026-09-26T00:36:51+00:00
267260.KS,2026-06-09,944000.0000,"HD Hyundai Electric Co., Ltd.",KRW,2026-09-26T00:36:51+00:00
267260.KS,2026-06-10,986000.0000,"HD Hyundai Electric Co., Ltd.",KRW,2026-09-26T00:36:51+00:00
267260.KS,2026-06-11,1033000.0000,"HD Hyundai Electric Co., Ltd.",KRW,2026-09-26T00:36:51+00:00
267260.KS,2026-06-12,1130000.0000,"HD Hyundai Electric Co., Ltd.",KRW,2026-09-26T00:36:51+00:00
267260.KS,2026-06-15,1194000.0000,"HD Hyundai Electric Co., Ltd.",KRW,2026-09-26T00:36:51+00:00
267260.KS,2026-06-16,1114000.0000,"HD Hyundai Electric Co., Ltd.",KRW,2026-09-26T00:36:51+00:00
267260.KS,2026-06-17,1120000.0000,"HD Hyundai Electric Co., Ltd.",KRW,2026-09-26T00:36:51+00:00
267260.KS,2026-06-18,1087000.0000,"HD Hyundai Electric Co., Ltd.",KRW,2026-09-26T00:36:51+00:00
267260.KS,2026-06-19,1078000.0000,"HD Hyundai Electric Co., Ltd.",KRW,2026-09-26T00:36:51+00:00
267260.KS,2026-06-22,1033000.0000,"HD Hyundai Electric Co., Ltd.",KRW,2026-09-26T00:36:51+00:00
267260.KS,2026-06-23,949000.0000,"HD Hyundai Electric Co., Ltd.",KRW,2026-09-26T00:36:51+00:00
267260.KS,2026-06-24,937000.0000,"HD Hyundai Electric Co., Ltd.",KRW,2026-09-26T00:36:51+00:00
267260.KS,2026-06-25,950000.0000,"HD Hyundai Electric Co., Ltd.",KRW,2026-09-26T00:36:51+00:00
267260.KS,2026-06-26,883000.0000,"HD Hyundai Electric Co., Ltd.",KRW,2026-09-26T00:36:51+00:00
267260.KS,2026-06-29,937000.0000,"HD Hyundai Electric Co., Ltd.",KRW,2026-09-26T00:36:51+00:00
267260.KS,2026-06-30,972000.0000,"HD Hyundai Electric Co., Ltd.",KRW,2026-09-26T00:36:51+00:00
267260.KS,2026-07-01,1012000.0000,"HD Hyundai Electric Co., Ltd.",KRW,2026-09-26T00:36:51+00:00
267260.KS,2026-07-02,969000.0000,"HD Hyundai Electric Co., Ltd.",KRW,2026-09-26T00:36:51+00:00
267260.KS,2026-07-03,945000.0000,"HD Hyundai Electric Co., Ltd.",KRW,2026-09-26T00:36:51+00:00
267260.KS,2026-07-06,929000.0000,"HD Hyundai Electric Co., Ltd.",KRW,2026-09-26T00:36:51+00:00
267260.KS,2026-07-07,899000.0000,"HD Hyundai Electric Co., Ltd.",KRW,2026-09-26T00:36:51+00:00
267260.KS,2026-07-08,814000.0000,"HD Hyundai Electric Co., Ltd.",KRW,2026-09-26T00:36:51+00:00
267260.KS,2026-07-09,815000.0000,"HD Hyundai Electric Co., Ltd.",KRW,2026-09-26T00:36:51+00:00
267260.KS,2026-07-10,851000.0000,"HD Hyundai Electric Co., Ltd.",KRW,2026-09-26T00:36:51+00:00
267260.KS,2026-07-13,788000.0000,"HD Hyundai Electric Co., Ltd.",KRW,2026-09-26T00:36:51+00:00
267260.KS,2026-07-14,797000.0000,"HD Hyundai Electric Co., Ltd.",KRW,2026-09-26T00:36:51+00:00
267260.KS,2026-07-15,823000.0000,"HD Hyundai Electric Co., Ltd.",KRW,2026-09-26T00:36:51+00:00
267260.KS,2026-07-16,797000.0000,"HD Hyundai Electric Co., Ltd.",KRW,2026-09-26T00:36:51+00:00
267260.KS,2026-07-20,752000.0000,"HD Hyundai Electric Co., Ltd.",KRW,2026-09-26T00:36:51+00:00
267260.KS,2026-07-21,778000.0000,"HD Hyundai Electric Co., Ltd.",KRW,2026-09-26T00:36:51+00:00
267260.KS,2026-07-22,795000.0000,"HD Hyundai Electric Co., Ltd.",KRW,2026-09-26T00:36:51+00:00
267260.KS,2026-07-23,869000.0000,"HD Hyundai Electric Co., Ltd.",KRW,2026-09-26T00:36:51+00:00
267260.KS,2026-07-24,810000.0000,"HD Hyundai Electric Co., Ltd.",KRW,2026-09-26T00:36:51+00:00
267260.KS,2026-07-27,797000.0000,"HD Hyundai Electric Co., Ltd.",KRW,2026-09-26T00:36:51+00:00
267260.KS,2026-07-28,705000.0000,"HD Hyundai Electric Co., Ltd.",KRW,2026-09-26T00:36:51+00:00
267260.KS,2026-07-29,586000.0000,"HD Hyundai Electric Co., Ltd.",KRW,2026-09-26T00:36:51+00:00
267260.KS,2026-07-30,583000.0000,"HD Hyundai Electric Co., Ltd.",KRW,2026-09-26T00:36:51+00:00
267260.KS,2026-07-31,684000.0000,"HD Hyundai Electric Co., Ltd.",KRW,2026-09-26T00:36:51+00:00
267260.KS,2026-08-03,673000.0000,"HD Hyundai Electric Co., Ltd.",KRW,2026-09-26T00:36:51+00:00
267260.KS,2026-08-04,716000.0000,"HD Hyundai Electric Co., Ltd.",KRW,2026-09-26T00:36:51+00:00
267260.KS,2026-08-05,772000.0000,"HD Hyundai Electric Co., Ltd.",KRW,2026-09-26T00:36:51+00:00
267260.KS,2026-08-06,761000.0000,"HD Hyundai Electric Co., Ltd.",KRW,2026-09-26T00:36:51+00:00
267260.KS,2026-08-07,762000.0000,"HD Hyundai Electric Co., Ltd.",KRW,2026-09-26T00:36:51+00:00
267260.KS,2026-08-10,764000.0000,"HD Hyundai Electric Co., Ltd.",KRW,2026-09-26T00:36:51+00:00
267260.KS,2026-08-11,739000.0000,"HD Hyundai Electric Co., Ltd.",KRW,2026-09-26T00:36:51+00:00
267260.KS,2026-08-12,782000.0000,"HD Hyundai Electric Co., Ltd.",KRW,2026-09-26T00:36:51+00:00
267260.KS,2026-08-13,785000.0000,"HD Hyundai Electric Co., Ltd.",KRW,2026-09-26T00:36:51+00:00
267260.KS,2026-08-14,803000.0000,"HD Hyundai Electric Co., Ltd.",KRW,2026-09-26T00:36:51+00:00
267260.KS,2026-08-18,785000.0000,"HD Hyundai Electric Co., Ltd.",KRW,2026-09-26T00:36:51+00:00
267260.KS,2026-08-19,752000.0000,"HD Hyundai Electric Co., Ltd.",KRW,2026-09-26T00:36:51+00:00
267260.KS,2026-08-20,746000.0000,"HD Hyundai Electric Co., Ltd.",KRW,2026-09-26T00:36:51+00:00
267260.KS,2026-08-21,718000.0000,"HD Hyundai Electric Co., Ltd.",KRW,2026-09-26T00:36:51+00:00
267260.KS,2026-08-24,720000.0000,"HD Hyundai Electric Co., Ltd.",KRW,2026-09-26T00:36:51+00:00
267260.KS,2026-08-25,719000.0000,"HD Hyundai Electric Co., Ltd.",KRW,2026-09-26T00:36:51+00:00
267260.KS,2026-08-26,733000.0000,"HD Hyundai Electric Co., Ltd.",KRW,2026-09-26T00:36:51+00:00
267260.KS,2026-08-27,821000.0000,"HD Hyundai Electric Co., Ltd.",KRW,2026-09-26T00:36:51+00:00
267260.KS,2026-08-28,814000.0000,"HD Hyundai Electric Co., Ltd.",KRW,2026-09-26T00:36:51+00:00
267260.KS,2026-08-31,781000.0000,"HD Hyundai Electric Co., Ltd.",KRW,2026-09-26T00:36:51+00:00
267260.KS,2026-09-01,769000.0000,"HD Hyundai Electric Co., Ltd.",KRW,2026-09-26T00:36:51+00:00
267260.KS,2026-09-02,711000.0000,"HD Hyundai Electric Co., Ltd.",KRW,2026-09-26T00:36:51+00:00
267260.KS,2026-09-03,706000.0000,"HD Hyundai Electric Co., Ltd.",KRW,2026-09-26T00:36:51+00:00
267260.KS,2026-09-04,714000.0000,"HD Hyundai Electric Co., Ltd.",KRW,2026-09-26T00:36:51+00:00
267260.KS,2026-09-07,763000.0000,"HD Hyundai Electric Co., Ltd.",KRW,2026-09-26T00:36:51+00:00
267260.KS,2026-09-08,728000.0000,"HD Hyundai Electric Co., Ltd.",KRW,2026-09-26T00:36:51+00:00
267260.KS,2026-09-09,751000.0000,"HD Hyundai Electric Co., Ltd.",KRW,2026-09-26T00:36:51+00:00
267260.KS,2026-09-10,746000.0000,"HD Hyundai Electric Co., Ltd.",KRW,2026-09-26T00:36:51+00:00
267260.KS,2026-09-11,747000.0000,"HD Hyundai Electric Co., Ltd.",KRW,2026-09-26T00:36:51+00:00
267260.KS,2026-09-14,739000.0000,"HD Hyundai Electric Co., Ltd.",KRW,2026-09-26T00:36:51+00:00
267260.KS,2026-09-15,700000.0000,"HD Hyundai Electric Co., Ltd.",KRW,2026-09-26T00:36:51+00:00
267260.KS,2026-09-16,707000.0000,"HD Hyundai Electric Co., Ltd.",KRW,2026-09-26T00:36:51+00:00
267260.KS,2026-09-17,712000.0000,"HD Hyundai Electric Co., Ltd.",KRW,2026-09-26T00:36:51+00:00
267260.KS,2026-09-18,725000.0000,"HD Hyundai Electric Co., Ltd.",KRW,2026-09-26T00:36:51+00:00
267260.KS,2026-09-21,714000.0000,"HD Hyundai Electric Co., Ltd.",KRW,2026-09-26T00:36:51+00:00
267260.KS,2026-09-22,714000.0000,"HD Hyundai Electric Co., Ltd.",KRW,2026-09-26T00:36:51+00:00
267260.KS,2026-09-23,708000.0000,"HD Hyundai Electric Co., Ltd.",KRW,2026-09-26T00:36:51+00:00
285A.T,2025-07-31,2478.0000,Kioxia Holdings Corporation,JPY,2026-09-24T23:11:57+00:00
285A.T,2025-08-01,2424.0000,Kioxia Holdings Corporation,JPY,2026-09-25T23:17:43+00:00
285A.T,2025-08-04,2382.0000,Kioxia Holdings Corporation,JPY,2026-09-26T00:36:51+00:00
285A.T,2025-08-05,2370.0000,Kioxia Holdings Corporation,JPY,2026-09-26T00:36:51+00:00
285A.T,2025-08-06,2333.0000,Kioxia Holdings Corporation,JPY,2026-09-26T00:36:51+00:00
285A.T,2025-08-07,2300.0000,Kioxia Holdings Corporation,JPY,2026-09-26T00:36:51+00:00
285A.T,2025-08-08,2364.0000,Kioxia Holdings Corporation,JPY,2026-09-26T00:36:51+00:00
285A.T,2025-08-12,2618.0000,Kioxia Holdings Corporation,JPY,2026-09-26T00:36:51+00:00
285A.T,2025-08-13,2578.0000,Kioxia Holdings Corporation,JPY,2026-09-26T00:36:51+00:00
285A.T,2025-08-14,2555.0000,Kioxia Holdings Corporation,JPY,2026-09-26T00:36:51+00:00
285A.T,2025-08-15,2560.0000,Kioxia Holdings Corporation,JPY,2026-09-26T00:36:51+00:00
285A.T,2025-08-18,2442.0000,Kioxia Holdings Corporation,JPY,2026-09-26T00:36:51+00:00
285A.T,2025-08-19,2473.0000,Kioxia Holdings Corporation,JPY,2026-09-26T00:36:51+00:00
285A.T,2025-08-20,2358.0000,Kioxia Holdings Corporation,JPY,2026-09-26T00:36:51+00:00
285A.T,2025-08-21,2305.0000,Kioxia Holdings Corporation,JPY,2026-09-26T00:36:51+00:00
285A.T,2025-08-22,2403.0000,Kioxia Holdings Corporation,JPY,2026-09-26T00:36:51+00:00
285A.T,2025-08-25,2392.0000,Kioxia Holdings Corporation,JPY,2026-09-26T00:36:51+00:00
285A.T,2025-08-26,2433.0000,Kioxia Holdings Corporation,JPY,2026-09-26T00:36:51+00:00
285A.T,2025-08-27,2415.0000,Kioxia Holdings Corporation,JPY,2026-09-26T00:36:51+00:00
285A.T,2025-08-28,2471.0000,Kioxia Holdings Corporation,JPY,2026-09-26T00:36:51+00:00
285A.T,2025-08-29,2596.0000,Kioxia Holdings Corporation,JPY,2026-09-26T00:36:51+00:00
285A.T,2025-09-01,2676.0000,Kioxia Holdings Corporation,JPY,2026-09-26T00:36:51+00:00
285A.T,2025-09-02,2616.0000,Kioxia Holdings Corporation,JPY,2026-09-26T00:36:51+00:00
285A.T,2025-09-03,2623.0000,Kioxia Holdings Corporation,JPY,2026-09-26T00:36:51+00:00
285A.T,2025-09-04,2626.0000,Kioxia Holdings Corporation,JPY,2026-09-26T00:36:51+00:00
285A.T,2025-09-05,3065.0000,Kioxia Holdings Corporation,JPY,2026-09-26T00:36:51+00:00
285A.T,2025-09-08,3150.0000,Kioxia Holdings Corporation,JPY,2026-09-26T00:36:51+00:00
285A.T,2025-09-09,3175.0000,Kioxia Holdings Corporation,JPY,2026-09-26T00:36:51+00:00
285A.T,2025-09-10,3485.0000,Kioxia Holdings Corporation,JPY,2026-09-26T00:36:51+00:00
285A.T,2025-09-11,4005.0000,Kioxia Holdings Corporation,JPY,2026-09-26T00:36:51+00:00
285A.T,2025-09-12,4440.0000,Kioxia Holdings Corporation,JPY,2026-09-26T00:36:51+00:00
285A.T,2025-09-16,4705.0000,Kioxia Holdings Corporation,JPY,2026-09-26T00:36:51+00:00
285A.T,2025-09-17,4440.0000,Kioxia Holdings Corporation,JPY,2026-09-26T00:36:51+00:00
285A.T,2025-09-18,4520.0000,Kioxia Holdings Corporation,JPY,2026-09-26T00:36:51+00:00
285A.T,2025-09-19,4530.0000,Kioxia Holdings Corporation,JPY,2026-09-26T00:36:51+00:00
285A.T,2025-09-22,4820.0000,Kioxia Holdings Corporation,JPY,2026-09-26T00:36:51+00:00
285A.T,2025-09-24,4950.0000,Kioxia Holdings Corporation,JPY,2026-09-26T00:36:51+00:00
285A.T,2025-09-25,4890.0000,Kioxia Holdings Corporation,JPY,2026-09-26T00:36:51+00:00
285A.T,2025-09-26,4395.0000,Kioxia Holdings Corporation,JPY,2026-09-26T00:36:51+00:00
285A.T,2025-09-29,4675.0000,Kioxia Holdings Corporation,JPY,2026-09-26T00:36:51+00:00
285A.T,2025-09-30,4875.0000,Kioxia Holdings Corporation,JPY,2026-09-26T00:36:51+00:00
285A.T,2025-10-01,4705.0000,Kioxia Holdings Corporation,JPY,2026-09-26T00:36:51+00:00
285A.T,2025-10-02,5410.0000,Kioxia Holdings Corporation,JPY,2026-09-26T00:36:51+00:00
285A.T,2025-10-03,6180.0000,Kioxia Holdings Corporation,JPY,2026-09-26T00:36:51+00:00
285A.T,2025-10-06,6320.0000,Kioxia Holdings Corporation,JPY,2026-09-26T00:36:51+00:00
285A.T,2025-10-07,5900.0000,Kioxia Holdings Corporation,JPY,2026-09-26T00:36:51+00:00
285A.T,2025-10-08,5880.0000,Kioxia Holdings Corporation,JPY,2026-09-26T00:36:51+00:00
285A.T,2025-10-09,6220.0000,Kioxia Holdings Corporation,JPY,2026-09-26T00:36:51+00:00
285A.T,2025-10-10,6160.0000,Kioxia Holdings Corporation,JPY,2026-09-26T00:36:51+00:00
285A.T,2025-10-14,6000.0000,Kioxia Holdings Corporation,JPY,2026-09-26T00:36:51+00:00
285A.T,2025-10-15,6320.0000,Kioxia Holdings Corporation,JPY,2026-09-26T00:36:51+00:00
285A.T,2025-10-16,6880.0000,Kioxia Holdings Corporation,JPY,2026-09-26T00:36:51+00:00
285A.T,2025-10-17,6560.0000,Kioxia Holdings Corporation,JPY,2026-09-26T00:36:51+00:00
285A.T,2025-10-20,7150.0000,Kioxia Holdings Corporation,JPY,2026-09-26T00:36:51+00:00
285A.T,2025-10-21,7040.0000,Kioxia Holdings Corporation,JPY,2026-09-26T00:36:51+00:00
285A.T,2025-10-22,7310.0000,Kioxia Holdings Corporation,JPY,2026-09-26T00:36:51+00:00
285A.T,2025-10-23,7370.0000,Kioxia Holdings Corporation,JPY,2026-09-26T00:36:51+00:00
285A.T,2025-10-24,8780.0000,Kioxia Holdings Corporation,JPY,2026-09-26T00:36:51+00:00
285A.T,2025-10-27,9810.0000,Kioxia Holdings Corporation,JPY,2026-09-26T00:36:51+00:00
285A.T,2025-10-28,9380.0000,Kioxia Holdings Corporation,JPY,2026-09-26T00:36:51+00:00
285A.T,2025-10-29,10080.0000,Kioxia Holdings Corporation,JPY,2026-09-26T00:36:51+00:00
285A.T,2025-10-30,10900.0000,Kioxia Holdings Corporation,JPY,2026-09-26T00:36:51+00:00
285A.T,2025-10-31,10825.0000,Kioxia Holdings Corporation,JPY,2026-09-26T00:36:51+00:00
285A.T,2025-11-04,10760.0000,Kioxia Holdings Corporation,JPY,2026-09-26T00:36:51+00:00
285A.T,2025-11-05,10545.0000,Kioxia Holdings Corporation,JPY,2026-09-26T00:36:51+00:00
285A.T,2025-11-06,11500.0000,Kioxia Holdings Corporation,JPY,2026-09-26T00:36:51+00:00
285A.T,2025-11-07,12040.0000,Kioxia Holdings Corporation,JPY,2026-09-26T00:36:51+00:00
285A.T,2025-11-10,13320.0000,Kioxia Holdings Corporation,JPY,2026-09-26T00:36:51+00:00
285A.T,2025-11-11,13195.0000,Kioxia Holdings Corporation,JPY,2026-09-26T00:36:51+00:00
285A.T,2025-11-12,13240.0000,Kioxia Holdings Corporation,JPY,2026-09-26T00:36:51+00:00
285A.T,2025-11-13,13025.0000,Kioxia Holdings Corporation,JPY,2026-09-26T00:36:51+00:00
285A.T,2025-11-14,10025.0000,Kioxia Holdings Corporation,JPY,2026-09-26T00:36:51+00:00
285A.T,2025-11-17,11165.0000,Kioxia Holdings Corporation,JPY,2026-09-26T00:36:51+00:00
285A.T,2025-11-18,10260.0000,Kioxia Holdings Corporation,JPY,2026-09-26T00:36:51+00:00
285A.T,2025-11-19,10835.0000,Kioxia Holdings Corporation,JPY,2026-09-26T00:36:51+00:00
285A.T,2025-11-20,11335.0000,Kioxia Holdings Corporation,JPY,2026-09-26T00:36:51+00:00
285A.T,2025-11-21,10030.0000,Kioxia Holdings Corporation,JPY,2026-09-26T00:36:51+00:00
285A.T,2025-11-25,9853.0000,Kioxia Holdings Corporation,JPY,2026-09-26T00:36:51+00:00
285A.T,2025-11-26,8386.0000,Kioxia Holdings Corporation,JPY,2026-09-26T00:36:51+00:00
285A.T,2025-11-27,9049.0000,Kioxia Holdings Corporation,JPY,2026-09-26T00:36:51+00:00
285A.T,2025-11-28,9406.0000,Kioxia Holdings Corporation,JPY,2026-09-26T00:36:51+00:00
285A.T,2025-12-01,8882.0000,Kioxia Holdings Corporation,JPY,2026-09-26T00:36:51+00:00
285A.T,2025-12-02,9217.0000,Kioxia Holdings Corporation,JPY,2026-09-26T00:36:51+00:00
285A.T,2025-12-03,9011.0000,Kioxia Holdings Corporation,JPY,2026-09-26T00:36:51+00:00
285A.T,2025-12-04,9070.0000,Kioxia Holdings Corporation,JPY,2026-09-26T00:36:51+00:00
285A.T,2025-12-05,9430.0000,Kioxia Holdings Corporation,JPY,2026-09-26T00:36:51+00:00
285A.T,2025-12-08,10150.0000,Kioxia Holdings Corporation,JPY,2026-09-26T00:36:51+00:00
285A.T,2025-12-09,9874.0000,Kioxia Holdings Corporation,JPY,2026-09-26T00:36:51+00:00
285A.T,2025-12-10,9470.0000,Kioxia Holdings Corporation,JPY,2026-09-26T00:36:51+00:00
285A.T,2025-12-11,9610.0000,Kioxia Holdings Corporation,JPY,2026-09-26T00:36:51+00:00
285A.T,2025-12-12,9890.0000,Kioxia Holdings Corporation,JPY,2026-09-26T00:36:51+00:00
285A.T,2025-12-15,9200.0000,Kioxia Holdings Corporation,JPY,2026-09-26T00:36:51+00:00
285A.T,2025-12-16,8688.0000,Kioxia Holdings Corporation,JPY,2026-09-26T00:36:51+00:00
285A.T,2025-12-17,9300.0000,Kioxia Holdings Corporation,JPY,2026-09-26T00:36:51+00:00
285A.T,2025-12-18,9510.0000,Kioxia Holdings Corporation,JPY,2026-09-26T00:36:51+00:00
285A.T,2025-12-19,9340.0000,Kioxia Holdings Corporation,JPY,2026-09-26T00:36:51+00:00
285A.T,2025-12-22,10125.0000,Kioxia Holdings Corporation,JPY,2026-09-26T00:36:51+00:00
285A.T,2025-12-23,9952.0000,Kioxia Holdings Corporation,JPY,2026-09-26T00:36:51+00:00
285A.T,2025-12-24,10605.0000,Kioxia Holdings Corporation,JPY,2026-09-26T00:36:51+00:00
285A.T,2025-12-25,10795.0000,Kioxia Holdings Corporation,JPY,2026-09-26T00:36:51+00:00
285A.T,2025-12-26,11415.0000,Kioxia Holdings Corporation,JPY,2026-09-26T00:36:51+00:00
285A.T,2025-12-29,10675.0000,Kioxia Holdings Corporation,JPY,2026-09-26T00:36:51+00:00
285A.T,2025-12-30,10435.0000,Kioxia Holdings Corporation,JPY,2026-09-26T00:36:51+00:00
285A.T,2026-01-05,11350.0000,Kioxia Holdings Corporation,JPY,2026-09-26T00:36:51+00:00
285A.T,2026-01-06,11600.0000,Kioxia Holdings Corporation,JPY,2026-09-26T00:36:51+00:00
285A.T,2026-01-07,12690.0000,Kioxia Holdings Corporation,JPY,2026-09-26T00:36:51+00:00
285A.T,2026-01-08,13000.0000,Kioxia Holdings Corporation,JPY,2026-09-26T00:36:51+00:00
285A.T,2026-01-09,12690.0000,Kioxia Holdings Corporation,JPY,2026-09-26T00:36:51+00:00
285A.T,2026-01-13,13685.0000,Kioxia Holdings Corporation,JPY,2026-09-26T00:36:51+00:00
285A.T,2026-01-14,13280.0000,Kioxia Holdings Corporation,JPY,2026-09-26T00:36:51+00:00
285A.T,2026-01-15,13630.0000,Kioxia Holdings Corporation,JPY,2026-09-26T00:36:51+00:00
285A.T,2026-01-16,14750.0000,Kioxia Holdings Corporation,JPY,2026-09-26T00:36:51+00:00
285A.T,2026-01-19,15210.0000,Kioxia Holdings Corporation,JPY,2026-09-26T00:36:51+00:00
285A.T,2026-01-20,15205.0000,Kioxia Holdings Corporation,JPY,2026-09-26T00:36:51+00:00
285A.T,2026-01-21,16500.0000,Kioxia Holdings Corporation,JPY,2026-09-26T00:36:51+00:00
285A.T,2026-01-22,17910.0000,Kioxia Holdings Corporation,JPY,2026-09-26T00:36:51+00:00
285A.T,2026-01-23,17335.0000,Kioxia Holdings Corporation,JPY,2026-09-26T00:36:51+00:00
285A.T,2026-01-26,17450.0000,Kioxia Holdings Corporation,JPY,2026-09-26T00:36:51+00:00
285A.T,2026-01-27,18450.0000,Kioxia Holdings Corporation,JPY,2026-09-26T00:36:51+00:00
285A.T,2026-01-28,18945.0000,Kioxia Holdings Corporation,JPY,2026-09-26T00:36:51+00:00
285A.T,2026-01-29,19245.0000,Kioxia Holdings Corporation,JPY,2026-09-26T00:36:51+00:00
285A.T,2026-01-30,21360.0000,Kioxia Holdings Corporation,JPY,2026-09-26T00:36:51+00:00
285A.T,2026-02-02,18360.0000,Kioxia Holdings Corporation,JPY,2026-09-26T00:36:51+00:00
285A.T,2026-02-03,20785.0000,Kioxia Holdings Corporation,JPY,2026-09-26T00:36:51+00:00
285A.T,2026-02-04,20900.0000,Kioxia Holdings Corporation,JPY,2026-09-26T00:36:51+00:00
285A.T,2026-02-05,19530.0000,Kioxia Holdings Corporation,JPY,2026-09-26T00:36:51+00:00
285A.T,2026-02-06,19095.0000,Kioxia Holdings Corporation,JPY,2026-09-26T00:36:51+00:00
285A.T,2026-02-09,18900.0000,Kioxia Holdings Corporation,JPY,2026-09-26T00:36:51+00:00
285A.T,2026-02-10,18845.0000,Kioxia Holdings Corporation,JPY,2026-09-26T00:36:51+00:00
285A.T,2026-02-12,21175.0000,Kioxia Holdings Corporation,JPY,2026-09-26T00:36:51+00:00
285A.T,2026-02-13,22845.0000,Kioxia Holdings Corporation,JPY,2026-09-26T00:36:51+00:00
285A.T,2026-02-16,22300.0000,Kioxia Holdings Corporation,JPY,2026-09-26T00:36:51+00:00
285A.T,2026-02-17,22370.0000,Kioxia Holdings Corporation,JPY,2026-09-26T00:36:51+00:00
285A.T,2026-02-18,21420.0000,Kioxia Holdings Corporation,JPY,2026-09-26T00:36:51+00:00
285A.T,2026-02-19,21250.0000,Kioxia Holdings Corporation,JPY,2026-09-26T00:36:51+00:00
285A.T,2026-02-20,20560.0000,Kioxia Holdings Corporation,JPY,2026-09-26T00:36:51+00:00
285A.T,2026-02-24,22270.0000,Kioxia Holdings Corporation,JPY,2026-09-26T00:36:51+00:00
285A.T,2026-02-25,21465.0000,Kioxia Holdings Corporation,JPY,2026-09-26T00:36:51+00:00
285A.T,2026-02-26,21240.0000,Kioxia Holdings Corporation,JPY,2026-09-26T00:36:51+00:00
285A.T,2026-02-27,21210.0000,Kioxia Holdings Corporation,JPY,2026-09-26T00:36:51+00:00
285A.T,2026-03-02,21515.0000,Kioxia Holdings Corporation,JPY,2026-09-26T00:36:51+00:00
285A.T,2026-03-03,20200.0000,Kioxia Holdings Corporation,JPY,2026-09-26T00:36:51+00:00
285A.T,2026-03-04,19245.0000,Kioxia Holdings Corporation,JPY,2026-09-26T00:36:51+00:00
285A.T,2026-03-05,20300.0000,Kioxia Holdings Corporation,JPY,2026-09-26T00:36:51+00:00
285A.T,2026-03-06,19975.0000,Kioxia Holdings Corporation,JPY,2026-09-26T00:36:51+00:00
285A.T,2026-03-09,18030.0000,Kioxia Holdings Corporation,JPY,2026-09-26T00:36:51+00:00
285A.T,2026-03-10,19570.0000,Kioxia Holdings Corporation,JPY,2026-09-26T00:36:51+00:00
285A.T,2026-03-11,21380.0000,Kioxia Holdings Corporation,JPY,2026-09-26T00:36:51+00:00
285A.T,2026-03-12,21245.0000,Kioxia Holdings Corporation,JPY,2026-09-26T00:36:51+00:00
285A.T,2026-03-13,21065.0000,Kioxia Holdings Corporation,JPY,2026-09-26T00:36:51+00:00
285A.T,2026-03-16,22615.0000,Kioxia Holdings Corporation,JPY,2026-09-26T00:36:51+00:00
285A.T,2026-03-17,21610.0000,Kioxia Holdings Corporation,JPY,2026-09-26T00:36:51+00:00
285A.T,2026-03-18,23390.0000,Kioxia Holdings Corporation,JPY,2026-09-26T00:36:51+00:00
285A.T,2026-03-19,22360.0000,Kioxia Holdings Corporation,JPY,2026-09-26T00:36:51+00:00
285A.T,2026-03-23,21465.0000,Kioxia Holdings Corporation,JPY,2026-09-26T00:36:51+00:00
285A.T,2026-03-24,21100.0000,Kioxia Holdings Corporation,JPY,2026-09-26T00:36:51+00:00
285A.T,2026-03-25,22445.0000,Kioxia Holdings Corporation,JPY,2026-09-26T00:36:51+00:00
285A.T,2026-03-26,21165.0000,Kioxia Holdings Corporation,JPY,2026-09-26T00:36:51+00:00
285A.T,2026-03-27,20270.0000,Kioxia Holdings Corporation,JPY,2026-09-26T00:36:51+00:00
285A.T,2026-03-30,20020.0000,Kioxia Holdings Corporation,JPY,2026-09-26T00:36:51+00:00
285A.T,2026-03-31,19080.0000,Kioxia Holdings Corporation,JPY,2026-09-26T00:36:51+00:00
285A.T,2026-04-01,21800.0000,Kioxia Holdings Corporation,JPY,2026-09-26T00:36:51+00:00
285A.T,2026-04-02,21095.0000,Kioxia Holdings Corporation,JPY,2026-09-26T00:36:51+00:00
285A.T,2026-04-03,21850.0000,Kioxia Holdings Corporation,JPY,2026-09-26T00:36:51+00:00
285A.T,2026-04-06,22800.0000,Kioxia Holdings Corporation,JPY,2026-09-26T00:36:51+00:00
285A.T,2026-04-07,23270.0000,Kioxia Holdings Corporation,JPY,2026-09-26T00:36:51+00:00
285A.T,2026-04-08,27600.0000,Kioxia Holdings Corporation,JPY,2026-09-26T00:36:51+00:00
285A.T,2026-04-09,27700.0000,Kioxia Holdings Corporation,JPY,2026-09-26T00:36:51+00:00
285A.T,2026-04-10,30140.0000,Kioxia Holdings Corporation,JPY,2026-09-26T00:36:51+00:00
285A.T,2026-04-13,31270.0000,Kioxia Holdings Corporation,JPY,2026-09-26T00:36:51+00:00
285A.T,2026-04-14,35000.0000,Kioxia Holdings Corporation,JPY,2026-09-26T00:36:51+00:00
285A.T,2026-04-15,32410.0000,Kioxia Holdings Corporation,JPY,2026-09-26T00:36:51+00:00
285A.T,2026-04-16,33870.0000,Kioxia Holdings Corporation,JPY,2026-09-26T00:36:51+00:00
285A.T,2026-04-17,30530.0000,Kioxia Holdings Corporation,JPY,2026-09-26T00:36:51+00:00
285A.T,2026-04-20,30510.0000,Kioxia Holdings Corporation,JPY,2026-09-26T00:36:51+00:00
285A.T,2026-04-21,32740.0000,Kioxia Holdings Corporation,JPY,2026-09-26T00:36:51+00:00
285A.T,2026-04-22,34800.0000,Kioxia Holdings Corporation,JPY,2026-09-26T00:36:51+00:00
285A.T,2026-04-23,35380.0000,Kioxia Holdings Corporation,JPY,2026-09-26T00:36:51+00:00
285A.T,2026-04-24,34580.0000,Kioxia Holdings Corporation,JPY,2026-09-26T00:36:51+00:00
285A.T,2026-04-27,35470.0000,Kioxia Holdings Corporation,JPY,2026-09-26T00:36:51+00:00
285A.T,2026-04-28,36320.0000,Kioxia Holdings Corporation,JPY,2026-09-26T00:36:51+00:00
285A.T,2026-04-30,37560.0000,Kioxia Holdings Corporation,JPY,2026-09-26T00:36:51+00:00
285A.T,2026-05-01,36410.0000,Kioxia Holdings Corporation,JPY,2026-09-26T00:36:51+00:00
285A.T,2026-05-07,43410.0000,Kioxia Holdings Corporation,JPY,2026-09-26T00:36:51+00:00
285A.T,2026-05-08,44490.0000,Kioxia Holdings Corporation,JPY,2026-09-26T00:36:51+00:00
285A.T,2026-05-11,45940.0000,Kioxia Holdings Corporation,JPY,2026-09-26T00:36:51+00:00
285A.T,2026-05-12,46100.0000,Kioxia Holdings Corporation,JPY,2026-09-26T00:36:51+00:00
285A.T,2026-05-13,50500.0000,Kioxia Holdings Corporation,JPY,2026-09-26T00:36:51+00:00
285A.T,2026-05-14,48460.0000,Kioxia Holdings Corporation,JPY,2026-09-26T00:36:51+00:00
285A.T,2026-05-15,44450.0000,Kioxia Holdings Corporation,JPY,2026-09-26T00:36:51+00:00
285A.T,2026-05-18,51450.0000,Kioxia Holdings Corporation,JPY,2026-09-26T00:36:51+00:00
285A.T,2026-05-19,49770.0000,Kioxia Holdings Corporation,JPY,2026-09-26T00:36:51+00:00
285A.T,2026-05-20,51290.0000,Kioxia Holdings Corporation,JPY,2026-09-26T00:36:51+00:00
285A.T,2026-05-21,55340.0000,Kioxia Holdings Corporation,JPY,2026-09-26T00:36:51+00:00
285A.T,2026-05-22,57400.0000,Kioxia Holdings Corporation,JPY,2026-09-26T00:36:51+00:00
285A.T,2026-05-25,65450.0000,Kioxia Holdings Corporation,JPY,2026-09-26T00:36:51+00:00
285A.T,2026-05-26,62460.0000,Kioxia Holdings Corporation,JPY,2026-09-26T00:36:51+00:00
285A.T,2026-05-27,60550.0000,Kioxia Holdings Corporation,JPY,2026-09-26T00:36:51+00:00
285A.T,2026-05-28,61280.0000,Kioxia Holdings Corporation,JPY,2026-09-26T00:36:51+00:00
285A.T,2026-05-29,65850.0000,Kioxia Holdings Corporation,JPY,2026-09-26T00:36:51+00:00
285A.T,2026-06-01,72500.0000,Kioxia Holdings Corporation,JPY,2026-09-26T00:36:51+00:00
285A.T,2026-06-02,77540.0000,Kioxia Holdings Corporation,JPY,2026-09-26T00:36:51+00:00
285A.T,2026-06-03,78080.0000,Kioxia Holdings Corporation,JPY,2026-09-26T00:36:51+00:00
285A.T,2026-06-04,76920.0000,Kioxia Holdings Corporation,JPY,2026-09-26T00:36:51+00:00
285A.T,2026-06-05,78140.0000,Kioxia Holdings Corporation,JPY,2026-09-26T00:36:51+00:00
285A.T,2026-06-08,71880.0000,Kioxia Holdings Corporation,JPY,2026-09-26T00:36:51+00:00
285A.T,2026-06-09,76450.0000,Kioxia Holdings Corporation,JPY,2026-09-26T00:36:51+00:00
285A.T,2026-06-10,70500.0000,Kioxia Holdings Corporation,JPY,2026-09-26T00:36:51+00:00
285A.T,2026-06-11,75440.0000,Kioxia Holdings Corporation,JPY,2026-09-26T00:36:51+00:00
285A.T,2026-06-12,81200.0000,Kioxia Holdings Corporation,JPY,2026-09-26T00:36:51+00:00
285A.T,2026-06-15,90910.0000,Kioxia Holdings Corporation,JPY,2026-09-26T00:36:51+00:00
285A.T,2026-06-16,94720.0000,Kioxia Holdings Corporation,JPY,2026-09-26T00:36:51+00:00
285A.T,2026-06-17,96000.0000,Kioxia Holdings Corporation,JPY,2026-09-26T00:36:51+00:00
285A.T,2026-06-18,96900.0000,Kioxia Holdings Corporation,JPY,2026-09-26T00:36:51+00:00
285A.T,2026-06-19,108600.0000,Kioxia Holdings Corporation,JPY,2026-09-26T00:36:51+00:00
285A.T,2026-06-22,108700.0000,Kioxia Holdings Corporation,JPY,2026-09-26T00:36:51+00:00
285A.T,2026-06-23,92290.0000,Kioxia Holdings Corporation,JPY,2026-09-26T00:36:51+00:00
285A.T,2026-06-24,92500.0000,Kioxia Holdings Corporation,JPY,2026-09-26T00:36:51+00:00
285A.T,2026-06-25,103850.0000,Kioxia Holdings Corporation,JPY,2026-09-26T00:36:51+00:00
285A.T,2026-06-26,92180.0000,Kioxia Holdings Corporation,JPY,2026-09-26T00:36:51+00:00
285A.T,2026-06-29,88450.0000,Kioxia Holdings Corporation,JPY,2026-09-26T00:36:51+00:00
285A.T,2026-06-30,89680.0000,Kioxia Holdings Corporation,JPY,2026-09-26T00:36:51+00:00
285A.T,2026-07-01,88130.0000,Kioxia Holdings Corporation,JPY,2026-09-26T00:36:51+00:00
285A.T,2026-07-02,76260.0000,Kioxia Holdings Corporation,JPY,2026-09-26T00:36:51+00:00
285A.T,2026-07-03,83300.0000,Kioxia Holdings Corporation,JPY,2026-09-26T00:36:51+00:00
285A.T,2026-07-06,81590.0000,Kioxia Holdings Corporation,JPY,2026-09-26T00:36:51+00:00
285A.T,2026-07-07,72400.0000,Kioxia Holdings Corporation,JPY,2026-09-26T00:36:51+00:00
285A.T,2026-07-08,71870.0000,Kioxia Holdings Corporation,JPY,2026-09-26T00:36:51+00:00
285A.T,2026-07-09,77860.0000,Kioxia Holdings Corporation,JPY,2026-09-26T00:36:51+00:00
285A.T,2026-07-10,77000.0000,Kioxia Holdings Corporation,JPY,2026-09-26T00:36:51+00:00
285A.T,2026-07-13,67100.0000,Kioxia Holdings Corporation,JPY,2026-09-26T00:36:51+00:00
285A.T,2026-07-14,69100.0000,Kioxia Holdings Corporation,JPY,2026-09-26T00:36:51+00:00
285A.T,2026-07-15,73100.0000,Kioxia Holdings Corporation,JPY,2026-09-26T00:36:51+00:00
285A.T,2026-07-16,62110.0000,Kioxia Holdings Corporation,JPY,2026-09-26T00:36:51+00:00
285A.T,2026-07-17,52110.0000,Kioxia Holdings Corporation,JPY,2026-09-26T00:36:51+00:00
285A.T,2026-07-21,61060.0000,Kioxia Holdings Corporation,JPY,2026-09-26T00:36:51+00:00
285A.T,2026-07-22,64270.0000,Kioxia Holdings Corporation,JPY,2026-09-26T00:36:51+00:00
285A.T,2026-07-23,61880.0000,Kioxia Holdings Corporation,JPY,2026-09-26T00:36:51+00:00
285A.T,2026-07-24,56010.0000,Kioxia Holdings Corporation,JPY,2026-09-26T00:36:51+00:00
285A.T,2026-07-27,54550.0000,Kioxia Holdings Corporation,JPY,2026-09-26T00:36:51+00:00
285A.T,2026-07-28,44550.0000,Kioxia Holdings Corporation,JPY,2026-09-26T00:36:51+00:00
285A.T,2026-07-29,38380.0000,Kioxia Holdings Corporation,JPY,2026-09-26T00:36:51+00:00
285A.T,2026-07-30,39500.0000,Kioxia Holdings Corporation,JPY,2026-09-26T00:36:51+00:00
285A.T,2026-07-31,46500.0000,Kioxia Holdings Corporation,JPY,2026-09-26T00:36:51+00:00
285A.T,2026-08-03,49160.0000,Kioxia Holdings Corporation,JPY,2026-09-26T00:36:51+00:00
285A.T,2026-08-04,52090.0000,Kioxia Holdings Corporation,JPY,2026-09-26T00:36:51+00:00
285A.T,2026-08-05,54300.0000,Kioxia Holdings Corporation,JPY,2026-09-26T00:36:51+00:00
285A.T,2026-08-06,48740.0000,Kioxia Holdings Corporation,JPY,2026-09-26T00:36:51+00:00
285A.T,2026-08-07,47730.0000,Kioxia Holdings Corporation,JPY,2026-09-26T00:36:51+00:00
285A.T,2026-08-10,48010.0000,Kioxia Holdings Corporation,JPY,2026-09-26T00:36:51+00:00
285A.T,2026-08-12,49870.0000,Kioxia Holdings Corporation,JPY,2026-09-26T00:36:51+00:00
285A.T,2026-08-13,51800.0000,Kioxia Holdings Corporation,JPY,2026-09-26T00:36:51+00:00
285A.T,2026-08-14,53740.0000,Kioxia Holdings Corporation,JPY,2026-09-26T00:36:51+00:00
285A.T,2026-08-17,61840.0000,Kioxia Holdings Corporation,JPY,2026-09-26T00:36:51+00:00
285A.T,2026-08-18,57150.0000,Kioxia Holdings Corporation,JPY,2026-09-26T00:36:51+00:00
285A.T,2026-08-19,49950.0000,Kioxia Holdings Corporation,JPY,2026-09-26T00:36:51+00:00
285A.T,2026-08-20,52950.0000,Kioxia Holdings Corporation,JPY,2026-09-26T00:36:51+00:00
285A.T,2026-08-21,54320.0000,Kioxia Holdings Corporation,JPY,2026-09-26T00:36:51+00:00
285A.T,2026-08-24,50930.0000,Kioxia Holdings Corporation,JPY,2026-09-26T00:36:51+00:00
285A.T,2026-08-25,51260.0000,Kioxia Holdings Corporation,JPY,2026-09-26T00:36:51+00:00
285A.T,2026-08-26,50000.0000,Kioxia Holdings Corporation,JPY,2026-09-26T00:36:51+00:00
285A.T,2026-08-27,52500.0000,Kioxia Holdings Corporation,JPY,2026-09-26T00:36:51+00:00
285A.T,2026-08-28,47900.0000,Kioxia Holdings Corporation,JPY,2026-09-26T00:36:51+00:00
285A.T,2026-08-31,49990.0000,Kioxia Holdings Corporation,JPY,2026-09-26T00:36:51+00:00
285A.T,2026-09-01,51000.0000,Kioxia Holdings Corporation,JPY,2026-09-26T00:36:51+00:00
285A.T,2026-09-02,51000.0000,Kioxia Holdings Corporation,JPY,2026-09-26T00:36:51+00:00
285A.T,2026-09-03,51670.0000,Kioxia Holdings Corporation,JPY,2026-09-26T00:36:51+00:00
285A.T,2026-09-04,54460.0000,Kioxia Holdings Corporation,JPY,2026-09-26T00:36:51+00:00
285A.T,2026-09-07,59530.0000,Kioxia Holdings Corporation,JPY,2026-09-26T00:36:51+00:00
285A.T,2026-09-08,57410.0000,Kioxia Holdings Corporation,JPY,2026-09-26T00:36:51+00:00
285A.T,2026-09-09,57000.0000,Kioxia Holdings Corporation,JPY,2026-09-26T00:36:51+00:00
285A.T,2026-09-10,58090.0000,Kioxia Holdings Corporation,JPY,2026-09-26T00:36:51+00:00
285A.T,2026-09-11,54030.0000,Kioxia Holdings Corporation,JPY,2026-09-26T00:36:51+00:00
285A.T,2026-09-14,50590.0000,Kioxia Holdings Corporation,JPY,2026-09-26T00:36:51+00:00
285A.T,2026-09-15,51750.0000,Kioxia Holdings Corporation,JPY,2026-09-26T00:36:51+00:00
285A.T,2026-09-16,50780.0000,Kioxia Holdings Corporation,JPY,2026-09-26T00:36:51+00:00
285A.T,2026-09-17,49880.0000,Kioxia Holdings Corporation,JPY,2026-09-26T00:36:51+00:00
285A.T,2026-09-18,54570.0000,Kioxia Holdings Corporation,JPY,2026-09-26T00:36:51+00:00
285A.T,2026-09-24,54580.0000,Kioxia Holdings Corporation,JPY,2026-09-26T00:36:51+00:00
285A.T,2026-09-25,55780.0000,Kioxia Holdings Corporation,JPY,2026-09-26T00:36:51+00:00
487240.KS,2025-07-31,16545.0000,Samsung Kodex Ai Electric Power Core Facilities Etf,KRW,2026-09-24T23:11:57+00:00
487240.KS,2025-08-01,15800.0000,Samsung Kodex Ai Electric Power Core Facilities Etf,KRW,2026-09-25T23:17:43+00:00
487240.KS,2025-08-04,16250.0000,Samsung Kodex Ai Electric Power Core Facilities Etf,KRW,2026-09-26T00:36:51+00:00
487240.KS,2025-08-05,17035.0000,Samsung Kodex Ai Electric Power Core Facilities Etf,KRW,2026-09-26T00:36:51+00:00
487240.KS,2025-08-06,17060.0000,Samsung Kodex Ai Electric Power Core Facilities Etf,KRW,2026-09-26T00:36:51+00:00
487240.KS,2025-08-07,16845.0000,Samsung Kodex Ai Electric Power Core Facilities Etf,KRW,2026-09-26T00:36:51+00:00
487240.KS,2025-08-08,16475.0000,Samsung Kodex Ai Electric Power Core Facilities Etf,KRW,2026-09-26T00:36:51+00:00
487240.KS,2025-08-11,16620.0000,Samsung Kodex Ai Electric Power Core Facilities Etf,KRW,2026-09-26T00:36:51+00:00
487240.KS,2025-08-12,16275.0000,Samsung Kodex Ai Electric Power Core Facilities Etf,KRW,2026-09-26T00:36:51+00:00
487240.KS,2025-08-13,16415.0000,Samsung Kodex Ai Electric Power Core Facilities Etf,KRW,2026-09-26T00:36:51+00:00
487240.KS,2025-08-14,16265.0000,Samsung Kodex Ai Electric Power Core Facilities Etf,KRW,2026-09-26T00:36:51+00:00
487240.KS,2025-08-18,15620.0000,Samsung Kodex Ai Electric Power Core Facilities Etf,KRW,2026-09-26T00:36:51+00:00
487240.KS,2025-08-19,15330.0000,Samsung Kodex Ai Electric Power Core Facilities Etf,KRW,2026-09-26T00:36:51+00:00
487240.KS,2025-08-20,14790.0000,Samsung Kodex Ai Electric Power Core Facilities Etf,KRW,2026-09-26T00:36:51+00:00
487240.KS,2025-08-21,15015.0000,Samsung Kodex Ai Electric Power Core Facilities Etf,KRW,2026-09-26T00:36:51+00:00
487240.KS,2025-08-22,15790.0000,Samsung Kodex Ai Electric Power Core Facilities Etf,KRW,2026-09-26T00:36:51+00:00
487240.KS,2025-08-25,16115.0000,Samsung Kodex Ai Electric Power Core Facilities Etf,KRW,2026-09-26T00:36:51+00:00
487240.KS,2025-08-26,16130.0000,Samsung Kodex Ai Electric Power Core Facilities Etf,KRW,2026-09-26T00:36:51+00:00
487240.KS,2025-08-27,16050.0000,Samsung Kodex Ai Electric Power Core Facilities Etf,KRW,2026-09-26T00:36:51+00:00
487240.KS,2025-08-28,16040.0000,Samsung Kodex Ai Electric Power Core Facilities Etf,KRW,2026-09-26T00:36:51+00:00
487240.KS,2025-08-29,16060.0000,Samsung Kodex Ai Electric Power Core Facilities Etf,KRW,2026-09-26T00:36:51+00:00
487240.KS,2025-09-01,15755.0000,Samsung Kodex Ai Electric Power Core Facilities Etf,KRW,2026-09-26T00:36:51+00:00
487240.KS,2025-09-02,15770.0000,Samsung Kodex Ai Electric Power Core Facilities Etf,KRW,2026-09-26T00:36:51+00:00
487240.KS,2025-09-03,16135.0000,Samsung Kodex Ai Electric Power Core Facilities Etf,KRW,2026-09-26T00:36:51+00:00
487240.KS,2025-09-04,15875.0000,Samsung Kodex Ai Electric Power Core Facilities Etf,KRW,2026-09-26T00:36:51+00:00
487240.KS,2025-09-05,16175.0000,Samsung Kodex Ai Electric Power Core Facilities Etf,KRW,2026-09-26T00:36:51+00:00
487240.KS,2025-09-08,15935.0000,Samsung Kodex Ai Electric Power Core Facilities Etf,KRW,2026-09-26T00:36:51+00:00
487240.KS,2025-09-09,16225.0000,Samsung Kodex Ai Electric Power Core Facilities Etf,KRW,2026-09-26T00:36:51+00:00
487240.KS,2025-09-10,17360.0000,Samsung Kodex Ai Electric Power Core Facilities Etf,KRW,2026-09-26T00:36:51+00:00
487240.KS,2025-09-11,17665.0000,Samsung Kodex Ai Electric Power Core Facilities Etf,KRW,2026-09-26T00:36:51+00:00
487240.KS,2025-09-12,17890.0000,Samsung Kodex Ai Electric Power Core Facilities Etf,KRW,2026-09-26T00:36:51+00:00
487240.KS,2025-09-15,17895.0000,Samsung Kodex Ai Electric Power Core Facilities Etf,KRW,2026-09-26T00:36:51+00:00
487240.KS,2025-09-16,17720.0000,Samsung Kodex Ai Electric Power Core Facilities Etf,KRW,2026-09-26T00:36:51+00:00
487240.KS,2025-09-17,17520.0000,Samsung Kodex Ai Electric Power Core Facilities Etf,KRW,2026-09-26T00:36:51+00:00
487240.KS,2025-09-18,17595.0000,Samsung Kodex Ai Electric Power Core Facilities Etf,KRW,2026-09-26T00:36:51+00:00
487240.KS,2025-09-19,17490.0000,Samsung Kodex Ai Electric Power Core Facilities Etf,KRW,2026-09-26T00:36:51+00:00
487240.KS,2025-09-22,17470.0000,Samsung Kodex Ai Electric Power Core Facilities Etf,KRW,2026-09-26T00:36:51+00:00
487240.KS,2025-09-23,17435.0000,Samsung Kodex Ai Electric Power Core Facilities Etf,KRW,2026-09-26T00:36:51+00:00
487240.KS,2025-09-24,17065.0000,Samsung Kodex Ai Electric Power Core Facilities Etf,KRW,2026-09-26T00:36:51+00:00
487240.KS,2025-09-25,16790.0000,Samsung Kodex Ai Electric Power Core Facilities Etf,KRW,2026-09-26T00:36:51+00:00
487240.KS,2025-09-26,16380.0000,Samsung Kodex Ai Electric Power Core Facilities Etf,KRW,2026-09-26T00:36:51+00:00
487240.KS,2025-09-29,16480.0000,Samsung Kodex Ai Electric Power Core Facilities Etf,KRW,2026-09-26T00:36:51+00:00
487240.KS,2025-09-30,16740.0000,Samsung Kodex Ai Electric Power Core Facilities Etf,KRW,2026-09-26T00:36:51+00:00
487240.KS,2025-10-01,16960.0000,Samsung Kodex Ai Electric Power Core Facilities Etf,KRW,2026-09-26T00:36:51+00:00
487240.KS,2025-10-02,17395.0000,Samsung Kodex Ai Electric Power Core Facilities Etf,KRW,2026-09-26T00:36:51+00:00
487240.KS,2025-10-10,18145.0000,Samsung Kodex Ai Electric Power Core Facilities Etf,KRW,2026-09-26T00:36:51+00:00
487240.KS,2025-10-13,18050.0000,Samsung Kodex Ai Electric Power Core Facilities Etf,KRW,2026-09-26T00:36:51+00:00
487240.KS,2025-10-14,18000.0000,Samsung Kodex Ai Electric Power Core Facilities Etf,KRW,2026-09-26T00:36:51+00:00
487240.KS,2025-10-15,19090.0000,Samsung Kodex Ai Electric Power Core Facilities Etf,KRW,2026-09-26T00:36:51+00:00
487240.KS,2025-10-16,19285.0000,Samsung Kodex Ai Electric Power Core Facilities Etf,KRW,2026-09-26T00:36:51+00:00
487240.KS,2025-10-17,19050.0000,Samsung Kodex Ai Electric Power Core Facilities Etf,KRW,2026-09-26T00:36:51+00:00
487240.KS,2025-10-20,19765.0000,Samsung Kodex Ai Electric Power Core Facilities Etf,KRW,2026-09-26T00:36:51+00:00
487240.KS,2025-10-21,19635.0000,Samsung Kodex Ai Electric Power Core Facilities Etf,KRW,2026-09-26T00:36:51+00:00
487240.KS,2025-10-22,19915.0000,Samsung Kodex Ai Electric Power Core Facilities Etf,KRW,2026-09-26T00:36:51+00:00
487240.KS,2025-10-23,21400.0000,Samsung Kodex Ai Electric Power Core Facilities Etf,KRW,2026-09-26T00:36:51+00:00
487240.KS,2025-10-24,22160.0000,Samsung Kodex Ai Electric Power Core Facilities Etf,KRW,2026-09-26T00:36:51+00:00
487240.KS,2025-10-27,22550.0000,Samsung Kodex Ai Electric Power Core Facilities Etf,KRW,2026-09-26T00:36:51+00:00
487240.KS,2025-10-28,23045.0000,Samsung Kodex Ai Electric Power Core Facilities Etf,KRW,2026-09-26T00:36:51+00:00
487240.KS,2025-10-29,23955.0000,Samsung Kodex Ai Electric Power Core Facilities Etf,KRW,2026-09-26T00:36:51+00:00
487240.KS,2025-10-30,24785.0000,Samsung Kodex Ai Electric Power Core Facilities Etf,KRW,2026-09-26T00:36:51+00:00
487240.KS,2025-10-31,24980.0000,Samsung Kodex Ai Electric Power Core Facilities Etf,KRW,2026-09-26T00:36:51+00:00
487240.KS,2025-11-03,27110.0000,Samsung Kodex Ai Electric Power Core Facilities Etf,KRW,2026-09-26T00:36:51+00:00
487240.KS,2025-11-04,26935.0000,Samsung Kodex Ai Electric Power Core Facilities Etf,KRW,2026-09-26T00:36:51+00:00
487240.KS,2025-11-05,25560.0000,Samsung Kodex Ai Electric Power Core Facilities Etf,KRW,2026-09-26T00:36:51+00:00
487240.KS,2025-11-06,25765.0000,Samsung Kodex Ai Electric Power Core Facilities Etf,KRW,2026-09-26T00:36:51+00:00
487240.KS,2025-11-07,24665.0000,Samsung Kodex Ai Electric Power Core Facilities Etf,KRW,2026-09-26T00:36:51+00:00
487240.KS,2025-11-10,25775.0000,Samsung Kodex Ai Electric Power Core Facilities Etf,KRW,2026-09-26T00:36:51+00:00
487240.KS,2025-11-11,26100.0000,Samsung Kodex Ai Electric Power Core Facilities Etf,KRW,2026-09-26T00:36:51+00:00
487240.KS,2025-11-12,25700.0000,Samsung Kodex Ai Electric Power Core Facilities Etf,KRW,2026-09-26T00:36:51+00:00
487240.KS,2025-11-13,25960.0000,Samsung Kodex Ai Electric Power Core Facilities Etf,KRW,2026-09-26T00:36:51+00:00
487240.KS,2025-11-14,24415.0000,Samsung Kodex Ai Electric Power Core Facilities Etf,KRW,2026-09-26T00:36:51+00:00
487240.KS,2025-11-17,24920.0000,Samsung Kodex Ai Electric Power Core Facilities Etf,KRW,2026-09-26T00:36:51+00:00
487240.KS,2025-11-18,23920.0000,Samsung Kodex Ai Electric Power Core Facilities Etf,KRW,2026-09-26T00:36:51+00:00
487240.KS,2025-11-19,23685.0000,Samsung Kodex Ai Electric Power Core Facilities Etf,KRW,2026-09-26T00:36:51+00:00
487240.KS,2025-11-20,24440.0000,Samsung Kodex Ai Electric Power Core Facilities Etf,KRW,2026-09-26T00:36:51+00:00
487240.KS,2025-11-21,22540.0000,Samsung Kodex Ai Electric Power Core Facilities Etf,KRW,2026-09-26T00:36:51+00:00
487240.KS,2025-11-24,22300.0000,Samsung Kodex Ai Electric Power Core Facilities Etf,KRW,2026-09-26T00:36:51+00:00
487240.KS,2025-11-25,22730.0000,Samsung Kodex Ai Electric Power Core Facilities Etf,KRW,2026-09-26T00:36:51+00:00
487240.KS,2025-11-26,23110.0000,Samsung Kodex Ai Electric Power Core Facilities Etf,KRW,2026-09-26T00:36:51+00:00
487240.KS,2025-11-27,23535.0000,Samsung Kodex Ai Electric Power Core Facilities Etf,KRW,2026-09-26T00:36:51+00:00
487240.KS,2025-11-28,22985.0000,Samsung Kodex Ai Electric Power Core Facilities Etf,KRW,2026-09-26T00:36:51+00:00
487240.KS,2025-12-01,22010.0000,Samsung Kodex Ai Electric Power Core Facilities Etf,KRW,2026-09-26T00:36:51+00:00
487240.KS,2025-12-02,22980.0000,Samsung Kodex Ai Electric Power Core Facilities Etf,KRW,2026-09-26T00:36:51+00:00
487240.KS,2025-12-03,23500.0000,Samsung Kodex Ai Electric Power Core Facilities Etf,KRW,2026-09-26T00:36:51+00:00
487240.KS,2025-12-04,23275.0000,Samsung Kodex Ai Electric Power Core Facilities Etf,KRW,2026-09-26T00:36:51+00:00
487240.KS,2025-12-05,24475.0000,Samsung Kodex Ai Electric Power Core Facilities Etf,KRW,2026-09-26T00:36:51+00:00
487240.KS,2025-12-08,24470.0000,Samsung Kodex Ai Electric Power Core Facilities Etf,KRW,2026-09-26T00:36:51+00:00
487240.KS,2025-12-09,24110.0000,Samsung Kodex Ai Electric Power Core Facilities Etf,KRW,2026-09-26T00:36:51+00:00
487240.KS,2025-12-10,24125.0000,Samsung Kodex Ai Electric Power Core Facilities Etf,KRW,2026-09-26T00:36:51+00:00
487240.KS,2025-12-11,24250.0000,Samsung Kodex Ai Electric Power Core Facilities Etf,KRW,2026-09-26T00:36:51+00:00
487240.KS,2025-12-12,24860.0000,Samsung Kodex Ai Electric Power Core Facilities Etf,KRW,2026-09-26T00:36:51+00:00
487240.KS,2025-12-15,24125.0000,Samsung Kodex Ai Electric Power Core Facilities Etf,KRW,2026-09-26T00:36:51+00:00
487240.KS,2025-12-16,23925.0000,Samsung Kodex Ai Electric Power Core Facilities Etf,KRW,2026-09-26T00:36:51+00:00
487240.KS,2025-12-17,23710.0000,Samsung Kodex Ai Electric Power Core Facilities Etf,KRW,2026-09-26T00:36:51+00:00
487240.KS,2025-12-18,22840.0000,Samsung Kodex Ai Electric Power Core Facilities Etf,KRW,2026-09-26T00:36:51+00:00
487240.KS,2025-12-19,23195.0000,Samsung Kodex Ai Electric Power Core Facilities Etf,KRW,2026-09-26T00:36:51+00:00
487240.KS,2025-12-22,23450.0000,Samsung Kodex Ai Electric Power Core Facilities Etf,KRW,2026-09-26T00:36:51+00:00
487240.KS,2025-12-23,23040.0000,Samsung Kodex Ai Electric Power Core Facilities Etf,KRW,2026-09-26T00:36:51+00:00
487240.KS,2025-12-24,22940.0000,Samsung Kodex Ai Electric Power Core Facilities Etf,KRW,2026-09-26T00:36:51+00:00
487240.KS,2025-12-26,22390.0000,Samsung Kodex Ai Electric Power Core Facilities Etf,KRW,2026-09-26T00:36:51+00:00
487240.KS,2025-12-29,23545.0000,Samsung Kodex Ai Electric Power Core Facilities Etf,KRW,2026-09-26T00:36:51+00:00
487240.KS,2025-12-30,22900.0000,Samsung Kodex Ai Electric Power Core Facilities Etf,KRW,2026-09-26T00:36:51+00:00
487240.KS,2026-01-02,24040.0000,Samsung Kodex Ai Electric Power Core Facilities Etf,KRW,2026-09-26T00:36:51+00:00
487240.KS,2026-01-05,25030.0000,Samsung Kodex Ai Electric Power Core Facilities Etf,KRW,2026-09-26T00:36:51+00:00
487240.KS,2026-01-06,24695.0000,Samsung Kodex Ai Electric Power Core Facilities Etf,KRW,2026-09-26T00:36:51+00:00
487240.KS,2026-01-07,24210.0000,Samsung Kodex Ai Electric Power Core Facilities Etf,KRW,2026-09-26T00:36:51+00:00
487240.KS,2026-01-08,24395.0000,Samsung Kodex Ai Electric Power Core Facilities Etf,KRW,2026-09-26T00:36:51+00:00
487240.KS,2026-01-09,24385.0000,Samsung Kodex Ai Electric Power Core Facilities Etf,KRW,2026-09-26T00:36:51+00:00
487240.KS,2026-01-12,25270.0000,Samsung Kodex Ai Electric Power Core Facilities Etf,KRW,2026-09-26T00:36:51+00:00
487240.KS,2026-01-13,25370.0000,Samsung Kodex Ai Electric Power Core Facilities Etf,KRW,2026-09-26T00:36:51+00:00
487240.KS,2026-01-14,26400.0000,Samsung Kodex Ai Electric Power Core Facilities Etf,KRW,2026-09-26T00:36:51+00:00
487240.KS,2026-01-15,26425.0000,Samsung Kodex Ai Electric Power Core Facilities Etf,KRW,2026-09-26T00:36:51+00:00
487240.KS,2026-01-16,26715.0000,Samsung Kodex Ai Electric Power Core Facilities Etf,KRW,2026-09-26T00:36:51+00:00
487240.KS,2026-01-19,26900.0000,Samsung Kodex Ai Electric Power Core Facilities Etf,KRW,2026-09-26T00:36:51+00:00
487240.KS,2026-01-20,27010.0000,Samsung Kodex Ai Electric Power Core Facilities Etf,KRW,2026-09-26T00:36:51+00:00
487240.KS,2026-01-21,26470.0000,Samsung Kodex Ai Electric Power Core Facilities Etf,KRW,2026-09-26T00:36:51+00:00
487240.KS,2026-01-22,26595.0000,Samsung Kodex Ai Electric Power Core Facilities Etf,KRW,2026-09-26T00:36:51+00:00
487240.KS,2026-01-23,26690.0000,Samsung Kodex Ai Electric Power Core Facilities Etf,KRW,2026-09-26T00:36:51+00:00
487240.KS,2026-01-26,26535.0000,Samsung Kodex Ai Electric Power Core Facilities Etf,KRW,2026-09-26T00:36:51+00:00
487240.KS,2026-01-27,27095.0000,Samsung Kodex Ai Electric Power Core Facilities Etf,KRW,2026-09-26T00:36:51+00:00
487240.KS,2026-01-28,27860.0000,Samsung Kodex Ai Electric Power Core Facilities Etf,KRW,2026-09-26T00:36:51+00:00
487240.KS,2026-01-29,28140.0000,Samsung Kodex Ai Electric Power Core Facilities Etf,KRW,2026-09-26T00:36:51+00:00
487240.KS,2026-01-30,28400.0000,Samsung Kodex Ai Electric Power Core Facilities Etf,KRW,2026-09-26T00:36:51+00:00
487240.KS,2026-02-02,25760.0000,Samsung Kodex Ai Electric Power Core Facilities Etf,KRW,2026-09-26T00:36:51+00:00
487240.KS,2026-02-03,28065.0000,Samsung Kodex Ai Electric Power Core Facilities Etf,KRW,2026-09-26T00:36:51+00:00
487240.KS,2026-02-04,29435.0000,Samsung Kodex Ai Electric Power Core Facilities Etf,KRW,2026-09-26T00:36:51+00:00
487240.KS,2026-02-05,28390.0000,Samsung Kodex Ai Electric Power Core Facilities Etf,KRW,2026-09-26T00:36:51+00:00
487240.KS,2026-02-06,27210.0000,Samsung Kodex Ai Electric Power Core Facilities Etf,KRW,2026-09-26T00:36:51+00:00
487240.KS,2026-02-09,29285.0000,Samsung Kodex Ai Electric Power Core Facilities Etf,KRW,2026-09-26T00:36:51+00:00
487240.KS,2026-02-10,28910.0000,Samsung Kodex Ai Electric Power Core Facilities Etf,KRW,2026-09-26T00:36:51+00:00
487240.KS,2026-02-11,29825.0000,Samsung Kodex Ai Electric Power Core Facilities Etf,KRW,2026-09-26T00:36:51+00:00
487240.KS,2026-02-12,30110.0000,Samsung Kodex Ai Electric Power Core Facilities Etf,KRW,2026-09-26T00:36:51+00:00
487240.KS,2026-02-13,29835.0000,Samsung Kodex Ai Electric Power Core Facilities Etf,KRW,2026-09-26T00:36:51+00:00
487240.KS,2026-02-19,30310.0000,Samsung Kodex Ai Electric Power Core Facilities Etf,KRW,2026-09-26T00:36:51+00:00
487240.KS,2026-02-20,31300.0000,Samsung Kodex Ai Electric Power Core Facilities Etf,KRW,2026-09-26T00:36:51+00:00
487240.KS,2026-02-23,33180.0000,Samsung Kodex Ai Electric Power Core Facilities Etf,KRW,2026-09-26T00:36:51+00:00
487240.KS,2026-02-24,33725.0000,Samsung Kodex Ai Electric Power Core Facilities Etf,KRW,2026-09-26T00:36:51+00:00
487240.KS,2026-02-25,34090.0000,Samsung Kodex Ai Electric Power Core Facilities Etf,KRW,2026-09-26T00:36:51+00:00
487240.KS,2026-02-26,35525.0000,Samsung Kodex Ai Electric Power Core Facilities Etf,KRW,2026-09-26T00:36:51+00:00
487240.KS,2026-02-27,34820.0000,Samsung Kodex Ai Electric Power Core Facilities Etf,KRW,2026-09-26T00:36:51+00:00
487240.KS,2026-03-03,31970.0000,Samsung Kodex Ai Electric Power Core Facilities Etf,KRW,2026-09-26T00:36:51+00:00
487240.KS,2026-03-04,27510.0000,Samsung Kodex Ai Electric Power Core Facilities Etf,KRW,2026-09-26T00:36:51+00:00
487240.KS,2026-03-05,30720.0000,Samsung Kodex Ai Electric Power Core Facilities Etf,KRW,2026-09-26T00:36:51+00:00
487240.KS,2026-03-06,30840.0000,Samsung Kodex Ai Electric Power Core Facilities Etf,KRW,2026-09-26T00:36:51+00:00
487240.KS,2026-03-09,29340.0000,Samsung Kodex Ai Electric Power Core Facilities Etf,KRW,2026-09-26T00:36:51+00:00
487240.KS,2026-03-10,30735.0000,Samsung Kodex Ai Electric Power Core Facilities Etf,KRW,2026-09-26T00:36:51+00:00
487240.KS,2026-03-11,30825.0000,Samsung Kodex Ai Electric Power Core Facilities Etf,KRW,2026-09-26T00:36:51+00:00
487240.KS,2026-03-12,31345.0000,Samsung Kodex Ai Electric Power Core Facilities Etf,KRW,2026-09-26T00:36:51+00:00
487240.KS,2026-03-13,31330.0000,Samsung Kodex Ai Electric Power Core Facilities Etf,KRW,2026-09-26T00:36:51+00:00
487240.KS,2026-03-16,30915.0000,Samsung Kodex Ai Electric Power Core Facilities Etf,KRW,2026-09-26T00:36:51+00:00
487240.KS,2026-03-17,31385.0000,Samsung Kodex Ai Electric Power Core Facilities Etf,KRW,2026-09-26T00:36:51+00:00
487240.KS,2026-03-18,33530.0000,Samsung Kodex Ai Electric Power Core Facilities Etf,KRW,2026-09-26T00:36:51+00:00
487240.KS,2026-03-19,33785.0000,Samsung Kodex Ai Electric Power Core Facilities Etf,KRW,2026-09-26T00:36:51+00:00
487240.KS,2026-03-20,34465.0000,Samsung Kodex Ai Electric Power Core Facilities Etf,KRW,2026-09-26T00:36:51+00:00
487240.KS,2026-03-23,32085.0000,Samsung Kodex Ai Electric Power Core Facilities Etf,KRW,2026-09-26T00:36:51+00:00
487240.KS,2026-03-24,32515.0000,Samsung Kodex Ai Electric Power Core Facilities Etf,KRW,2026-09-26T00:36:51+00:00
487240.KS,2026-03-25,34280.0000,Samsung Kodex Ai Electric Power Core Facilities Etf,KRW,2026-09-26T00:36:51+00:00
487240.KS,2026-03-26,33415.0000,Samsung Kodex Ai Electric Power Core Facilities Etf,KRW,2026-09-26T00:36:51+00:00
487240.KS,2026-03-27,31950.0000,Samsung Kodex Ai Electric Power Core Facilities Etf,KRW,2026-09-26T00:36:51+00:00
487240.KS,2026-03-30,30615.0000,Samsung Kodex Ai Electric Power Core Facilities Etf,KRW,2026-09-26T00:36:51+00:00
487240.KS,2026-03-31,29400.0000,Samsung Kodex Ai Electric Power Core Facilities Etf,KRW,2026-09-26T00:36:51+00:00
487240.KS,2026-04-01,31970.0000,Samsung Kodex Ai Electric Power Core Facilities Etf,KRW,2026-09-26T00:36:51+00:00
487240.KS,2026-04-02,30595.0000,Samsung Kodex Ai Electric Power Core Facilities Etf,KRW,2026-09-26T00:36:51+00:00
487240.KS,2026-04-03,31000.0000,Samsung Kodex Ai Electric Power Core Facilities Etf,KRW,2026-09-26T00:36:51+00:00
487240.KS,2026-04-06,31485.0000,Samsung Kodex Ai Electric Power Core Facilities Etf,KRW,2026-09-26T00:36:51+00:00
487240.KS,2026-04-07,31100.0000,Samsung Kodex Ai Electric Power Core Facilities Etf,KRW,2026-09-26T00:36:51+00:00
487240.KS,2026-04-08,33575.0000,Samsung Kodex Ai Electric Power Core Facilities Etf,KRW,2026-09-26T00:36:51+00:00
487240.KS,2026-04-09,33155.0000,Samsung Kodex Ai Electric Power Core Facilities Etf,KRW,2026-09-26T00:36:51+00:00
487240.KS,2026-04-10,33940.0000,Samsung Kodex Ai Electric Power Core Facilities Etf,KRW,2026-09-26T00:36:51+00:00
487240.KS,2026-04-13,35335.0000,Samsung Kodex Ai Electric Power Core Facilities Etf,KRW,2026-09-26T00:36:51+00:00
487240.KS,2026-04-14,36395.0000,Samsung Kodex Ai Electric Power Core Facilities Etf,KRW,2026-09-26T00:36:51+00:00
487240.KS,2026-04-15,38285.0000,Samsung Kodex Ai Electric Power Core Facilities Etf,KRW,2026-09-26T00:36:51+00:00
487240.KS,2026-04-16,38600.0000,Samsung Kodex Ai Electric Power Core Facilities Etf,KRW,2026-09-26T00:36:51+00:00
487240.KS,2026-04-17,38320.0000,Samsung Kodex Ai Electric Power Core Facilities Etf,KRW,2026-09-26T00:36:51+00:00
487240.KS,2026-04-20,38580.0000,Samsung Kodex Ai Electric Power Core Facilities Etf,KRW,2026-09-26T00:36:51+00:00
487240.KS,2026-04-21,38645.0000,Samsung Kodex Ai Electric Power Core Facilities Etf,KRW,2026-09-26T00:36:51+00:00
487240.KS,2026-04-22,40000.0000,Samsung Kodex Ai Electric Power Core Facilities Etf,KRW,2026-09-26T00:36:51+00:00
487240.KS,2026-04-23,42555.0000,Samsung Kodex Ai Electric Power Core Facilities Etf,KRW,2026-09-26T00:36:51+00:00
487240.KS,2026-04-24,45340.0000,Samsung Kodex Ai Electric Power Core Facilities Etf,KRW,2026-09-26T00:36:51+00:00
487240.KS,2026-04-27,49360.0000,Samsung Kodex Ai Electric Power Core Facilities Etf,KRW,2026-09-26T00:36:51+00:00
487240.KS,2026-04-28,48865.0000,Samsung Kodex Ai Electric Power Core Facilities Etf,KRW,2026-09-26T00:36:51+00:00
487240.KS,2026-04-29,50975.0000,Samsung Kodex Ai Electric Power Core Facilities Etf,KRW,2026-09-26T00:36:51+00:00
487240.KS,2026-04-30,52820.0000,Samsung Kodex Ai Electric Power Core Facilities Etf,KRW,2026-09-26T00:36:51+00:00
487240.KS,2026-05-04,58355.0000,Samsung Kodex Ai Electric Power Core Facilities Etf,KRW,2026-09-26T00:36:51+00:00
487240.KS,2026-05-06,62350.0000,Samsung Kodex Ai Electric Power Core Facilities Etf,KRW,2026-09-26T00:36:51+00:00
487240.KS,2026-05-07,62285.0000,Samsung Kodex Ai Electric Power Core Facilities Etf,KRW,2026-09-26T00:36:51+00:00
487240.KS,2026-05-08,63685.0000,Samsung Kodex Ai Electric Power Core Facilities Etf,KRW,2026-09-26T00:36:51+00:00
487240.KS,2026-05-11,62900.0000,Samsung Kodex Ai Electric Power Core Facilities Etf,KRW,2026-09-26T00:36:51+00:00
487240.KS,2026-05-12,60110.0000,Samsung Kodex Ai Electric Power Core Facilities Etf,KRW,2026-09-26T00:36:51+00:00
487240.KS,2026-05-13,58885.0000,Samsung Kodex Ai Electric Power Core Facilities Etf,KRW,2026-09-26T00:36:51+00:00
487240.KS,2026-05-14,56705.0000,Samsung Kodex Ai Electric Power Core Facilities Etf,KRW,2026-09-26T00:36:51+00:00
487240.KS,2026-05-15,52315.0000,Samsung Kodex Ai Electric Power Core Facilities Etf,KRW,2026-09-26T00:36:51+00:00
487240.KS,2026-05-18,52790.0000,Samsung Kodex Ai Electric Power Core Facilities Etf,KRW,2026-09-26T00:36:51+00:00
487240.KS,2026-05-19,50710.0000,Samsung Kodex Ai Electric Power Core Facilities Etf,KRW,2026-09-26T00:36:51+00:00
487240.KS,2026-05-20,49115.0000,Samsung Kodex Ai Electric Power Core Facilities Etf,KRW,2026-09-26T00:36:51+00:00
487240.KS,2026-05-21,54260.0000,Samsung Kodex Ai Electric Power Core Facilities Etf,KRW,2026-09-26T00:36:51+00:00
487240.KS,2026-05-22,55090.0000,Samsung Kodex Ai Electric Power Core Facilities Etf,KRW,2026-09-26T00:36:51+00:00
487240.KS,2026-05-26,54565.0000,Samsung Kodex Ai Electric Power Core Facilities Etf,KRW,2026-09-26T00:36:51+00:00
487240.KS,2026-05-27,51110.0000,Samsung Kodex Ai Electric Power Core Facilities Etf,KRW,2026-09-26T00:36:51+00:00
487240.KS,2026-05-28,48565.0000,Samsung Kodex Ai Electric Power Core Facilities Etf,KRW,2026-09-26T00:36:51+00:00
487240.KS,2026-05-29,47220.0000,Samsung Kodex Ai Electric Power Core Facilities Etf,KRW,2026-09-26T00:36:51+00:00
487240.KS,2026-06-01,50170.0000,Samsung Kodex Ai Electric Power Core Facilities Etf,KRW,2026-09-26T00:36:51+00:00
487240.KS,2026-06-02,46280.0000,Samsung Kodex Ai Electric Power Core Facilities Etf,KRW,2026-09-26T00:36:51+00:00
487240.KS,2026-06-04,45680.0000,Samsung Kodex Ai Electric Power Core Facilities Etf,KRW,2026-09-26T00:36:51+00:00
487240.KS,2026-06-05,43355.0000,Samsung Kodex Ai Electric Power Core Facilities Etf,KRW,2026-09-26T00:36:51+00:00
487240.KS,2026-06-08,40415.0000,Samsung Kodex Ai Electric Power Core Facilities Etf,KRW,2026-09-26T00:36:51+00:00
487240.KS,2026-06-09,42850.0000,Samsung Kodex Ai Electric Power Core Facilities Etf,KRW,2026-09-26T00:36:51+00:00
487240.KS,2026-06-10,43625.0000,Samsung Kodex Ai Electric Power Core Facilities Etf,KRW,2026-09-26T00:36:51+00:00
487240.KS,2026-06-11,42945.0000,Samsung Kodex Ai Electric Power Core Facilities Etf,KRW,2026-09-26T00:36:51+00:00
487240.KS,2026-06-12,43400.0000,Samsung Kodex Ai Electric Power Core Facilities Etf,KRW,2026-09-26T00:36:51+00:00
487240.KS,2026-06-15,47600.0000,Samsung Kodex Ai Electric Power Core Facilities Etf,KRW,2026-09-26T00:36:51+00:00
487240.KS,2026-06-16,47695.0000,Samsung Kodex Ai Electric Power Core Facilities Etf,KRW,2026-09-26T00:36:51+00:00
487240.KS,2026-06-17,47860.0000,Samsung Kodex Ai Electric Power Core Facilities Etf,KRW,2026-09-26T00:36:51+00:00
487240.KS,2026-06-18,46145.0000,Samsung Kodex Ai Electric Power Core Facilities Etf,KRW,2026-09-26T00:36:51+00:00
487240.KS,2026-06-19,46485.0000,Samsung Kodex Ai Electric Power Core Facilities Etf,KRW,2026-09-26T00:36:51+00:00
487240.KS,2026-06-22,44975.0000,Samsung Kodex Ai Electric Power Core Facilities Etf,KRW,2026-09-26T00:36:51+00:00
487240.KS,2026-06-23,41990.0000,Samsung Kodex Ai Electric Power Core Facilities Etf,KRW,2026-09-26T00:36:51+00:00
487240.KS,2026-06-24,40920.0000,Samsung Kodex Ai Electric Power Core Facilities Etf,KRW,2026-09-26T00:36:51+00:00
487240.KS,2026-06-25,40415.0000,Samsung Kodex Ai Electric Power Core Facilities Etf,KRW,2026-09-26T00:36:51+00:00
487240.KS,2026-06-26,37690.0000,Samsung Kodex Ai Electric Power Core Facilities Etf,KRW,2026-09-26T00:36:51+00:00
487240.KS,2026-06-29,40850.0000,Samsung Kodex Ai Electric Power Core Facilities Etf,KRW,2026-09-26T00:36:51+00:00
487240.KS,2026-06-30,42650.0000,Samsung Kodex Ai Electric Power Core Facilities Etf,KRW,2026-09-26T00:36:51+00:00
487240.KS,2026-07-01,46655.0000,Samsung Kodex Ai Electric Power Core Facilities Etf,KRW,2026-09-26T00:36:51+00:00
487240.KS,2026-07-02,43305.0000,Samsung Kodex Ai Electric Power Core Facilities Etf,KRW,2026-09-26T00:36:51+00:00
487240.KS,2026-07-03,42075.0000,Samsung Kodex Ai Electric Power Core Facilities Etf,KRW,2026-09-26T00:36:51+00:00
487240.KS,2026-07-06,40170.0000,Samsung Kodex Ai Electric Power Core Facilities Etf,KRW,2026-09-26T00:36:51+00:00
487240.KS,2026-07-07,37890.0000,Samsung Kodex Ai Electric Power Core Facilities Etf,KRW,2026-09-26T00:36:51+00:00
487240.KS,2026-07-08,34400.0000,Samsung Kodex Ai Electric Power Core Facilities Etf,KRW,2026-09-26T00:36:51+00:00
487240.KS,2026-07-09,35020.0000,Samsung Kodex Ai Electric Power Core Facilities Etf,KRW,2026-09-26T00:36:51+00:00
487240.KS,2026-07-10,37300.0000,Samsung Kodex Ai Electric Power Core Facilities Etf,KRW,2026-09-26T00:36:51+00:00
487240.KS,2026-07-13,34175.0000,Samsung Kodex Ai Electric Power Core Facilities Etf,KRW,2026-09-26T00:36:51+00:00
487240.KS,2026-07-14,34415.0000,Samsung Kodex Ai Electric Power Core Facilities Etf,KRW,2026-09-26T00:36:51+00:00
487240.KS,2026-07-15,36140.0000,Samsung Kodex Ai Electric Power Core Facilities Etf,KRW,2026-09-26T00:36:51+00:00
487240.KS,2026-07-16,34195.0000,Samsung Kodex Ai Electric Power Core Facilities Etf,KRW,2026-09-26T00:36:51+00:00
487240.KS,2026-07-20,31905.0000,Samsung Kodex Ai Electric Power Core Facilities Etf,KRW,2026-09-26T00:36:51+00:00
487240.KS,2026-07-21,33100.0000,Samsung Kodex Ai Electric Power Core Facilities Etf,KRW,2026-09-26T00:36:51+00:00
487240.KS,2026-07-22,34120.0000,Samsung Kodex Ai Electric Power Core Facilities Etf,KRW,2026-09-26T00:36:51+00:00
487240.KS,2026-07-23,38000.0000,Samsung Kodex Ai Electric Power Core Facilities Etf,KRW,2026-09-26T00:36:51+00:00
487240.KS,2026-07-24,35215.0000,Samsung Kodex Ai Electric Power Core Facilities Etf,KRW,2026-09-26T00:36:51+00:00
487240.KS,2026-07-27,34930.0000,Samsung Kodex Ai Electric Power Core Facilities Etf,KRW,2026-09-26T00:36:51+00:00
487240.KS,2026-07-28,30695.0000,Samsung Kodex Ai Electric Power Core Facilities Etf,KRW,2026-09-26T00:36:51+00:00
487240.KS,2026-07-29,26900.0000,Samsung Kodex Ai Electric Power Core Facilities Etf,KRW,2026-09-26T00:36:51+00:00
487240.KS,2026-07-30,25450.0000,Samsung Kodex Ai Electric Power Core Facilities Etf,KRW,2026-09-26T00:36:51+00:00
487240.KS,2026-07-31,30720.0000,Samsung Kodex Ai Electric Power Core Facilities Etf,KRW,2026-09-26T00:36:51+00:00
487240.KS,2026-08-03,31075.0000,Samsung Kodex Ai Electric Power Core Facilities Etf,KRW,2026-09-26T00:36:51+00:00
487240.KS,2026-08-04,33110.0000,Samsung Kodex Ai Electric Power Core Facilities Etf,KRW,2026-09-26T00:36:51+00:00
487240.KS,2026-08-05,36435.0000,Samsung Kodex Ai Electric Power Core Facilities Etf,KRW,2026-09-26T00:36:51+00:00
487240.KS,2026-08-06,34730.0000,Samsung Kodex Ai Electric Power Core Facilities Etf,KRW,2026-09-26T00:36:51+00:00
487240.KS,2026-08-07,34835.0000,Samsung Kodex Ai Electric Power Core Facilities Etf,KRW,2026-09-26T00:36:51+00:00
487240.KS,2026-08-10,36255.0000,Samsung Kodex Ai Electric Power Core Facilities Etf,KRW,2026-09-26T00:36:51+00:00
487240.KS,2026-08-11,35495.0000,Samsung Kodex Ai Electric Power Core Facilities Etf,KRW,2026-09-26T00:36:51+00:00
487240.KS,2026-08-12,36810.0000,Samsung Kodex Ai Electric Power Core Facilities Etf,KRW,2026-09-26T00:36:51+00:00
487240.KS,2026-08-13,36845.0000,Samsung Kodex Ai Electric Power Core Facilities Etf,KRW,2026-09-26T00:36:51+00:00
487240.KS,2026-08-14,36740.0000,Samsung Kodex Ai Electric Power Core Facilities Etf,KRW,2026-09-26T00:36:51+00:00
487240.KS,2026-08-18,36805.0000,Samsung Kodex Ai Electric Power Core Facilities Etf,KRW,2026-09-26T00:36:51+00:00
487240.KS,2026-08-19,35750.0000,Samsung Kodex Ai Electric Power Core Facilities Etf,KRW,2026-09-26T00:36:51+00:00
487240.KS,2026-08-20,35370.0000,Samsung Kodex Ai Electric Power Core Facilities Etf,KRW,2026-09-26T00:36:51+00:00
487240.KS,2026-08-21,33350.0000,Samsung Kodex Ai Electric Power Core Facilities Etf,KRW,2026-09-26T00:36:51+00:00
487240.KS,2026-08-24,33600.0000,Samsung Kodex Ai Electric Power Core Facilities Etf,KRW,2026-09-26T00:36:51+00:00
487240.KS,2026-08-25,34090.0000,Samsung Kodex Ai Electric Power Core Facilities Etf,KRW,2026-09-26T00:36:51+00:00
487240.KS,2026-08-26,34780.0000,Samsung Kodex Ai Electric Power Core Facilities Etf,KRW,2026-09-26T00:36:51+00:00
487240.KS,2026-08-27,38030.0000,Samsung Kodex Ai Electric Power Core Facilities Etf,KRW,2026-09-26T00:36:51+00:00
487240.KS,2026-08-28,37810.0000,Samsung Kodex Ai Electric Power Core Facilities Etf,KRW,2026-09-26T00:36:51+00:00
487240.KS,2026-08-31,36800.0000,Samsung Kodex Ai Electric Power Core Facilities Etf,KRW,2026-09-26T00:36:51+00:00
487240.KS,2026-09-01,36305.0000,Samsung Kodex Ai Electric Power Core Facilities Etf,KRW,2026-09-26T00:36:51+00:00
487240.KS,2026-09-02,34370.0000,Samsung Kodex Ai Electric Power Core Facilities Etf,KRW,2026-09-26T00:36:51+00:00
487240.KS,2026-09-03,33975.0000,Samsung Kodex Ai Electric Power Core Facilities Etf,KRW,2026-09-26T00:36:51+00:00
487240.KS,2026-09-04,34620.0000,Samsung Kodex Ai Electric Power Core Facilities Etf,KRW,2026-09-26T00:36:51+00:00
487240.KS,2026-09-07,36515.0000,Samsung Kodex Ai Electric Power Core Facilities Etf,KRW,2026-09-26T00:36:51+00:00
487240.KS,2026-09-08,35285.0000,Samsung Kodex Ai Electric Power Core Facilities Etf,KRW,2026-09-26T00:36:51+00:00
487240.KS,2026-09-09,37500.0000,Samsung Kodex Ai Electric Power Core Facilities Etf,KRW,2026-09-26T00:36:51+00:00
487240.KS,2026-09-10,36780.0000,Samsung Kodex Ai Electric Power Core Facilities Etf,KRW,2026-09-26T00:36:51+00:00
487240.KS,2026-09-11,36505.0000,Samsung Kodex Ai Electric Power Core Facilities Etf,KRW,2026-09-26T00:36:51+00:00
487240.KS,2026-09-14,35670.0000,Samsung Kodex Ai Electric Power Core Facilities Etf,KRW,2026-09-26T00:36:51+00:00
487240.KS,2026-09-15,34570.0000,Samsung Kodex Ai Electric Power Core Facilities Etf,KRW,2026-09-26T00:36:51+00:00
487240.KS,2026-09-16,35240.0000,Samsung Kodex Ai Electric Power Core Facilities Etf,KRW,2026-09-26T00:36:51+00:00
487240.KS,2026-09-17,35700.0000,Samsung Kodex Ai Electric Power Core Facilities Etf,KRW,2026-09-26T00:36:51+00:00
487240.KS,2026-09-18,37585.0000,Samsung Kodex Ai Electric Power Core Facilities Etf,KRW,2026-09-26T00:36:51+00:00
487240.KS,2026-09-21,37095.0000,Samsung Kodex Ai Electric Power Core Facilities Etf,KRW,2026-09-26T00:36:51+00:00
487240.KS,2026-09-22,37420.0000,Samsung Kodex Ai Electric Power Core Facilities Etf,KRW,2026-09-26T00:36:51+00:00
487240.KS,2026-09-23,37200.0000,Samsung Kodex Ai Electric Power Core Facilities Etf,KRW,2026-09-26T00:36:51+00:00
ALAB,2025-07-31,136.7300,"Astera Labs, Inc.",USD,2026-09-24T23:11:57+00:00
ALAB,2025-08-01,131.1000,"Astera Labs, Inc.",USD,2026-09-25T23:17:43+00:00
ALAB,2025-08-04,137.9300,"Astera Labs, Inc.",USD,2026-09-26T00:36:51+00:00
ALAB,2025-08-05,135.5400,"Astera Labs, Inc.",USD,2026-09-26T00:36:51+00:00
ALAB,2025-08-06,174.3900,"Astera Labs, Inc.",USD,2026-09-26T00:36:51+00:00
ALAB,2025-08-07,170.8900,"Astera Labs, Inc.",USD,2026-09-26T00:36:51+00:00
ALAB,2025-08-08,179.2800,"Astera Labs, Inc.",USD,2026-09-26T00:36:51+00:00
ALAB,2025-08-11,179.4300,"Astera Labs, Inc.",USD,2026-09-26T00:36:51+00:00
ALAB,2025-08-12,192.0000,"Astera Labs, Inc.",USD,2026-09-26T00:36:51+00:00
ALAB,2025-08-13,193.6400,"Astera Labs, Inc.",USD,2026-09-26T00:36:51+00:00
ALAB,2025-08-14,190.6900,"Astera Labs, Inc.",USD,2026-09-26T00:36:51+00:00
ALAB,2025-08-15,185.8500,"Astera Labs, Inc.",USD,2026-09-26T00:36:51+00:00
ALAB,2025-08-18,186.4300,"Astera Labs, Inc.",USD,2026-09-26T00:36:51+00:00
ALAB,2025-08-19,171.0600,"Astera Labs, Inc.",USD,2026-09-26T00:36:51+00:00
ALAB,2025-08-20,172.4500,"Astera Labs, Inc.",USD,2026-09-26T00:36:51+00:00
ALAB,2025-08-21,177.5300,"Astera Labs, Inc.",USD,2026-09-26T00:36:51+00:00
ALAB,2025-08-22,179.0900,"Astera Labs, Inc.",USD,2026-09-26T00:36:51+00:00
ALAB,2025-08-25,174.1500,"Astera Labs, Inc.",USD,2026-09-26T00:36:51+00:00
ALAB,2025-08-26,178.5600,"Astera Labs, Inc.",USD,2026-09-26T00:36:51+00:00
ALAB,2025-08-27,179.2000,"Astera Labs, Inc.",USD,2026-09-26T00:36:51+00:00
ALAB,2025-08-28,189.1500,"Astera Labs, Inc.",USD,2026-09-26T00:36:51+00:00
ALAB,2025-08-29,182.2000,"Astera Labs, Inc.",USD,2026-09-26T00:36:51+00:00
ALAB,2025-09-02,174.2400,"Astera Labs, Inc.",USD,2026-09-26T00:36:51+00:00
ALAB,2025-09-03,176.6100,"Astera Labs, Inc.",USD,2026-09-26T00:36:51+00:00
ALAB,2025-09-04,187.9500,"Astera Labs, Inc.",USD,2026-09-26T00:36:51+00:00
ALAB,2025-09-05,191.2000,"Astera Labs, Inc.",USD,2026-09-26T00:36:51+00:00
ALAB,2025-09-08,216.1000,"Astera Labs, Inc.",USD,2026-09-26T00:36:51+00:00
ALAB,2025-09-09,214.4900,"Astera Labs, Inc.",USD,2026-09-26T00:36:51+00:00
ALAB,2025-09-10,230.3700,"Astera Labs, Inc.",USD,2026-09-26T00:36:51+00:00
ALAB,2025-09-11,232.9000,"Astera Labs, Inc.",USD,2026-09-26T00:36:51+00:00
ALAB,2025-09-12,229.5000,"Astera Labs, Inc.",USD,2026-09-26T00:36:51+00:00
ALAB,2025-09-15,231.2900,"Astera Labs, Inc.",USD,2026-09-26T00:36:51+00:00
ALAB,2025-09-16,238.7900,"Astera Labs, Inc.",USD,2026-09-26T00:36:51+00:00
ALAB,2025-09-17,249.3800,"Astera Labs, Inc.",USD,2026-09-26T00:36:51+00:00
ALAB,2025-09-18,251.8800,"Astera Labs, Inc.",USD,2026-09-26T00:36:51+00:00
ALAB,2025-09-19,245.2000,"Astera Labs, Inc.",USD,2026-09-26T00:36:51+00:00
ALAB,2025-09-22,237.3000,"Astera Labs, Inc.",USD,2026-09-26T00:36:51+00:00
ALAB,2025-09-23,230.1100,"Astera Labs, Inc.",USD,2026-09-26T00:36:51+00:00
ALAB,2025-09-24,205.2700,"Astera Labs, Inc.",USD,2026-09-26T00:36:51+00:00
ALAB,2025-09-25,200.6400,"Astera Labs, Inc.",USD,2026-09-26T00:36:51+00:00
ALAB,2025-09-26,197.7800,"Astera Labs, Inc.",USD,2026-09-26T00:36:51+00:00
ALAB,2025-09-29,198.8000,"Astera Labs, Inc.",USD,2026-09-26T00:36:51+00:00
ALAB,2025-09-30,195.8000,"Astera Labs, Inc.",USD,2026-09-26T00:36:51+00:00
ALAB,2025-10-01,194.5000,"Astera Labs, Inc.",USD,2026-09-26T00:36:51+00:00
ALAB,2025-10-02,209.6000,"Astera Labs, Inc.",USD,2026-09-26T00:36:51+00:00
ALAB,2025-10-03,200.7400,"Astera Labs, Inc.",USD,2026-09-26T00:36:51+00:00
ALAB,2025-10-06,220.8100,"Astera Labs, Inc.",USD,2026-09-26T00:36:51+00:00
ALAB,2025-10-07,212.1000,"Astera Labs, Inc.",USD,2026-09-26T00:36:51+00:00
ALAB,2025-10-08,219.3600,"Astera Labs, Inc.",USD,2026-09-26T00:36:51+00:00
ALAB,2025-10-09,225.4300,"Astera Labs, Inc.",USD,2026-09-26T00:36:51+00:00
ALAB,2025-10-10,206.2100,"Astera Labs, Inc.",USD,2026-09-26T00:36:51+00:00
ALAB,2025-10-13,199.5300,"Astera Labs, Inc.",USD,2026-09-26T00:36:51+00:00
ALAB,2025-10-14,161.5500,"Astera Labs, Inc.",USD,2026-09-26T00:36:51+00:00
ALAB,2025-10-15,161.4650,"Astera Labs, Inc.",USD,2026-09-26T00:36:51+00:00
ALAB,2025-10-16,163.5500,"Astera Labs, Inc.",USD,2026-09-26T00:36:51+00:00
ALAB,2025-10-17,159.8000,"Astera Labs, Inc.",USD,2026-09-26T00:36:51+00:00
ALAB,2025-10-20,156.3100,"Astera Labs, Inc.",USD,2026-09-26T00:36:51+00:00
ALAB,2025-10-21,157.5100,"Astera Labs, Inc.",USD,2026-09-26T00:36:51+00:00
ALAB,2025-10-22,154.8500,"Astera Labs, Inc.",USD,2026-09-26T00:36:51+00:00
ALAB,2025-10-23,163.6400,"Astera Labs, Inc.",USD,2026-09-26T00:36:51+00:00
ALAB,2025-10-24,164.9700,"Astera Labs, Inc.",USD,2026-09-26T00:36:51+00:00
ALAB,2025-10-27,170.2800,"Astera Labs, Inc.",USD,2026-09-26T00:36:51+00:00
ALAB,2025-10-28,168.2500,"Astera Labs, Inc.",USD,2026-09-26T00:36:51+00:00
ALAB,2025-10-29,173.6200,"Astera Labs, Inc.",USD,2026-09-26T00:36:51+00:00
ALAB,2025-10-30,169.5500,"Astera Labs, Inc.",USD,2026-09-26T00:36:51+00:00
ALAB,2025-10-31,186.6800,"Astera Labs, Inc.",USD,2026-09-26T00:36:51+00:00
ALAB,2025-11-03,191.5600,"Astera Labs, Inc.",USD,2026-09-26T00:36:51+00:00
ALAB,2025-11-04,179.3100,"Astera Labs, Inc.",USD,2026-09-26T00:36:51+00:00
ALAB,2025-11-05,181.9400,"Astera Labs, Inc.",USD,2026-09-26T00:36:51+00:00
ALAB,2025-11-06,162.8300,"Astera Labs, Inc.",USD,2026-09-26T00:36:51+00:00
ALAB,2025-11-07,165.4900,"Astera Labs, Inc.",USD,2026-09-26T00:36:51+00:00
ALAB,2025-11-10,173.7400,"Astera Labs, Inc.",USD,2026-09-26T00:36:51+00:00
ALAB,2025-11-11,167.5500,"Astera Labs, Inc.",USD,2026-09-26T00:36:51+00:00
ALAB,2025-11-12,157.7900,"Astera Labs, Inc.",USD,2026-09-26T00:36:51+00:00
ALAB,2025-11-13,144.4700,"Astera Labs, Inc.",USD,2026-09-26T00:36:51+00:00
ALAB,2025-11-14,144.3400,"Astera Labs, Inc.",USD,2026-09-26T00:36:51+00:00
ALAB,2025-11-17,141.3900,"Astera Labs, Inc.",USD,2026-09-26T00:36:51+00:00
ALAB,2025-11-18,139.5200,"Astera Labs, Inc.",USD,2026-09-26T00:36:51+00:00
ALAB,2025-11-19,142.0100,"Astera Labs, Inc.",USD,2026-09-26T00:36:51+00:00
ALAB,2025-11-20,139.2900,"Astera Labs, Inc.",USD,2026-09-26T00:36:51+00:00
ALAB,2025-11-21,141.8000,"Astera Labs, Inc.",USD,2026-09-26T00:36:51+00:00
ALAB,2025-11-24,147.7500,"Astera Labs, Inc.",USD,2026-09-26T00:36:51+00:00
ALAB,2025-11-25,144.7800,"Astera Labs, Inc.",USD,2026-09-26T00:36:51+00:00
ALAB,2025-11-26,154.2200,"Astera Labs, Inc.",USD,2026-09-26T00:36:51+00:00
ALAB,2025-11-28,157.5700,"Astera Labs, Inc.",USD,2026-09-26T00:36:51+00:00
ALAB,2025-12-01,165.1900,"Astera Labs, Inc.",USD,2026-09-26T00:36:51+00:00
ALAB,2025-12-02,142.9400,"Astera Labs, Inc.",USD,2026-09-26T00:36:51+00:00
ALAB,2025-12-03,152.5000,"Astera Labs, Inc.",USD,2026-09-26T00:36:51+00:00
ALAB,2025-12-04,152.5100,"Astera Labs, Inc.",USD,2026-09-26T00:36:51+00:00
ALAB,2025-12-05,161.2300,"Astera Labs, Inc.",USD,2026-09-26T00:36:51+00:00
ALAB,2025-12-08,175.7400,"Astera Labs, Inc.",USD,2026-09-26T00:36:51+00:00
ALAB,2025-12-09,167.0800,"Astera Labs, Inc.",USD,2026-09-26T00:36:51+00:00
ALAB,2025-12-10,164.3150,"Astera Labs, Inc.",USD,2026-09-26T00:36:51+00:00
ALAB,2025-12-11,173.7000,"Astera Labs, Inc.",USD,2026-09-26T00:36:51+00:00
ALAB,2025-12-12,148.8500,"Astera Labs, Inc.",USD,2026-09-26T00:36:51+00:00
ALAB,2025-12-15,143.6600,"Astera Labs, Inc.",USD,2026-09-26T00:36:51+00:00
ALAB,2025-12-16,144.9400,"Astera Labs, Inc.",USD,2026-09-26T00:36:51+00:00
ALAB,2025-12-17,140.2400,"Astera Labs, Inc.",USD,2026-09-26T00:36:51+00:00
ALAB,2025-12-18,145.8800,"Astera Labs, Inc.",USD,2026-09-26T00:36:51+00:00
ALAB,2025-12-19,164.4000,"Astera Labs, Inc.",USD,2026-09-26T00:36:51+00:00
ALAB,2025-12-22,172.6200,"Astera Labs, Inc.",USD,2026-09-26T00:36:51+00:00
ALAB,2025-12-23,168.8300,"Astera Labs, Inc.",USD,2026-09-26T00:36:51+00:00
ALAB,2025-12-24,169.9700,"Astera Labs, Inc.",USD,2026-09-26T00:36:51+00:00
ALAB,2025-12-26,167.2600,"Astera Labs, Inc.",USD,2026-09-26T00:36:51+00:00
ALAB,2025-12-29,170.1050,"Astera Labs, Inc.",USD,2026-09-26T00:36:51+00:00
ALAB,2025-12-30,170.8400,"Astera Labs, Inc.",USD,2026-09-26T00:36:51+00:00
ALAB,2025-12-31,166.3600,"Astera Labs, Inc.",USD,2026-09-26T00:36:51+00:00
ALAB,2026-01-02,179.5600,"Astera Labs, Inc.",USD,2026-09-26T00:36:51+00:00
ALAB,2026-01-05,167.1100,"Astera Labs, Inc.",USD,2026-09-26T00:36:51+00:00
ALAB,2026-01-06,161.0100,"Astera Labs, Inc.",USD,2026-09-26T00:36:51+00:00
ALAB,2026-01-07,165.7700,"Astera Labs, Inc.",USD,2026-09-26T00:36:51+00:00
ALAB,2026-01-08,156.7300,"Astera Labs, Inc.",USD,2026-09-26T00:36:51+00:00
ALAB,2026-01-09,162.6100,"Astera Labs, Inc.",USD,2026-09-26T00:36:51+00:00
ALAB,2026-01-12,172.5700,"Astera Labs, Inc.",USD,2026-09-26T00:36:51+00:00
ALAB,2026-01-13,180.5600,"Astera Labs, Inc.",USD,2026-09-26T00:36:51+00:00
ALAB,2026-01-14,172.1400,"Astera Labs, Inc.",USD,2026-09-26T00:36:51+00:00
ALAB,2026-01-15,174.4500,"Astera Labs, Inc.",USD,2026-09-26T00:36:51+00:00
ALAB,2026-01-16,182.0000,"Astera Labs, Inc.",USD,2026-09-26T00:36:51+00:00
ALAB,2026-01-20,183.7500,"Astera Labs, Inc.",USD,2026-09-26T00:36:51+00:00
ALAB,2026-01-21,176.0050,"Astera Labs, Inc.",USD,2026-09-26T00:36:51+00:00
ALAB,2026-01-22,176.3500,"Astera Labs, Inc.",USD,2026-09-26T00:36:51+00:00
ALAB,2026-01-23,169.6600,"Astera Labs, Inc.",USD,2026-09-26T00:36:51+00:00
ALAB,2026-01-26,163.2500,"Astera Labs, Inc.",USD,2026-09-26T00:36:51+00:00
ALAB,2026-01-27,170.9300,"Astera Labs, Inc.",USD,2026-09-26T00:36:51+00:00
ALAB,2026-01-28,167.9000,"Astera Labs, Inc.",USD,2026-09-26T00:36:51+00:00
ALAB,2026-01-29,160.4600,"Astera Labs, Inc.",USD,2026-09-26T00:36:51+00:00
ALAB,2026-01-30,150.6200,"Astera Labs, Inc.",USD,2026-09-26T00:36:51+00:00
ALAB,2026-02-02,152.4400,"Astera Labs, Inc.",USD,2026-09-26T00:36:51+00:00
ALAB,2026-02-03,158.5200,"Astera Labs, Inc.",USD,2026-09-26T00:36:51+00:00
ALAB,2026-02-04,144.6700,"Astera Labs, Inc.",USD,2026-09-26T00:36:51+00:00
ALAB,2026-02-05,142.8200,"Astera Labs, Inc.",USD,2026-09-26T00:36:51+00:00
ALAB,2026-02-06,169.8500,"Astera Labs, Inc.",USD,2026-09-26T00:36:51+00:00
ALAB,2026-02-09,187.6700,"Astera Labs, Inc.",USD,2026-09-26T00:36:51+00:00
ALAB,2026-02-10,182.8600,"Astera Labs, Inc.",USD,2026-09-26T00:36:51+00:00
ALAB,2026-02-11,143.7100,"Astera Labs, Inc.",USD,2026-09-26T00:36:51+00:00
ALAB,2026-02-12,126.5800,"Astera Labs, Inc.",USD,2026-09-26T00:36:51+00:00
ALAB,2026-02-13,129.3200,"Astera Labs, Inc.",USD,2026-09-26T00:36:51+00:00
ALAB,2026-02-17,123.6900,"Astera Labs, Inc.",USD,2026-09-26T00:36:51+00:00
ALAB,2026-02-18,129.5800,"Astera Labs, Inc.",USD,2026-09-26T00:36:51+00:00
ALAB,2026-02-19,132.6200,"Astera Labs, Inc.",USD,2026-09-26T00:36:51+00:00
ALAB,2026-02-20,129.6800,"Astera Labs, Inc.",USD,2026-09-26T00:36:51+00:00
ALAB,2026-02-23,128.2400,"Astera Labs, Inc.",USD,2026-09-26T00:36:51+00:00
ALAB,2026-02-24,128.4000,"Astera Labs, Inc.",USD,2026-09-26T00:36:51+00:00
ALAB,2026-02-25,128.1500,"Astera Labs, Inc.",USD,2026-09-26T00:36:51+00:00
ALAB,2026-02-26,124.6700,"Astera Labs, Inc.",USD,2026-09-26T00:36:51+00:00
ALAB,2026-02-27,118.8300,"Astera Labs, Inc.",USD,2026-09-26T00:36:51+00:00
ALAB,2026-03-02,120.5500,"Astera Labs, Inc.",USD,2026-09-26T00:36:51+00:00
ALAB,2026-03-03,109.8000,"Astera Labs, Inc.",USD,2026-09-26T00:36:51+00:00
ALAB,2026-03-04,113.7700,"Astera Labs, Inc.",USD,2026-09-26T00:36:51+00:00
ALAB,2026-03-05,120.0000,"Astera Labs, Inc.",USD,2026-09-26T00:36:51+00:00
ALAB,2026-03-06,119.2000,"Astera Labs, Inc.",USD,2026-09-26T00:36:51+00:00
ALAB,2026-03-09,122.3100,"Astera Labs, Inc.",USD,2026-09-26T00:36:51+00:00
ALAB,2026-03-10,116.4800,"Astera Labs, Inc.",USD,2026-09-26T00:36:51+00:00
ALAB,2026-03-11,124.7100,"Astera Labs, Inc.",USD,2026-09-26T00:36:51+00:00
ALAB,2026-03-12,119.9000,"Astera Labs, Inc.",USD,2026-09-26T00:36:51+00:00
ALAB,2026-03-13,120.3100,"Astera Labs, Inc.",USD,2026-09-26T00:36:51+00:00
ALAB,2026-03-16,127.4800,"Astera Labs, Inc.",USD,2026-09-26T00:36:51+00:00
ALAB,2026-03-17,127.5700,"Astera Labs, Inc.",USD,2026-09-26T00:36:51+00:00
ALAB,2026-03-18,126.3400,"Astera Labs, Inc.",USD,2026-09-26T00:36:51+00:00
ALAB,2026-03-19,126.1600,"Astera Labs, Inc.",USD,2026-09-26T00:36:51+00:00
ALAB,2026-03-20,116.0400,"Astera Labs, Inc.",USD,2026-09-26T00:36:51+00:00
ALAB,2026-03-23,123.8700,"Astera Labs, Inc.",USD,2026-09-26T00:36:51+00:00
ALAB,2026-03-24,121.7600,"Astera Labs, Inc.",USD,2026-09-26T00:36:51+00:00
ALAB,2026-03-25,120.3300,"Astera Labs, Inc.",USD,2026-09-26T00:36:51+00:00
ALAB,2026-03-26,113.6050,"Astera Labs, Inc.",USD,2026-09-26T00:36:51+00:00
ALAB,2026-03-27,112.4700,"Astera Labs, Inc.",USD,2026-09-26T00:36:51+00:00
ALAB,2026-03-30,100.2700,"Astera Labs, Inc.",USD,2026-09-26T00:36:51+00:00
ALAB,2026-03-31,109.6000,"Astera Labs, Inc.",USD,2026-09-26T00:36:51+00:00
ALAB,2026-04-01,106.3300,"Astera Labs, Inc.",USD,2026-09-26T00:36:51+00:00
ALAB,2026-04-02,117.1400,"Astera Labs, Inc.",USD,2026-09-26T00:36:51+00:00
ALAB,2026-04-06,117.9900,"Astera Labs, Inc.",USD,2026-09-26T00:36:51+00:00
ALAB,2026-04-07,118.9900,"Astera Labs, Inc.",USD,2026-09-26T00:36:51+00:00
ALAB,2026-04-08,125.4600,"Astera Labs, Inc.",USD,2026-09-26T00:36:51+00:00
ALAB,2026-04-09,129.4600,"Astera Labs, Inc.",USD,2026-09-26T00:36:51+00:00
ALAB,2026-04-10,149.0500,"Astera Labs, Inc.",USD,2026-09-26T00:36:51+00:00
ALAB,2026-04-13,166.7950,"Astera Labs, Inc.",USD,2026-09-26T00:36:51+00:00
ALAB,2026-04-14,170.6000,"Astera Labs, Inc.",USD,2026-09-26T00:36:51+00:00
ALAB,2026-04-15,172.0900,"Astera Labs, Inc.",USD,2026-09-26T00:36:51+00:00
ALAB,2026-04-16,170.8100,"Astera Labs, Inc.",USD,2026-09-26T00:36:51+00:00
ALAB,2026-04-17,174.0500,"Astera Labs, Inc.",USD,2026-09-26T00:36:51+00:00
ALAB,2026-04-20,175.8000,"Astera Labs, Inc.",USD,2026-09-26T00:36:51+00:00
ALAB,2026-04-21,191.9700,"Astera Labs, Inc.",USD,2026-09-26T00:36:51+00:00
ALAB,2026-04-22,194.0600,"Astera Labs, Inc.",USD,2026-09-26T00:36:51+00:00
ALAB,2026-04-23,197.5400,"Astera Labs, Inc.",USD,2026-09-26T00:36:51+00:00
ALAB,2026-04-24,212.8400,"Astera Labs, Inc.",USD,2026-09-26T00:36:51+00:00
ALAB,2026-04-27,196.6400,"Astera Labs, Inc.",USD,2026-09-26T00:36:51+00:00
ALAB,2026-04-28,183.3100,"Astera Labs, Inc.",USD,2026-09-26T00:36:51+00:00
ALAB,2026-04-29,196.8500,"Astera Labs, Inc.",USD,2026-09-26T00:36:51+00:00
ALAB,2026-04-30,194.7400,"Astera Labs, Inc.",USD,2026-09-26T00:36:51+00:00
ALAB,2026-05-01,202.6800,"Astera Labs, Inc.",USD,2026-09-26T00:36:51+00:00
ALAB,2026-05-04,201.2500,"Astera Labs, Inc.",USD,2026-09-26T00:36:51+00:00
ALAB,2026-05-05,215.6900,"Astera Labs, Inc.",USD,2026-09-26T00:36:51+00:00
ALAB,2026-05-06,213.9100,"Astera Labs, Inc.",USD,2026-09-26T00:36:51+00:00
ALAB,2026-05-07,195.6500,"Astera Labs, Inc.",USD,2026-09-26T00:36:51+00:00
ALAB,2026-05-08,199.7900,"Astera Labs, Inc.",USD,2026-09-26T00:36:51+00:00
ALAB,2026-05-11,207.3500,"Astera Labs, Inc.",USD,2026-09-26T00:36:51+00:00
ALAB,2026-05-12,204.4200,"Astera Labs, Inc.",USD,2026-09-26T00:36:51+00:00
ALAB,2026-05-13,224.0900,"Astera Labs, Inc.",USD,2026-09-26T00:36:51+00:00
ALAB,2026-05-14,228.6400,"Astera Labs, Inc.",USD,2026-09-26T00:36:51+00:00
ALAB,2026-05-15,232.6800,"Astera Labs, Inc.",USD,2026-09-26T00:36:51+00:00
ALAB,2026-05-18,215.5800,"Astera Labs, Inc.",USD,2026-09-26T00:36:51+00:00
ALAB,2026-05-19,244.2600,"Astera Labs, Inc.",USD,2026-09-26T00:36:51+00:00
ALAB,2026-05-20,287.4800,"Astera Labs, Inc.",USD,2026-09-26T00:36:51+00:00
ALAB,2026-05-21,297.8400,"Astera Labs, Inc.",USD,2026-09-26T00:36:51+00:00
ALAB,2026-05-22,306.8800,"Astera Labs, Inc.",USD,2026-09-26T00:36:51+00:00
ALAB,2026-05-26,318.7200,"Astera Labs, Inc.",USD,2026-09-26T00:36:51+00:00
ALAB,2026-05-27,325.3300,"Astera Labs, Inc.",USD,2026-09-26T00:36:51+00:00
ALAB,2026-05-28,349.1700,"Astera Labs, Inc.",USD,2026-09-26T00:36:51+00:00
ALAB,2026-05-29,342.8500,"Astera Labs, Inc.",USD,2026-09-26T00:36:51+00:00
ALAB,2026-06-01,320.0900,"Astera Labs, Inc.",USD,2026-09-26T00:36:51+00:00
ALAB,2026-06-02,355.7600,"Astera Labs, Inc.",USD,2026-09-26T00:36:51+00:00
ALAB,2026-06-03,363.5400,"Astera Labs, Inc.",USD,2026-09-26T00:36:51+00:00
ALAB,2026-06-04,358.0500,"Astera Labs, Inc.",USD,2026-09-26T00:36:51+00:00
ALAB,2026-06-05,317.0600,"Astera Labs, Inc.",USD,2026-09-26T00:36:51+00:00
ALAB,2026-06-08,346.3300,"Astera Labs, Inc.",USD,2026-09-26T00:36:51+00:00
ALAB,2026-06-09,341.7000,"Astera Labs, Inc.",USD,2026-09-26T00:36:51+00:00
ALAB,2026-06-10,330.8600,"Astera Labs, Inc.",USD,2026-09-26T00:36:51+00:00
ALAB,2026-06-11,367.4700,"Astera Labs, Inc.",USD,2026-09-26T00:36:51+00:00
ALAB,2026-06-12,367.1500,"Astera Labs, Inc.",USD,2026-09-26T00:36:51+00:00
ALAB,2026-06-15,389.2000,"Astera Labs, Inc.",USD,2026-09-26T00:36:51+00:00
ALAB,2026-06-16,361.7100,"Astera Labs, Inc.",USD,2026-09-26T00:36:51+00:00
ALAB,2026-06-17,374.6800,"Astera Labs, Inc.",USD,2026-09-26T00:36:51+00:00
ALAB,2026-06-18,417.0700,"Astera Labs, Inc.",USD,2026-09-26T00:36:51+00:00
ALAB,2026-06-22,439.6600,"Astera Labs, Inc.",USD,2026-09-26T00:36:51+00:00
ALAB,2026-06-23,397.0200,"Astera Labs, Inc.",USD,2026-09-26T00:36:51+00:00
ALAB,2026-06-24,399.9200,"Astera Labs, Inc.",USD,2026-09-26T00:36:51+00:00
ALAB,2026-06-25,398.0000,"Astera Labs, Inc.",USD,2026-09-26T00:36:51+00:00
ALAB,2026-06-26,391.7400,"Astera Labs, Inc.",USD,2026-09-26T00:36:51+00:00
ALAB,2026-06-29,455.9600,"Astera Labs, Inc.",USD,2026-09-26T00:36:51+00:00
ALAB,2026-06-30,483.0200,"Astera Labs, Inc.",USD,2026-09-26T00:36:51+00:00
ALAB,2026-07-01,430.8600,"Astera Labs, Inc.",USD,2026-09-26T00:36:51+00:00
ALAB,2026-07-02,406.4200,"Astera Labs, Inc.",USD,2026-09-26T00:36:51+00:00
ALAB,2026-07-06,432.7400,"Astera Labs, Inc.",USD,2026-09-26T00:36:51+00:00
ALAB,2026-07-07,382.8900,"Astera Labs, Inc.",USD,2026-09-26T00:36:51+00:00
ALAB,2026-07-08,393.1600,"Astera Labs, Inc.",USD,2026-09-26T00:36:51+00:00
ALAB,2026-07-09,417.4500,"Astera Labs, Inc.",USD,2026-09-26T00:36:51+00:00
ALAB,2026-07-10,412.9700,"Astera Labs, Inc.",USD,2026-09-26T00:36:51+00:00
ALAB,2026-07-13,362.0500,"Astera Labs, Inc.",USD,2026-09-26T00:36:51+00:00
ALAB,2026-07-14,361.7800,"Astera Labs, Inc.",USD,2026-09-26T00:36:51+00:00
ALAB,2026-07-15,350.6200,"Astera Labs, Inc.",USD,2026-09-26T00:36:51+00:00
ALAB,2026-07-16,319.7400,"Astera Labs, Inc.",USD,2026-09-26T00:36:51+00:00
ALAB,2026-07-17,303.6200,"Astera Labs, Inc.",USD,2026-09-26T00:36:51+00:00
ALAB,2026-07-20,309.0900,"Astera Labs, Inc.",USD,2026-09-26T00:36:51+00:00
ALAB,2026-07-21,319.7900,"Astera Labs, Inc.",USD,2026-09-26T00:36:51+00:00
ALAB,2026-07-22,330.8950,"Astera Labs, Inc.",USD,2026-09-26T00:36:51+00:00
ALAB,2026-07-23,326.9700,"Astera Labs, Inc.",USD,2026-09-26T00:36:51+00:00
ALAB,2026-07-24,291.5800,"Astera Labs, Inc.",USD,2026-09-26T00:36:51+00:00
ALAB,2026-07-27,282.5200,"Astera Labs, Inc.",USD,2026-09-26T00:36:51+00:00
ALAB,2026-07-28,260.2300,"Astera Labs, Inc.",USD,2026-09-26T00:36:51+00:00
ALAB,2026-07-29,249.7400,"Astera Labs, Inc.",USD,2026-09-26T00:36:51+00:00
ALAB,2026-07-30,299.6900,"Astera Labs, Inc.",USD,2026-09-26T00:36:51+00:00
ALAB,2026-07-31,311.2300,"Astera Labs, Inc.",USD,2026-09-26T00:36:51+00:00
ALAB,2026-08-03,321.0500,"Astera Labs, Inc.",USD,2026-09-26T00:36:51+00:00
ALAB,2026-08-04,361.6700,"Astera Labs, Inc.",USD,2026-09-26T00:36:51+00:00
ALAB,2026-08-05,318.4300,"Astera Labs, Inc.",USD,2026-09-26T00:36:51+00:00
ALAB,2026-08-06,331.5000,"Astera Labs, Inc.",USD,2026-09-26T00:36:51+00:00
ALAB,2026-08-07,334.1700,"Astera Labs, Inc.",USD,2026-09-26T00:36:51+00:00
ALAB,2026-08-10,317.2300,"Astera Labs, Inc.",USD,2026-09-26T00:36:51+00:00
ALAB,2026-08-11,311.9900,"Astera Labs, Inc.",USD,2026-09-26T00:36:51+00:00
ALAB,2026-08-12,318.8000,"Astera Labs, Inc.",USD,2026-09-26T00:36:51+00:00
ALAB,2026-08-13,322.7800,"Astera Labs, Inc.",USD,2026-09-26T00:36:51+00:00
ALAB,2026-08-14,321.6100,"Astera Labs, Inc.",USD,2026-09-26T00:36:51+00:00
ALAB,2026-08-17,320.1700,"Astera Labs, Inc.",USD,2026-09-26T00:36:51+00:00
ALAB,2026-08-18,303.4400,"Astera Labs, Inc.",USD,2026-09-26T00:36:51+00:00
ALAB,2026-08-19,289.0200,"Astera Labs, Inc.",USD,2026-09-26T00:36:51+00:00
ALAB,2026-08-20,290.5200,"Astera Labs, Inc.",USD,2026-09-26T00:36:51+00:00
ALAB,2026-08-21,284.9700,"Astera Labs, Inc.",USD,2026-09-26T00:36:51+00:00
ALAB,2026-08-24,277.5300,"Astera Labs, Inc.",USD,2026-09-26T00:36:51+00:00
ALAB,2026-08-25,282.6500,"Astera Labs, Inc.",USD,2026-09-26T00:36:51+00:00
ALAB,2026-08-26,290.3000,"Astera Labs, Inc.",USD,2026-09-26T00:36:51+00:00
ALAB,2026-08-27,304.0900,"Astera Labs, Inc.",USD,2026-09-26T00:36:51+00:00
ALAB,2026-08-28,289.4700,"Astera Labs, Inc.",USD,2026-09-26T00:36:51+00:00
ALAB,2026-08-31,296.9800,"Astera Labs, Inc.",USD,2026-09-26T00:36:51+00:00
ALAB,2026-09-01,279.9100,"Astera Labs, Inc.",USD,2026-09-26T00:36:51+00:00
ALAB,2026-09-02,274.1300,"Astera Labs, Inc.",USD,2026-09-26T00:36:51+00:00
ALAB,2026-09-03,282.8200,"Astera Labs, Inc.",USD,2026-09-26T00:36:51+00:00
ALAB,2026-09-04,310.4000,"Astera Labs, Inc.",USD,2026-09-26T00:36:51+00:00
ALAB,2026-09-08,288.8500,"Astera Labs, Inc.",USD,2026-09-26T00:36:51+00:00
ALAB,2026-09-09,300.5400,"Astera Labs, Inc.",USD,2026-09-26T00:36:51+00:00
ALAB,2026-09-10,284.5300,"Astera Labs, Inc.",USD,2026-09-26T00:36:51+00:00
ALAB,2026-09-11,291.2200,"Astera Labs, Inc.",USD,2026-09-26T00:36:51+00:00
ALAB,2026-09-14,257.0400,"Astera Labs, Inc.",USD,2026-09-26T00:36:51+00:00
ALAB,2026-09-15,252.5400,"Astera Labs, Inc.",USD,2026-09-26T00:36:51+00:00
ALAB,2026-09-16,269.1800,"Astera Labs, Inc.",USD,2026-09-26T00:36:51+00:00
ALAB,2026-09-17,293.5600,"Astera Labs, Inc.",USD,2026-09-26T00:36:51+00:00
ALAB,2026-09-18,303.2500,"Astera Labs, Inc.",USD,2026-09-26T00:36:51+00:00
ALAB,2026-09-21,340.7400,"Astera Labs, Inc.",USD,2026-09-26T00:36:51+00:00
ALAB,2026-09-22,363.4600,"Astera Labs, Inc.",USD,2026-09-26T00:36:51+00:00
ALAB,2026-09-23,360.4600,"Astera Labs, Inc.",USD,2026-09-26T00:36:51+00:00
ALAB,2026-09-24,360.5100,"Astera Labs, Inc.",USD,2026-09-26T00:36:51+00:00
ALAB,2026-09-25,364.6200,"Astera Labs, Inc.",USD,2026-09-25T23:17:43+00:00
COHR,2025-07-31,107.6000,Coherent Corp.,USD,2026-09-24T23:11:57+00:00
COHR,2025-08-01,102.7900,Coherent Corp.,USD,2026-09-25T23:17:43+00:00
COHR,2025-08-04,106.7400,Coherent Corp.,USD,2026-09-26T00:36:51+00:00
COHR,2025-08-05,105.6000,Coherent Corp.,USD,2026-09-26T00:36:51+00:00
COHR,2025-08-06,107.1500,Coherent Corp.,USD,2026-09-26T00:36:51+00:00
COHR,2025-08-07,113.8200,Coherent Corp.,USD,2026-09-26T00:36:51+00:00
COHR,2025-08-08,115.4400,Coherent Corp.,USD,2026-09-26T00:36:51+00:00
COHR,2025-08-11,113.6000,Coherent Corp.,USD,2026-09-26T00:36:51+00:00
COHR,2025-08-12,116.5600,Coherent Corp.,USD,2026-09-26T00:36:51+00:00
COHR,2025-08-13,114.0100,Coherent Corp.,USD,2026-09-26T00:36:51+00:00
COHR,2025-08-14,91.6500,Coherent Corp.,USD,2026-09-26T00:36:51+00:00
COHR,2025-08-15,93.4000,Coherent Corp.,USD,2026-09-26T00:36:51+00:00
COHR,2025-08-18,90.4900,Coherent Corp.,USD,2026-09-26T00:36:51+00:00
COHR,2025-08-19,87.7600,Coherent Corp.,USD,2026-09-26T00:36:51+00:00
COHR,2025-08-20,86.5500,Coherent Corp.,USD,2026-09-26T00:36:51+00:00
COHR,2025-08-21,86.6000,Coherent Corp.,USD,2026-09-26T00:36:51+00:00
COHR,2025-08-22,89.9000,Coherent Corp.,USD,2026-09-26T00:36:51+00:00
COHR,2025-08-25,90.5000,Coherent Corp.,USD,2026-09-26T00:36:51+00:00
COHR,2025-08-26,91.5800,Coherent Corp.,USD,2026-09-26T00:36:51+00:00
COHR,2025-08-27,90.7100,Coherent Corp.,USD,2026-09-26T00:36:51+00:00
COHR,2025-08-28,95.2000,Coherent Corp.,USD,2026-09-26T00:36:51+00:00
COHR,2025-08-29,90.4700,Coherent Corp.,USD,2026-09-26T00:36:51+00:00
COHR,2025-09-02,87.8000,Coherent Corp.,USD,2026-09-26T00:36:51+00:00
COHR,2025-09-03,88.4700,Coherent Corp.,USD,2026-09-26T00:36:51+00:00
COHR,2025-09-04,95.6200,Coherent Corp.,USD,2026-09-26T00:36:51+00:00
COHR,2025-09-05,97.8400,Coherent Corp.,USD,2026-09-26T00:36:51+00:00
COHR,2025-09-08,98.6700,Coherent Corp.,USD,2026-09-26T00:36:51+00:00
COHR,2025-09-09,99.2200,Coherent Corp.,USD,2026-09-26T00:36:51+00:00
COHR,2025-09-10,103.4900,Coherent Corp.,USD,2026-09-26T00:36:51+00:00
COHR,2025-09-11,103.5100,Coherent Corp.,USD,2026-09-26T00:36:51+00:00
COHR,2025-09-12,102.9900,Coherent Corp.,USD,2026-09-26T00:36:51+00:00
COHR,2025-09-15,106.3400,Coherent Corp.,USD,2026-09-26T00:36:51+00:00
COHR,2025-09-16,104.4700,Coherent Corp.,USD,2026-09-26T00:36:51+00:00
COHR,2025-09-17,103.4100,Coherent Corp.,USD,2026-09-26T00:36:51+00:00
COHR,2025-09-18,108.0500,Coherent Corp.,USD,2026-09-26T00:36:51+00:00
COHR,2025-09-19,109.1100,Coherent Corp.,USD,2026-09-26T00:36:51+00:00
COHR,2025-09-22,114.6000,Coherent Corp.,USD,2026-09-26T00:36:51+00:00
COHR,2025-09-23,109.2900,Coherent Corp.,USD,2026-09-26T00:36:51+00:00
COHR,2025-09-24,106.5200,Coherent Corp.,USD,2026-09-26T00:36:51+00:00
COHR,2025-09-25,106.5700,Coherent Corp.,USD,2026-09-26T00:36:51+00:00
COHR,2025-09-26,106.9900,Coherent Corp.,USD,2026-09-26T00:36:51+00:00
COHR,2025-09-29,107.9700,Coherent Corp.,USD,2026-09-26T00:36:51+00:00
COHR,2025-09-30,107.7200,Coherent Corp.,USD,2026-09-26T00:36:51+00:00
COHR,2025-10-01,114.6500,Coherent Corp.,USD,2026-09-26T00:36:51+00:00
COHR,2025-10-02,112.7900,Coherent Corp.,USD,2026-09-26T00:36:51+00:00
COHR,2025-10-03,113.5800,Coherent Corp.,USD,2026-09-26T00:36:51+00:00
COHR,2025-10-06,114.7700,Coherent Corp.,USD,2026-09-26T00:36:51+00:00
COHR,2025-10-07,113.5600,Coherent Corp.,USD,2026-09-26T00:36:51+00:00
COHR,2025-10-08,116.6700,Coherent Corp.,USD,2026-09-26T00:36:51+00:00
COHR,2025-10-09,122.3500,Coherent Corp.,USD,2026-09-26T00:36:51+00:00
COHR,2025-10-10,111.1000,Coherent Corp.,USD,2026-09-26T00:36:51+00:00
COHR,2025-10-13,115.1300,Coherent Corp.,USD,2026-09-26T00:36:51+00:00
COHR,2025-10-14,109.3700,Coherent Corp.,USD,2026-09-26T00:36:51+00:00
COHR,2025-10-15,110.4100,Coherent Corp.,USD,2026-09-26T00:36:51+00:00
COHR,2025-10-16,115.9600,Coherent Corp.,USD,2026-09-26T00:36:51+00:00
COHR,2025-10-17,116.3500,Coherent Corp.,USD,2026-09-26T00:36:51+00:00
COHR,2025-10-20,120.2000,Coherent Corp.,USD,2026-09-26T00:36:51+00:00
COHR,2025-10-21,120.7900,Coherent Corp.,USD,2026-09-26T00:36:51+00:00
COHR,2025-10-22,115.3700,Coherent Corp.,USD,2026-09-26T00:36:51+00:00
COHR,2025-10-23,121.5200,Coherent Corp.,USD,2026-09-26T00:36:51+00:00
COHR,2025-10-24,129.3400,Coherent Corp.,USD,2026-09-26T00:36:51+00:00
COHR,2025-10-27,134.9900,Coherent Corp.,USD,2026-09-26T00:36:51+00:00
COHR,2025-10-28,134.2400,Coherent Corp.,USD,2026-09-26T00:36:51+00:00
COHR,2025-10-29,138.0600,Coherent Corp.,USD,2026-09-26T00:36:51+00:00
COHR,2025-10-30,132.7100,Coherent Corp.,USD,2026-09-26T00:36:51+00:00
COHR,2025-10-31,131.9600,Coherent Corp.,USD,2026-09-26T00:36:51+00:00
COHR,2025-11-03,132.0000,Coherent Corp.,USD,2026-09-26T00:36:51+00:00
COHR,2025-11-04,128.7000,Coherent Corp.,USD,2026-09-26T00:36:51+00:00
COHR,2025-11-05,134.6300,Coherent Corp.,USD,2026-09-26T00:36:51+00:00
COHR,2025-11-06,159.3000,Coherent Corp.,USD,2026-09-26T00:36:51+00:00
COHR,2025-11-07,154.5100,Coherent Corp.,USD,2026-09-26T00:36:51+00:00
COHR,2025-11-10,166.7200,Coherent Corp.,USD,2026-09-26T00:36:51+00:00
COHR,2025-11-11,158.0100,Coherent Corp.,USD,2026-09-26T00:36:51+00:00
COHR,2025-11-12,156.6700,Coherent Corp.,USD,2026-09-26T00:36:51+00:00
COHR,2025-11-13,139.9700,Coherent Corp.,USD,2026-09-26T00:36:51+00:00
COHR,2025-11-14,139.3300,Coherent Corp.,USD,2026-09-26T00:36:51+00:00
COHR,2025-11-17,139.0700,Coherent Corp.,USD,2026-09-26T00:36:51+00:00
COHR,2025-11-18,138.1500,Coherent Corp.,USD,2026-09-26T00:36:51+00:00
COHR,2025-11-19,142.9400,Coherent Corp.,USD,2026-09-26T00:36:51+00:00
COHR,2025-11-20,135.6100,Coherent Corp.,USD,2026-09-26T00:36:51+00:00
COHR,2025-11-21,139.5100,Coherent Corp.,USD,2026-09-26T00:36:51+00:00
COHR,2025-11-24,151.8100,Coherent Corp.,USD,2026-09-26T00:36:51+00:00
COHR,2025-11-25,148.8500,Coherent Corp.,USD,2026-09-26T00:36:51+00:00
COHR,2025-11-26,154.0000,Coherent Corp.,USD,2026-09-26T00:36:51+00:00
COHR,2025-11-28,164.2600,Coherent Corp.,USD,2026-09-26T00:36:51+00:00
COHR,2025-12-01,163.5000,Coherent Corp.,USD,2026-09-26T00:36:51+00:00
COHR,2025-12-02,164.8900,Coherent Corp.,USD,2026-09-26T00:36:51+00:00
COHR,2025-12-03,170.9600,Coherent Corp.,USD,2026-09-26T00:36:51+00:00
COHR,2025-12-04,177.3500,Coherent Corp.,USD,2026-09-26T00:36:51+00:00
COHR,2025-12-05,181.7900,Coherent Corp.,USD,2026-09-26T00:36:51+00:00
COHR,2025-12-08,185.8600,Coherent Corp.,USD,2026-09-26T00:36:51+00:00
COHR,2025-12-09,192.7300,Coherent Corp.,USD,2026-09-26T00:36:51+00:00
COHR,2025-12-10,197.4500,Coherent Corp.,USD,2026-09-26T00:36:51+00:00
COHR,2025-12-11,198.5000,Coherent Corp.,USD,2026-09-26T00:36:51+00:00
COHR,2025-12-12,178.3400,Coherent Corp.,USD,2026-09-26T00:36:51+00:00
COHR,2025-12-15,178.4500,Coherent Corp.,USD,2026-09-26T00:36:51+00:00
COHR,2025-12-16,175.2000,Coherent Corp.,USD,2026-09-26T00:36:51+00:00
COHR,2025-12-17,170.4400,Coherent Corp.,USD,2026-09-26T00:36:51+00:00
COHR,2025-12-18,175.7100,Coherent Corp.,USD,2026-09-26T00:36:51+00:00
COHR,2025-12-19,185.8300,Coherent Corp.,USD,2026-09-26T00:36:51+00:00
COHR,2025-12-22,190.9800,Coherent Corp.,USD,2026-09-26T00:36:51+00:00
COHR,2025-12-23,191.8700,Coherent Corp.,USD,2026-09-26T00:36:51+00:00
COHR,2025-12-24,191.3700,Coherent Corp.,USD,2026-09-26T00:36:51+00:00
COHR,2025-12-26,191.7200,Coherent Corp.,USD,2026-09-26T00:36:51+00:00
COHR,2025-12-29,189.0200,Coherent Corp.,USD,2026-09-26T00:36:51+00:00
COHR,2025-12-30,186.8100,Coherent Corp.,USD,2026-09-26T00:36:51+00:00
COHR,2025-12-31,184.5700,Coherent Corp.,USD,2026-09-26T00:36:51+00:00
COHR,2026-01-02,194.3300,Coherent Corp.,USD,2026-09-26T00:36:51+00:00
COHR,2026-01-05,186.3600,Coherent Corp.,USD,2026-09-26T00:36:51+00:00
COHR,2026-01-06,194.1100,Coherent Corp.,USD,2026-09-26T00:36:51+00:00
COHR,2026-01-07,191.6200,Coherent Corp.,USD,2026-09-26T00:36:51+00:00
COHR,2026-01-08,173.1500,Coherent Corp.,USD,2026-09-26T00:36:51+00:00
COHR,2026-01-09,178.0600,Coherent Corp.,USD,2026-09-26T00:36:51+00:00
COHR,2026-01-12,185.1800,Coherent Corp.,USD,2026-09-26T00:36:51+00:00
COHR,2026-01-13,190.0300,Coherent Corp.,USD,2026-09-26T00:36:51+00:00
COHR,2026-01-14,184.1100,Coherent Corp.,USD,2026-09-26T00:36:51+00:00
COHR,2026-01-15,195.9600,Coherent Corp.,USD,2026-09-26T00:36:51+00:00
COHR,2026-01-16,191.0400,Coherent Corp.,USD,2026-09-26T00:36:51+00:00
COHR,2026-01-20,193.4600,Coherent Corp.,USD,2026-09-26T00:36:51+00:00
COHR,2026-01-21,201.4600,Coherent Corp.,USD,2026-09-26T00:36:51+00:00
COHR,2026-01-22,202.7200,Coherent Corp.,USD,2026-09-26T00:36:51+00:00
COHR,2026-01-23,196.9400,Coherent Corp.,USD,2026-09-26T00:36:51+00:00
COHR,2026-01-26,197.7600,Coherent Corp.,USD,2026-09-26T00:36:51+00:00
COHR,2026-01-27,214.0000,Coherent Corp.,USD,2026-09-26T00:36:51+00:00
COHR,2026-01-28,221.1400,Coherent Corp.,USD,2026-09-26T00:36:51+00:00
COHR,2026-01-29,215.8600,Coherent Corp.,USD,2026-09-26T00:36:51+00:00
COHR,2026-01-30,212.1800,Coherent Corp.,USD,2026-09-26T00:36:51+00:00
COHR,2026-02-02,222.4400,Coherent Corp.,USD,2026-09-26T00:36:51+00:00
COHR,2026-02-03,229.1800,Coherent Corp.,USD,2026-09-26T00:36:51+00:00
COHR,2026-02-04,211.0000,Coherent Corp.,USD,2026-09-26T00:36:51+00:00
COHR,2026-02-05,209.2400,Coherent Corp.,USD,2026-09-26T00:36:51+00:00
COHR,2026-02-06,227.6800,Coherent Corp.,USD,2026-09-26T00:36:51+00:00
COHR,2026-02-09,242.4600,Coherent Corp.,USD,2026-09-26T00:36:51+00:00
COHR,2026-02-10,228.3700,Coherent Corp.,USD,2026-09-26T00:36:51+00:00
COHR,2026-02-11,223.6900,Coherent Corp.,USD,2026-09-26T00:36:51+00:00
COHR,2026-02-12,216.1000,Coherent Corp.,USD,2026-09-26T00:36:51+00:00
COHR,2026-02-13,217.2300,Coherent Corp.,USD,2026-09-26T00:36:51+00:00
COHR,2026-02-17,219.9600,Coherent Corp.,USD,2026-09-26T00:36:51+00:00
COHR,2026-02-18,223.8900,Coherent Corp.,USD,2026-09-26T00:36:51+00:00
COHR,2026-02-19,232.4800,Coherent Corp.,USD,2026-09-26T00:36:51+00:00
COHR,2026-02-20,248.1800,Coherent Corp.,USD,2026-09-26T00:36:51+00:00
COHR,2026-02-23,248.8900,Coherent Corp.,USD,2026-09-26T00:36:51+00:00
COHR,2026-02-24,254.8600,Coherent Corp.,USD,2026-09-26T00:36:51+00:00
COHR,2026-02-25,267.9000,Coherent Corp.,USD,2026-09-26T00:36:51+00:00
COHR,2026-02-26,250.1400,Coherent Corp.,USD,2026-09-26T00:36:51+00:00
COHR,2026-02-27,258.9300,Coherent Corp.,USD,2026-09-26T00:36:51+00:00
COHR,2026-03-02,298.9100,Coherent Corp.,USD,2026-09-26T00:36:51+00:00
COHR,2026-03-03,280.8100,Coherent Corp.,USD,2026-09-26T00:36:51+00:00
COHR,2026-03-04,274.8600,Coherent Corp.,USD,2026-09-26T00:36:51+00:00
COHR,2026-03-05,253.8700,Coherent Corp.,USD,2026-09-26T00:36:51+00:00
COHR,2026-03-06,235.7200,Coherent Corp.,USD,2026-09-26T00:36:51+00:00
COHR,2026-03-09,252.3200,Coherent Corp.,USD,2026-09-26T00:36:51+00:00
COHR,2026-03-10,260.6400,Coherent Corp.,USD,2026-09-26T00:36:51+00:00
COHR,2026-03-11,251.4100,Coherent Corp.,USD,2026-09-26T00:36:51+00:00
COHR,2026-03-12,241.2700,Coherent Corp.,USD,2026-09-26T00:36:51+00:00
COHR,2026-03-13,242.7600,Coherent Corp.,USD,2026-09-26T00:36:51+00:00
COHR,2026-03-16,247.3700,Coherent Corp.,USD,2026-09-26T00:36:51+00:00
COHR,2026-03-17,245.8000,Coherent Corp.,USD,2026-09-26T00:36:51+00:00
COHR,2026-03-18,257.2100,Coherent Corp.,USD,2026-09-26T00:36:51+00:00
COHR,2026-03-19,275.5700,Coherent Corp.,USD,2026-09-26T00:36:51+00:00
COHR,2026-03-20,253.6300,Coherent Corp.,USD,2026-09-26T00:36:51+00:00
COHR,2026-03-23,255.0500,Coherent Corp.,USD,2026-09-26T00:36:51+00:00
COHR,2026-03-24,272.3300,Coherent Corp.,USD,2026-09-26T00:36:51+00:00
COHR,2026-03-25,272.0400,Coherent Corp.,USD,2026-09-26T00:36:51+00:00
COHR,2026-03-26,243.2900,Coherent Corp.,USD,2026-09-26T00:36:51+00:00
COHR,2026-03-27,243.4800,Coherent Corp.,USD,2026-09-26T00:36:51+00:00
COHR,2026-03-30,219.6500,Coherent Corp.,USD,2026-09-26T00:36:51+00:00
COHR,2026-03-31,238.2100,Coherent Corp.,USD,2026-09-26T00:36:51+00:00
COHR,2026-04-01,247.8000,Coherent Corp.,USD,2026-09-26T00:36:51+00:00
COHR,2026-04-02,258.1600,Coherent Corp.,USD,2026-09-26T00:36:51+00:00
COHR,2026-04-06,253.2200,Coherent Corp.,USD,2026-09-26T00:36:51+00:00
COHR,2026-04-07,255.1000,Coherent Corp.,USD,2026-09-26T00:36:51+00:00
COHR,2026-04-08,281.7900,Coherent Corp.,USD,2026-09-26T00:36:51+00:00
COHR,2026-04-09,284.1700,Coherent Corp.,USD,2026-09-26T00:36:51+00:00
COHR,2026-04-10,307.5000,Coherent Corp.,USD,2026-09-26T00:36:51+00:00
COHR,2026-04-13,307.9300,Coherent Corp.,USD,2026-09-26T00:36:51+00:00
COHR,2026-04-14,313.4200,Coherent Corp.,USD,2026-09-26T00:36:51+00:00
COHR,2026-04-15,308.2000,Coherent Corp.,USD,2026-09-26T00:36:51+00:00
COHR,2026-04-16,328.0000,Coherent Corp.,USD,2026-09-26T00:36:51+00:00
COHR,2026-04-17,345.0200,Coherent Corp.,USD,2026-09-26T00:36:51+00:00
COHR,2026-04-20,347.5100,Coherent Corp.,USD,2026-09-26T00:36:51+00:00
COHR,2026-04-21,343.7900,Coherent Corp.,USD,2026-09-26T00:36:51+00:00
COHR,2026-04-22,350.4700,Coherent Corp.,USD,2026-09-26T00:36:51+00:00
COHR,2026-04-23,337.6800,Coherent Corp.,USD,2026-09-26T00:36:51+00:00
COHR,2026-04-24,336.0900,Coherent Corp.,USD,2026-09-26T00:36:51+00:00
COHR,2026-04-27,321.5300,Coherent Corp.,USD,2026-09-26T00:36:51+00:00
COHR,2026-04-28,303.9700,Coherent Corp.,USD,2026-09-26T00:36:51+00:00
COHR,2026-04-29,304.9300,Coherent Corp.,USD,2026-09-26T00:36:51+00:00
COHR,2026-04-30,319.7100,Coherent Corp.,USD,2026-09-26T00:36:51+00:00
COHR,2026-05-01,329.5000,Coherent Corp.,USD,2026-09-26T00:36:51+00:00
COHR,2026-05-04,329.8900,Coherent Corp.,USD,2026-09-26T00:36:51+00:00
COHR,2026-05-05,335.7300,Coherent Corp.,USD,2026-09-26T00:36:51+00:00
COHR,2026-05-06,344.6700,Coherent Corp.,USD,2026-09-26T00:36:51+00:00
COHR,2026-05-07,319.1900,Coherent Corp.,USD,2026-09-26T00:36:51+00:00
COHR,2026-05-08,335.2600,Coherent Corp.,USD,2026-09-26T00:36:51+00:00
COHR,2026-05-11,379.6900,Coherent Corp.,USD,2026-09-26T00:36:51+00:00
COHR,2026-05-12,374.0100,Coherent Corp.,USD,2026-09-26T00:36:51+00:00
COHR,2026-05-13,403.7100,Coherent Corp.,USD,2026-09-26T00:36:51+00:00
COHR,2026-05-14,404.9400,Coherent Corp.,USD,2026-09-26T00:36:51+00:00
COHR,2026-05-15,382.4500,Coherent Corp.,USD,2026-09-26T00:36:51+00:00
COHR,2026-05-18,362.8300,Coherent Corp.,USD,2026-09-26T00:36:51+00:00
COHR,2026-05-19,353.6300,Coherent Corp.,USD,2026-09-26T00:36:51+00:00
COHR,2026-05-20,358.5000,Coherent Corp.,USD,2026-09-26T00:36:51+00:00
COHR,2026-05-21,378.0000,Coherent Corp.,USD,2026-09-26T00:36:51+00:00
COHR,2026-05-22,377.5700,Coherent Corp.,USD,2026-09-26T00:36:51+00:00
COHR,2026-05-26,381.3500,Coherent Corp.,USD,2026-09-26T00:36:51+00:00
COHR,2026-05-27,380.1800,Coherent Corp.,USD,2026-09-26T00:36:51+00:00
COHR,2026-05-28,376.9500,Coherent Corp.,USD,2026-09-26T00:36:51+00:00
COHR,2026-05-29,361.4700,Coherent Corp.,USD,2026-09-26T00:36:51+00:00
COHR,2026-06-01,362.9000,Coherent Corp.,USD,2026-09-26T00:36:51+00:00
COHR,2026-06-02,426.8900,Coherent Corp.,USD,2026-09-26T00:36:51+00:00
COHR,2026-06-03,417.4300,Coherent Corp.,USD,2026-09-26T00:36:51+00:00
COHR,2026-06-04,421.9000,Coherent Corp.,USD,2026-09-26T00:36:51+00:00
COHR,2026-06-05,376.9900,Coherent Corp.,USD,2026-09-26T00:36:51+00:00
COHR,2026-06-08,401.9300,Coherent Corp.,USD,2026-09-26T00:36:51+00:00
COHR,2026-06-09,355.9400,Coherent Corp.,USD,2026-09-26T00:36:51+00:00
COHR,2026-06-10,354.7700,Coherent Corp.,USD,2026-09-26T00:36:51+00:00
COHR,2026-06-11,363.5800,Coherent Corp.,USD,2026-09-26T00:36:51+00:00
COHR,2026-06-12,385.0300,Coherent Corp.,USD,2026-09-26T00:36:51+00:00
COHR,2026-06-15,413.8400,Coherent Corp.,USD,2026-09-26T00:36:51+00:00
COHR,2026-06-16,382.8100,Coherent Corp.,USD,2026-09-26T00:36:51+00:00
COHR,2026-06-17,378.8500,Coherent Corp.,USD,2026-09-26T00:36:51+00:00
COHR,2026-06-18,389.5700,Coherent Corp.,USD,2026-09-26T00:36:51+00:00
COHR,2026-06-22,425.4800,Coherent Corp.,USD,2026-09-26T00:36:51+00:00
COHR,2026-06-23,381.2200,Coherent Corp.,USD,2026-09-26T00:36:51+00:00
COHR,2026-06-24,392.5000,Coherent Corp.,USD,2026-09-26T00:36:51+00:00
COHR,2026-06-25,407.2500,Coherent Corp.,USD,2026-09-26T00:36:51+00:00
COHR,2026-06-26,380.5600,Coherent Corp.,USD,2026-09-26T00:36:51+00:00
COHR,2026-06-29,391.2200,Coherent Corp.,USD,2026-09-26T00:36:51+00:00
COHR,2026-06-30,394.4700,Coherent Corp.,USD,2026-09-26T00:36:51+00:00
COHR,2026-07-01,368.6500,Coherent Corp.,USD,2026-09-26T00:36:51+00:00
COHR,2026-07-02,333.3600,Coherent Corp.,USD,2026-09-26T00:36:51+00:00
COHR,2026-07-06,335.7000,Coherent Corp.,USD,2026-09-26T00:36:51+00:00
COHR,2026-07-07,314.1300,Coherent Corp.,USD,2026-09-26T00:36:51+00:00
COHR,2026-07-08,317.0500,Coherent Corp.,USD,2026-09-26T00:36:51+00:00
COHR,2026-07-09,327.2400,Coherent Corp.,USD,2026-09-26T00:36:51+00:00
COHR,2026-07-10,324.5000,Coherent Corp.,USD,2026-09-26T00:36:51+00:00
COHR,2026-07-13,307.3900,Coherent Corp.,USD,2026-09-26T00:36:51+00:00
COHR,2026-07-14,310.7700,Coherent Corp.,USD,2026-09-26T00:36:51+00:00
COHR,2026-07-15,299.3800,Coherent Corp.,USD,2026-09-26T00:36:51+00:00
COHR,2026-07-16,276.9600,Coherent Corp.,USD,2026-09-26T00:36:51+00:00
COHR,2026-07-17,277.6000,Coherent Corp.,USD,2026-09-26T00:36:51+00:00
COHR,2026-07-20,285.4000,Coherent Corp.,USD,2026-09-26T00:36:51+00:00
COHR,2026-07-21,317.2200,Coherent Corp.,USD,2026-09-26T00:36:51+00:00
COHR,2026-07-22,312.1900,Coherent Corp.,USD,2026-09-26T00:36:51+00:00
COHR,2026-07-23,313.2200,Coherent Corp.,USD,2026-09-26T00:36:51+00:00
COHR,2026-07-24,282.3900,Coherent Corp.,USD,2026-09-26T00:36:51+00:00
COHR,2026-07-27,271.3100,Coherent Corp.,USD,2026-09-26T00:36:51+00:00
COHR,2026-07-28,243.3300,Coherent Corp.,USD,2026-09-26T00:36:51+00:00
COHR,2026-07-29,222.0500,Coherent Corp.,USD,2026-09-26T00:36:51+00:00
COHR,2026-07-30,249.0600,Coherent Corp.,USD,2026-09-26T00:36:51+00:00
COHR,2026-07-31,262.8900,Coherent Corp.,USD,2026-09-26T00:36:51+00:00
COHR,2026-08-03,288.1400,Coherent Corp.,USD,2026-09-26T00:36:51+00:00
COHR,2026-08-04,323.7300,Coherent Corp.,USD,2026-09-26T00:36:51+00:00
COHR,2026-08-05,328.2200,Coherent Corp.,USD,2026-09-26T00:36:51+00:00
COHR,2026-08-06,334.2200,Coherent Corp.,USD,2026-09-26T00:36:51+00:00
COHR,2026-08-07,379.1300,Coherent Corp.,USD,2026-09-26T00:36:51+00:00
COHR,2026-08-10,325.1500,Coherent Corp.,USD,2026-09-26T00:36:51+00:00
COHR,2026-08-11,328.5700,Coherent Corp.,USD,2026-09-26T00:36:51+00:00
COHR,2026-08-12,355.6400,Coherent Corp.,USD,2026-09-26T00:36:51+00:00
COHR,2026-08-13,327.2300,Coherent Corp.,USD,2026-09-26T00:36:51+00:00
COHR,2026-08-14,325.8300,Coherent Corp.,USD,2026-09-26T00:36:51+00:00
COHR,2026-08-17,351.2200,Coherent Corp.,USD,2026-09-26T00:36:51+00:00
COHR,2026-08-18,306.4300,Coherent Corp.,USD,2026-09-26T00:36:51+00:00
COHR,2026-08-19,287.4700,Coherent Corp.,USD,2026-09-26T00:36:51+00:00
COHR,2026-08-20,290.0300,Coherent Corp.,USD,2026-09-26T00:36:51+00:00
COHR,2026-08-21,289.5200,Coherent Corp.,USD,2026-09-26T00:36:51+00:00
COHR,2026-08-24,275.4900,Coherent Corp.,USD,2026-09-26T00:36:51+00:00
COHR,2026-08-25,288.1400,Coherent Corp.,USD,2026-09-26T00:36:51+00:00
COHR,2026-08-26,294.3700,Coherent Corp.,USD,2026-09-26T00:36:51+00:00
COHR,2026-08-27,295.3900,Coherent Corp.,USD,2026-09-26T00:36:51+00:00
COHR,2026-08-28,279.2000,Coherent Corp.,USD,2026-09-26T00:36:51+00:00
COHR,2026-08-31,277.8300,Coherent Corp.,USD,2026-09-26T00:36:51+00:00
COHR,2026-09-01,272.0300,Coherent Corp.,USD,2026-09-26T00:36:51+00:00
COHR,2026-09-02,268.6400,Coherent Corp.,USD,2026-09-26T00:36:51+00:00
COHR,2026-09-03,264.4100,Coherent Corp.,USD,2026-09-26T00:36:51+00:00
COHR,2026-09-04,281.8600,Coherent Corp.,USD,2026-09-26T00:36:51+00:00
COHR,2026-09-08,301.8800,Coherent Corp.,USD,2026-09-26T00:36:51+00:00
COHR,2026-09-09,303.4800,Coherent Corp.,USD,2026-09-26T00:36:51+00:00
COHR,2026-09-10,293.1700,Coherent Corp.,USD,2026-09-26T00:36:51+00:00
COHR,2026-09-11,305.3700,Coherent Corp.,USD,2026-09-26T00:36:51+00:00
COHR,2026-09-14,266.5000,Coherent Corp.,USD,2026-09-26T00:36:51+00:00
COHR,2026-09-15,271.1700,Coherent Corp.,USD,2026-09-26T00:36:51+00:00
COHR,2026-09-16,289.9300,Coherent Corp.,USD,2026-09-26T00:36:51+00:00
COHR,2026-09-17,295.9800,Coherent Corp.,USD,2026-09-26T00:36:51+00:00
COHR,2026-09-18,317.3600,Coherent Corp.,USD,2026-09-26T00:36:51+00:00
COHR,2026-09-21,321.5200,Coherent Corp.,USD,2026-09-26T00:36:51+00:00
COHR,2026-09-22,310.3900,Coherent Corp.,USD,2026-09-26T00:36:51+00:00
COHR,2026-09-23,300.6000,Coherent Corp.,USD,2026-09-26T00:36:51+00:00
COHR,2026-09-24,290.6100,Coherent Corp.,USD,2026-09-26T00:36:51+00:00
COHR,2026-09-25,295.8300,Coherent Corp.,USD,2026-09-25T23:17:43+00:00
CRDO,2025-07-31,111.5500,Credo Technology Group Holding Ltd,USD,2026-09-24T23:11:57+00:00
CRDO,2025-08-01,107.5600,Credo Technology Group Holding Ltd,USD,2026-09-25T23:17:43+00:00
CRDO,2025-08-04,114.7000,Credo Technology Group Holding Ltd,USD,2026-09-26T00:36:51+00:00
CRDO,2025-08-05,110.2900,Credo Technology Group Holding Ltd,USD,2026-09-26T00:36:51+00:00
CRDO,2025-08-06,117.3400,Credo Technology Group Holding Ltd,USD,2026-09-26T00:36:51+00:00
CRDO,2025-08-07,119.7800,Credo Technology Group Holding Ltd,USD,2026-09-26T00:36:51+00:00
CRDO,2025-08-08,120.4100,Credo Technology Group Holding Ltd,USD,2026-09-26T00:36:51+00:00
CRDO,2025-08-11,118.5700,Credo Technology Group Holding Ltd,USD,2026-09-26T00:36:51+00:00
CRDO,2025-08-12,125.3800,Credo Technology Group Holding Ltd,USD,2026-09-26T00:36:51+00:00
CRDO,2025-08-13,121.1300,Credo Technology Group Holding Ltd,USD,2026-09-26T00:36:51+00:00
CRDO,2025-08-14,117.3300,Credo Technology Group Holding Ltd,USD,2026-09-26T00:36:51+00:00
CRDO,2025-08-15,116.7400,Credo Technology Group Holding Ltd,USD,2026-09-26T00:36:51+00:00
CRDO,2025-08-18,118.7400,Credo Technology Group Holding Ltd,USD,2026-09-26T00:36:51+00:00
CRDO,2025-08-19,106.3000,Credo Technology Group Holding Ltd,USD,2026-09-26T00:36:51+00:00
CRDO,2025-08-20,105.9900,Credo Technology Group Holding Ltd,USD,2026-09-26T00:36:51+00:00
CRDO,2025-08-21,110.8600,Credo Technology Group Holding Ltd,USD,2026-09-26T00:36:51+00:00
CRDO,2025-08-22,114.0400,Credo Technology Group Holding Ltd,USD,2026-09-26T00:36:51+00:00
CRDO,2025-08-25,115.4100,Credo Technology Group Holding Ltd,USD,2026-09-26T00:36:51+00:00
CRDO,2025-08-26,120.1000,Credo Technology Group Holding Ltd,USD,2026-09-26T00:36:51+00:00
CRDO,2025-08-27,122.7300,Credo Technology Group Holding Ltd,USD,2026-09-26T00:36:51+00:00
CRDO,2025-08-28,131.8200,Credo Technology Group Holding Ltd,USD,2026-09-26T00:36:51+00:00
CRDO,2025-08-29,123.0550,Credo Technology Group Holding Ltd,USD,2026-09-26T00:36:51+00:00
CRDO,2025-09-02,124.2700,Credo Technology Group Holding Ltd,USD,2026-09-26T00:36:51+00:00
CRDO,2025-09-03,124.7700,Credo Technology Group Holding Ltd,USD,2026-09-26T00:36:51+00:00
CRDO,2025-09-04,134.0000,Credo Technology Group Holding Ltd,USD,2026-09-26T00:36:51+00:00
CRDO,2025-09-05,140.8200,Credo Technology Group Holding Ltd,USD,2026-09-26T00:36:51+00:00
CRDO,2025-09-08,147.5300,Credo Technology Group Holding Ltd,USD,2026-09-26T00:36:51+00:00
CRDO,2025-09-09,149.0300,Credo Technology Group Holding Ltd,USD,2026-09-26T00:36:51+00:00
CRDO,2025-09-10,163.9600,Credo Technology Group Holding Ltd,USD,2026-09-26T00:36:51+00:00
CRDO,2025-09-11,159.3200,Credo Technology Group Holding Ltd,USD,2026-09-26T00:36:51+00:00
CRDO,2025-09-12,161.9900,Credo Technology Group Holding Ltd,USD,2026-09-26T00:36:51+00:00
CRDO,2025-09-15,163.9800,Credo Technology Group Holding Ltd,USD,2026-09-26T00:36:51+00:00
CRDO,2025-09-16,164.4200,Credo Technology Group Holding Ltd,USD,2026-09-26T00:36:51+00:00
CRDO,2025-09-17,164.4400,Credo Technology Group Holding Ltd,USD,2026-09-26T00:36:51+00:00
CRDO,2025-09-18,172.3100,Credo Technology Group Holding Ltd,USD,2026-09-26T00:36:51+00:00
CRDO,2025-09-19,169.5600,Credo Technology Group Holding Ltd,USD,2026-09-26T00:36:51+00:00
CRDO,2025-09-22,164.1000,Credo Technology Group Holding Ltd,USD,2026-09-26T00:36:51+00:00
CRDO,2025-09-23,162.2600,Credo Technology Group Holding Ltd,USD,2026-09-26T00:36:51+00:00
CRDO,2025-09-24,149.3800,Credo Technology Group Holding Ltd,USD,2026-09-26T00:36:51+00:00
CRDO,2025-09-25,144.9400,Credo Technology Group Holding Ltd,USD,2026-09-26T00:36:51+00:00
CRDO,2025-09-26,142.9300,Credo Technology Group Holding Ltd,USD,2026-09-26T00:36:51+00:00
CRDO,2025-09-29,146.0100,Credo Technology Group Holding Ltd,USD,2026-09-26T00:36:51+00:00
CRDO,2025-09-30,145.6100,Credo Technology Group Holding Ltd,USD,2026-09-26T00:36:51+00:00
CRDO,2025-10-01,144.9100,Credo Technology Group Holding Ltd,USD,2026-09-26T00:36:51+00:00
CRDO,2025-10-02,149.6300,Credo Technology Group Holding Ltd,USD,2026-09-26T00:36:51+00:00
CRDO,2025-10-03,143.8700,Credo Technology Group Holding Ltd,USD,2026-09-26T00:36:51+00:00
CRDO,2025-10-06,147.4200,Credo Technology Group Holding Ltd,USD,2026-09-26T00:36:51+00:00
CRDO,2025-10-07,137.2000,Credo Technology Group Holding Ltd,USD,2026-09-26T00:36:51+00:00
CRDO,2025-10-08,148.8700,Credo Technology Group Holding Ltd,USD,2026-09-26T00:36:51+00:00
CRDO,2025-10-09,151.1500,Credo Technology Group Holding Ltd,USD,2026-09-26T00:36:51+00:00
CRDO,2025-10-10,138.8300,Credo Technology Group Holding Ltd,USD,2026-09-26T00:36:51+00:00
CRDO,2025-10-13,149.9000,Credo Technology Group Holding Ltd,USD,2026-09-26T00:36:51+00:00
CRDO,2025-10-14,129.7500,Credo Technology Group Holding Ltd,USD,2026-09-26T00:36:51+00:00
CRDO,2025-10-15,131.4100,Credo Technology Group Holding Ltd,USD,2026-09-26T00:36:51+00:00
CRDO,2025-10-16,136.5300,Credo Technology Group Holding Ltd,USD,2026-09-26T00:36:51+00:00
CRDO,2025-10-17,143.6100,Credo Technology Group Holding Ltd,USD,2026-09-26T00:36:51+00:00
CRDO,2025-10-20,151.6600,Credo Technology Group Holding Ltd,USD,2026-09-26T00:36:51+00:00
CRDO,2025-10-21,144.1700,Credo Technology Group Holding Ltd,USD,2026-09-26T00:36:51+00:00
CRDO,2025-10-22,137.2000,Credo Technology Group Holding Ltd,USD,2026-09-26T00:36:51+00:00
CRDO,2025-10-23,150.9700,Credo Technology Group Holding Ltd,USD,2026-09-26T00:36:51+00:00
CRDO,2025-10-24,155.5500,Credo Technology Group Holding Ltd,USD,2026-09-26T00:36:51+00:00
CRDO,2025-10-27,154.9600,Credo Technology Group Holding Ltd,USD,2026-09-26T00:36:51+00:00
CRDO,2025-10-28,162.1800,Credo Technology Group Holding Ltd,USD,2026-09-26T00:36:51+00:00
CRDO,2025-10-29,171.5200,Credo Technology Group Holding Ltd,USD,2026-09-26T00:36:51+00:00
CRDO,2025-10-30,166.6200,Credo Technology Group Holding Ltd,USD,2026-09-26T00:36:51+00:00
CRDO,2025-10-31,187.6200,Credo Technology Group Holding Ltd,USD,2026-09-26T00:36:51+00:00
CRDO,2025-11-03,180.6400,Credo Technology Group Holding Ltd,USD,2026-09-26T00:36:51+00:00
CRDO,2025-11-04,164.2300,Credo Technology Group Holding Ltd,USD,2026-09-26T00:36:51+00:00
CRDO,2025-11-05,173.1600,Credo Technology Group Holding Ltd,USD,2026-09-26T00:36:51+00:00
CRDO,2025-11-06,162.7400,Credo Technology Group Holding Ltd,USD,2026-09-26T00:36:51+00:00
CRDO,2025-11-07,163.6100,Credo Technology Group Holding Ltd,USD,2026-09-26T00:36:51+00:00
CRDO,2025-11-10,170.1600,Credo Technology Group Holding Ltd,USD,2026-09-26T00:36:51+00:00
CRDO,2025-11-11,158.5000,Credo Technology Group Holding Ltd,USD,2026-09-26T00:36:51+00:00
CRDO,2025-11-12,160.3400,Credo Technology Group Holding Ltd,USD,2026-09-26T00:36:51+00:00
CRDO,2025-11-13,142.9500,Credo Technology Group Holding Ltd,USD,2026-09-26T00:36:51+00:00
CRDO,2025-11-14,145.5200,Credo Technology Group Holding Ltd,USD,2026-09-26T00:36:51+00:00
CRDO,2025-11-17,145.5800,Credo Technology Group Holding Ltd,USD,2026-09-26T00:36:51+00:00
CRDO,2025-11-18,139.5600,Credo Technology Group Holding Ltd,USD,2026-09-26T00:36:51+00:00
CRDO,2025-11-19,141.8800,Credo Technology Group Holding Ltd,USD,2026-09-26T00:36:51+00:00
CRDO,2025-11-20,134.7300,Credo Technology Group Holding Ltd,USD,2026-09-26T00:36:51+00:00
CRDO,2025-11-21,133.4900,Credo Technology Group Holding Ltd,USD,2026-09-26T00:36:51+00:00
CRDO,2025-11-24,150.8500,Credo Technology Group Holding Ltd,USD,2026-09-26T00:36:51+00:00
CRDO,2025-11-25,154.1800,Credo Technology Group Holding Ltd,USD,2026-09-26T00:36:51+00:00
CRDO,2025-11-26,164.0100,Credo Technology Group Holding Ltd,USD,2026-09-26T00:36:51+00:00
CRDO,2025-11-28,177.6000,Credo Technology Group Holding Ltd,USD,2026-09-26T00:36:51+00:00
CRDO,2025-12-01,171.1300,Credo Technology Group Holding Ltd,USD,2026-09-26T00:36:51+00:00
CRDO,2025-12-02,188.4400,Credo Technology Group Holding Ltd,USD,2026-09-26T00:36:51+00:00
CRDO,2025-12-03,189.1900,Credo Technology Group Holding Ltd,USD,2026-09-26T00:36:51+00:00
CRDO,2025-12-04,180.9200,Credo Technology Group Holding Ltd,USD,2026-09-26T00:36:51+00:00
CRDO,2025-12-05,176.0400,Credo Technology Group Holding Ltd,USD,2026-09-26T00:36:51+00:00
CRDO,2025-12-08,178.9400,Credo Technology Group Holding Ltd,USD,2026-09-26T00:36:51+00:00
CRDO,2025-12-09,170.2900,Credo Technology Group Holding Ltd,USD,2026-09-26T00:36:51+00:00
CRDO,2025-12-10,157.9800,Credo Technology Group Holding Ltd,USD,2026-09-26T00:36:51+00:00
CRDO,2025-12-11,154.4700,Credo Technology Group Holding Ltd,USD,2026-09-26T00:36:51+00:00
CRDO,2025-12-12,143.9100,Credo Technology Group Holding Ltd,USD,2026-09-26T00:36:51+00:00
CRDO,2025-12-15,142.0200,Credo Technology Group Holding Ltd,USD,2026-09-26T00:36:51+00:00
CRDO,2025-12-16,140.3400,Credo Technology Group Holding Ltd,USD,2026-09-26T00:36:51+00:00
CRDO,2025-12-17,134.1300,Credo Technology Group Holding Ltd,USD,2026-09-26T00:36:51+00:00
CRDO,2025-12-18,138.5700,Credo Technology Group Holding Ltd,USD,2026-09-26T00:36:51+00:00
CRDO,2025-12-19,150.1300,Credo Technology Group Holding Ltd,USD,2026-09-26T00:36:51+00:00
CRDO,2025-12-22,149.9400,Credo Technology Group Holding Ltd,USD,2026-09-26T00:36:51+00:00
CRDO,2025-12-23,147.8100,Credo Technology Group Holding Ltd,USD,2026-09-26T00:36:51+00:00
CRDO,2025-12-24,150.1900,Credo Technology Group Holding Ltd,USD,2026-09-26T00:36:51+00:00
CRDO,2025-12-26,144.8300,Credo Technology Group Holding Ltd,USD,2026-09-26T00:36:51+00:00
CRDO,2025-12-29,144.7000,Credo Technology Group Holding Ltd,USD,2026-09-26T00:36:51+00:00
CRDO,2025-12-30,144.9200,Credo Technology Group Holding Ltd,USD,2026-09-26T00:36:51+00:00
CRDO,2025-12-31,143.8900,Credo Technology Group Holding Ltd,USD,2026-09-26T00:36:51+00:00
CRDO,2026-01-02,143.2200,Credo Technology Group Holding Ltd,USD,2026-09-26T00:36:51+00:00
CRDO,2026-01-05,140.2400,Credo Technology Group Holding Ltd,USD,2026-09-26T00:36:51+00:00
CRDO,2026-01-06,132.9500,Credo Technology Group Holding Ltd,USD,2026-09-26T00:36:51+00:00
CRDO,2026-01-07,141.0000,Credo Technology Group Holding Ltd,USD,2026-09-26T00:36:51+00:00
CRDO,2026-01-08,141.5900,Credo Technology Group Holding Ltd,USD,2026-09-26T00:36:51+00:00
CRDO,2026-01-09,150.4200,Credo Technology Group Holding Ltd,USD,2026-09-26T00:36:51+00:00
CRDO,2026-01-12,156.0700,Credo Technology Group Holding Ltd,USD,2026-09-26T00:36:51+00:00
CRDO,2026-01-13,161.3800,Credo Technology Group Holding Ltd,USD,2026-09-26T00:36:51+00:00
CRDO,2026-01-14,156.8400,Credo Technology Group Holding Ltd,USD,2026-09-26T00:36:51+00:00
CRDO,2026-01-15,149.1200,Credo Technology Group Holding Ltd,USD,2026-09-26T00:36:51+00:00
CRDO,2026-01-16,150.9700,Credo Technology Group Holding Ltd,USD,2026-09-26T00:36:51+00:00
CRDO,2026-01-20,153.2200,Credo Technology Group Holding Ltd,USD,2026-09-26T00:36:51+00:00
CRDO,2026-01-21,139.1600,Credo Technology Group Holding Ltd,USD,2026-09-26T00:36:51+00:00
CRDO,2026-01-22,135.1000,Credo Technology Group Holding Ltd,USD,2026-09-26T00:36:51+00:00
CRDO,2026-01-23,133.1600,Credo Technology Group Holding Ltd,USD,2026-09-26T00:36:51+00:00
CRDO,2026-01-26,128.0200,Credo Technology Group Holding Ltd,USD,2026-09-26T00:36:51+00:00
CRDO,2026-01-27,129.5700,Credo Technology Group Holding Ltd,USD,2026-09-26T00:36:51+00:00
CRDO,2026-01-28,129.6600,Credo Technology Group Holding Ltd,USD,2026-09-26T00:36:51+00:00
CRDO,2026-01-29,129.4700,Credo Technology Group Holding Ltd,USD,2026-09-26T00:36:51+00:00
CRDO,2026-01-30,125.2800,Credo Technology Group Holding Ltd,USD,2026-09-26T00:36:51+00:00
CRDO,2026-02-02,119.9600,Credo Technology Group Holding Ltd,USD,2026-09-26T00:36:51+00:00
CRDO,2026-02-03,111.3100,Credo Technology Group Holding Ltd,USD,2026-09-26T00:36:51+00:00
CRDO,2026-02-04,96.9500,Credo Technology Group Holding Ltd,USD,2026-09-26T00:36:51+00:00
CRDO,2026-02-05,98.0600,Credo Technology Group Holding Ltd,USD,2026-09-26T00:36:51+00:00
CRDO,2026-02-06,111.4000,Credo Technology Group Holding Ltd,USD,2026-09-26T00:36:51+00:00
CRDO,2026-02-09,123.4100,Credo Technology Group Holding Ltd,USD,2026-09-26T00:36:51+00:00
CRDO,2026-02-10,134.7200,Credo Technology Group Holding Ltd,USD,2026-09-26T00:36:51+00:00
CRDO,2026-02-11,128.4000,Credo Technology Group Holding Ltd,USD,2026-09-26T00:36:51+00:00
CRDO,2026-02-12,121.7800,Credo Technology Group Holding Ltd,USD,2026-09-26T00:36:51+00:00
CRDO,2026-02-13,121.4400,Credo Technology Group Holding Ltd,USD,2026-09-26T00:36:51+00:00
CRDO,2026-02-17,124.8000,Credo Technology Group Holding Ltd,USD,2026-09-26T00:36:51+00:00
CRDO,2026-02-18,127.9100,Credo Technology Group Holding Ltd,USD,2026-09-26T00:36:51+00:00
CRDO,2026-02-19,130.6600,Credo Technology Group Holding Ltd,USD,2026-09-26T00:36:51+00:00
CRDO,2026-02-20,124.0600,Credo Technology Group Holding Ltd,USD,2026-09-26T00:36:51+00:00
CRDO,2026-02-23,124.0500,Credo Technology Group Holding Ltd,USD,2026-09-26T00:36:51+00:00
CRDO,2026-02-24,120.8300,Credo Technology Group Holding Ltd,USD,2026-09-26T00:36:51+00:00
CRDO,2026-02-25,123.4600,Credo Technology Group Holding Ltd,USD,2026-09-26T00:36:51+00:00
CRDO,2026-02-26,114.4800,Credo Technology Group Holding Ltd,USD,2026-09-26T00:36:51+00:00
CRDO,2026-02-27,112.2700,Credo Technology Group Holding Ltd,USD,2026-09-26T00:36:51+00:00
CRDO,2026-03-02,114.2200,Credo Technology Group Holding Ltd,USD,2026-09-26T00:36:51+00:00
CRDO,2026-03-03,97.3000,Credo Technology Group Holding Ltd,USD,2026-09-26T00:36:51+00:00
CRDO,2026-03-04,102.5400,Credo Technology Group Holding Ltd,USD,2026-09-26T00:36:51+00:00
CRDO,2026-03-05,114.7400,Credo Technology Group Holding Ltd,USD,2026-09-26T00:36:51+00:00
CRDO,2026-03-06,109.8300,Credo Technology Group Holding Ltd,USD,2026-09-26T00:36:51+00:00
CRDO,2026-03-09,115.9800,Credo Technology Group Holding Ltd,USD,2026-09-26T00:36:51+00:00
CRDO,2026-03-10,112.3300,Credo Technology Group Holding Ltd,USD,2026-09-26T00:36:51+00:00
CRDO,2026-03-11,115.9100,Credo Technology Group Holding Ltd,USD,2026-09-26T00:36:51+00:00
CRDO,2026-03-12,111.5700,Credo Technology Group Holding Ltd,USD,2026-09-26T00:36:51+00:00
CRDO,2026-03-13,117.6900,Credo Technology Group Holding Ltd,USD,2026-09-26T00:36:51+00:00
CRDO,2026-03-16,116.8800,Credo Technology Group Holding Ltd,USD,2026-09-26T00:36:51+00:00
CRDO,2026-03-17,104.0600,Credo Technology Group Holding Ltd,USD,2026-09-26T00:36:51+00:00
CRDO,2026-03-18,101.7200,Credo Technology Group Holding Ltd,USD,2026-09-26T00:36:51+00:00
CRDO,2026-03-19,107.0900,Credo Technology Group Holding Ltd,USD,2026-09-26T00:36:51+00:00
CRDO,2026-03-20,103.4000,Credo Technology Group Holding Ltd,USD,2026-09-26T00:36:51+00:00
CRDO,2026-03-23,105.1000,Credo Technology Group Holding Ltd,USD,2026-09-26T00:36:51+00:00
CRDO,2026-03-24,100.3000,Credo Technology Group Holding Ltd,USD,2026-09-26T00:36:51+00:00
CRDO,2026-03-25,103.9100,Credo Technology Group Holding Ltd,USD,2026-09-26T00:36:51+00:00
CRDO,2026-03-26,96.4400,Credo Technology Group Holding Ltd,USD,2026-09-26T00:36:51+00:00
CRDO,2026-03-27,95.2400,Credo Technology Group Holding Ltd,USD,2026-09-26T00:36:51+00:00
CRDO,2026-03-30,87.8100,Credo Technology Group Holding Ltd,USD,2026-09-26T00:36:51+00:00
CRDO,2026-03-31,93.8700,Credo Technology Group Holding Ltd,USD,2026-09-26T00:36:51+00:00
CRDO,2026-04-01,95.9200,Credo Technology Group Holding Ltd,USD,2026-09-26T00:36:51+00:00
CRDO,2026-04-02,101.4500,Credo Technology Group Holding Ltd,USD,2026-09-26T00:36:51+00:00
CRDO,2026-04-06,102.4600,Credo Technology Group Holding Ltd,USD,2026-09-26T00:36:51+00:00
CRDO,2026-04-07,106.7900,Credo Technology Group Holding Ltd,USD,2026-09-26T00:36:51+00:00
CRDO,2026-04-08,110.2100,Credo Technology Group Holding Ltd,USD,2026-09-26T00:36:51+00:00
CRDO,2026-04-09,107.9300,Credo Technology Group Holding Ltd,USD,2026-09-26T00:36:51+00:00
CRDO,2026-04-10,119.5900,Credo Technology Group Holding Ltd,USD,2026-09-26T00:36:51+00:00
CRDO,2026-04-13,134.3600,Credo Technology Group Holding Ltd,USD,2026-09-26T00:36:51+00:00
CRDO,2026-04-14,159.5200,Credo Technology Group Holding Ltd,USD,2026-09-26T00:36:51+00:00
CRDO,2026-04-15,168.3500,Credo Technology Group Holding Ltd,USD,2026-09-26T00:36:51+00:00
CRDO,2026-04-16,158.9300,Credo Technology Group Holding Ltd,USD,2026-09-26T00:36:51+00:00
CRDO,2026-04-17,160.6900,Credo Technology Group Holding Ltd,USD,2026-09-26T00:36:51+00:00
CRDO,2026-04-20,174.5300,Credo Technology Group Holding Ltd,USD,2026-09-26T00:36:51+00:00
CRDO,2026-04-21,183.3200,Credo Technology Group Holding Ltd,USD,2026-09-26T00:36:51+00:00
CRDO,2026-04-22,189.4900,Credo Technology Group Holding Ltd,USD,2026-09-26T00:36:51+00:00
CRDO,2026-04-23,185.5400,Credo Technology Group Holding Ltd,USD,2026-09-26T00:36:51+00:00
CRDO,2026-04-24,195.0400,Credo Technology Group Holding Ltd,USD,2026-09-26T00:36:51+00:00
CRDO,2026-04-27,180.5000,Credo Technology Group Holding Ltd,USD,2026-09-26T00:36:51+00:00
CRDO,2026-04-28,165.9200,Credo Technology Group Holding Ltd,USD,2026-09-26T00:36:51+00:00
CRDO,2026-04-29,175.7700,Credo Technology Group Holding Ltd,USD,2026-09-26T00:36:51+00:00
CRDO,2026-04-30,174.0100,Credo Technology Group Holding Ltd,USD,2026-09-26T00:36:51+00:00
CRDO,2026-05-01,184.3800,Credo Technology Group Holding Ltd,USD,2026-09-26T00:36:51+00:00
CRDO,2026-05-04,180.0600,Credo Technology Group Holding Ltd,USD,2026-09-26T00:36:51+00:00
CRDO,2026-05-05,193.5700,Credo Technology Group Holding Ltd,USD,2026-09-26T00:36:51+00:00
CRDO,2026-05-06,198.2900,Credo Technology Group Holding Ltd,USD,2026-09-26T00:36:51+00:00
CRDO,2026-05-07,188.2900,Credo Technology Group Holding Ltd,USD,2026-09-26T00:36:51+00:00
CRDO,2026-05-08,188.5050,Credo Technology Group Holding Ltd,USD,2026-09-26T00:36:51+00:00
CRDO,2026-05-11,210.2200,Credo Technology Group Holding Ltd,USD,2026-09-26T00:36:51+00:00
CRDO,2026-05-12,198.5700,Credo Technology Group Holding Ltd,USD,2026-09-26T00:36:51+00:00
CRDO,2026-05-13,189.3600,Credo Technology Group Holding Ltd,USD,2026-09-26T00:36:51+00:00
CRDO,2026-05-14,184.5400,Credo Technology Group Holding Ltd,USD,2026-09-26T00:36:51+00:00
CRDO,2026-05-15,172.1700,Credo Technology Group Holding Ltd,USD,2026-09-26T00:36:51+00:00
CRDO,2026-05-18,156.2700,Credo Technology Group Holding Ltd,USD,2026-09-26T00:36:51+00:00
CRDO,2026-05-19,168.9900,Credo Technology Group Holding Ltd,USD,2026-09-26T00:36:51+00:00
CRDO,2026-05-20,182.9800,Credo Technology Group Holding Ltd,USD,2026-09-26T00:36:51+00:00
CRDO,2026-05-21,193.3900,Credo Technology Group Holding Ltd,USD,2026-09-26T00:36:51+00:00
CRDO,2026-05-22,218.4100,Credo Technology Group Holding Ltd,USD,2026-09-26T00:36:51+00:00
CRDO,2026-05-26,221.6400,Credo Technology Group Holding Ltd,USD,2026-09-26T00:36:51+00:00
CRDO,2026-05-27,221.2300,Credo Technology Group Holding Ltd,USD,2026-09-26T00:36:51+00:00
CRDO,2026-05-28,222.3500,Credo Technology Group Holding Ltd,USD,2026-09-26T00:36:51+00:00
CRDO,2026-05-29,236.0300,Credo Technology Group Holding Ltd,USD,2026-09-26T00:36:51+00:00
CRDO,2026-06-01,226.1000,Credo Technology Group Holding Ltd,USD,2026-09-26T00:36:51+00:00
CRDO,2026-06-02,229.0000,Credo Technology Group Holding Ltd,USD,2026-09-26T00:36:51+00:00
CRDO,2026-06-03,214.6000,Credo Technology Group Holding Ltd,USD,2026-09-26T00:36:51+00:00
CRDO,2026-06-04,217.5000,Credo Technology Group Holding Ltd,USD,2026-09-26T00:36:51+00:00
CRDO,2026-06-05,206.8900,Credo Technology Group Holding Ltd,USD,2026-09-26T00:36:51+00:00
CRDO,2026-06-08,222.2700,Credo Technology Group Holding Ltd,USD,2026-09-26T00:36:51+00:00
CRDO,2026-06-09,234.3200,Credo Technology Group Holding Ltd,USD,2026-09-26T00:36:51+00:00
CRDO,2026-06-10,237.6800,Credo Technology Group Holding Ltd,USD,2026-09-26T00:36:51+00:00
CRDO,2026-06-11,264.7600,Credo Technology Group Holding Ltd,USD,2026-09-26T00:36:51+00:00
CRDO,2026-06-12,250.8100,Credo Technology Group Holding Ltd,USD,2026-09-26T00:36:51+00:00
CRDO,2026-06-15,259.4100,Credo Technology Group Holding Ltd,USD,2026-09-26T00:36:51+00:00
CRDO,2026-06-16,239.1800,Credo Technology Group Holding Ltd,USD,2026-09-26T00:36:51+00:00
CRDO,2026-06-17,249.3300,Credo Technology Group Holding Ltd,USD,2026-09-26T00:36:51+00:00
CRDO,2026-06-18,271.8300,Credo Technology Group Holding Ltd,USD,2026-09-26T00:36:51+00:00
CRDO,2026-06-22,302.5200,Credo Technology Group Holding Ltd,USD,2026-09-26T00:36:51+00:00
CRDO,2026-06-23,272.0050,Credo Technology Group Holding Ltd,USD,2026-09-26T00:36:51+00:00
CRDO,2026-06-24,268.9900,Credo Technology Group Holding Ltd,USD,2026-09-26T00:36:51+00:00
CRDO,2026-06-25,268.0300,Credo Technology Group Holding Ltd,USD,2026-09-26T00:36:51+00:00
CRDO,2026-06-26,238.0000,Credo Technology Group Holding Ltd,USD,2026-09-26T00:36:51+00:00
CRDO,2026-06-29,245.6800,Credo Technology Group Holding Ltd,USD,2026-09-26T00:36:51+00:00
CRDO,2026-06-30,271.9500,Credo Technology Group Holding Ltd,USD,2026-09-26T00:36:51+00:00
CRDO,2026-07-01,259.0900,Credo Technology Group Holding Ltd,USD,2026-09-26T00:36:51+00:00
CRDO,2026-07-02,241.9100,Credo Technology Group Holding Ltd,USD,2026-09-26T00:36:51+00:00
CRDO,2026-07-06,265.5500,Credo Technology Group Holding Ltd,USD,2026-09-26T00:36:51+00:00
CRDO,2026-07-07,246.4000,Credo Technology Group Holding Ltd,USD,2026-09-26T00:36:51+00:00
CRDO,2026-07-08,258.6900,Credo Technology Group Holding Ltd,USD,2026-09-26T00:36:51+00:00
CRDO,2026-07-09,265.6500,Credo Technology Group Holding Ltd,USD,2026-09-26T00:36:51+00:00
CRDO,2026-07-10,257.7900,Credo Technology Group Holding Ltd,USD,2026-09-26T00:36:51+00:00
CRDO,2026-07-13,236.8800,Credo Technology Group Holding Ltd,USD,2026-09-26T00:36:51+00:00
CRDO,2026-07-14,236.1800,Credo Technology Group Holding Ltd,USD,2026-09-26T00:36:51+00:00
CRDO,2026-07-15,226.7400,Credo Technology Group Holding Ltd,USD,2026-09-26T00:36:51+00:00
CRDO,2026-07-16,207.9700,Credo Technology Group Holding Ltd,USD,2026-09-26T00:36:51+00:00
CRDO,2026-07-17,202.6800,Credo Technology Group Holding Ltd,USD,2026-09-26T00:36:51+00:00
CRDO,2026-07-20,212.0700,Credo Technology Group Holding Ltd,USD,2026-09-26T00:36:51+00:00
CRDO,2026-07-21,223.8700,Credo Technology Group Holding Ltd,USD,2026-09-26T00:36:51+00:00
CRDO,2026-07-22,228.2700,Credo Technology Group Holding Ltd,USD,2026-09-26T00:36:51+00:00
CRDO,2026-07-23,236.5000,Credo Technology Group Holding Ltd,USD,2026-09-26T00:36:51+00:00
CRDO,2026-07-24,213.1500,Credo Technology Group Holding Ltd,USD,2026-09-26T00:36:51+00:00
CRDO,2026-07-27,208.1400,Credo Technology Group Holding Ltd,USD,2026-09-26T00:36:51+00:00
CRDO,2026-07-28,192.2800,Credo Technology Group Holding Ltd,USD,2026-09-26T00:36:51+00:00
CRDO,2026-07-29,177.4500,Credo Technology Group Holding Ltd,USD,2026-09-26T00:36:51+00:00
CRDO,2026-07-30,201.0800,Credo Technology Group Holding Ltd,USD,2026-09-26T00:36:51+00:00
CRDO,2026-07-31,206.9900,Credo Technology Group Holding Ltd,USD,2026-09-26T00:36:51+00:00
CRDO,2026-08-03,218.3500,Credo Technology Group Holding Ltd,USD,2026-09-26T00:36:51+00:00
CRDO,2026-08-04,237.9200,Credo Technology Group Holding Ltd,USD,2026-09-26T00:36:51+00:00
CRDO,2026-08-05,224.6300,Credo Technology Group Holding Ltd,USD,2026-09-26T00:36:51+00:00
CRDO,2026-08-06,230.4300,Credo Technology Group Holding Ltd,USD,2026-09-26T00:36:51+00:00
CRDO,2026-08-07,249.8900,Credo Technology Group Holding Ltd,USD,2026-09-26T00:36:51+00:00
CRDO,2026-08-10,239.9350,Credo Technology Group Holding Ltd,USD,2026-09-26T00:36:51+00:00
CRDO,2026-08-11,247.6900,Credo Technology Group Holding Ltd,USD,2026-09-26T00:36:51+00:00
CRDO,2026-08-12,268.1600,Credo Technology Group Holding Ltd,USD,2026-09-26T00:36:51+00:00
CRDO,2026-08-13,265.9900,Credo Technology Group Holding Ltd,USD,2026-09-26T00:36:51+00:00
CRDO,2026-08-14,259.9000,Credo Technology Group Holding Ltd,USD,2026-09-26T00:36:51+00:00
CRDO,2026-08-17,282.8200,Credo Technology Group Holding Ltd,USD,2026-09-26T00:36:51+00:00
CRDO,2026-08-18,245.9700,Credo Technology Group Holding Ltd,USD,2026-09-26T00:36:51+00:00
CRDO,2026-08-19,234.8200,Credo Technology Group Holding Ltd,USD,2026-09-26T00:36:51+00:00
CRDO,2026-08-20,231.3500,Credo Technology Group Holding Ltd,USD,2026-09-26T00:36:51+00:00
CRDO,2026-08-21,230.5700,Credo Technology Group Holding Ltd,USD,2026-09-26T00:36:51+00:00
CRDO,2026-08-24,222.6100,Credo Technology Group Holding Ltd,USD,2026-09-26T00:36:51+00:00
CRDO,2026-08-25,226.5100,Credo Technology Group Holding Ltd,USD,2026-09-26T00:36:51+00:00
CRDO,2026-08-26,226.4900,Credo Technology Group Holding Ltd,USD,2026-09-26T00:36:51+00:00
CRDO,2026-08-27,240.2400,Credo Technology Group Holding Ltd,USD,2026-09-26T00:36:51+00:00
CRDO,2026-08-28,232.7500,Credo Technology Group Holding Ltd,USD,2026-09-26T00:36:51+00:00
CRDO,2026-08-31,226.1900,Credo Technology Group Holding Ltd,USD,2026-09-26T00:36:51+00:00
CRDO,2026-09-01,206.6300,Credo Technology Group Holding Ltd,USD,2026-09-26T00:36:51+00:00
CRDO,2026-09-02,165.2200,Credo Technology Group Holding Ltd,USD,2026-09-26T00:36:51+00:00
CRDO,2026-09-03,164.1700,Credo Technology Group Holding Ltd,USD,2026-09-26T00:36:51+00:00
CRDO,2026-09-04,170.5700,Credo Technology Group Holding Ltd,USD,2026-09-26T00:36:51+00:00
CRDO,2026-09-08,167.7500,Credo Technology Group Holding Ltd,USD,2026-09-26T00:36:51+00:00
CRDO,2026-09-09,167.9200,Credo Technology Group Holding Ltd,USD,2026-09-26T00:36:51+00:00
CRDO,2026-09-10,160.3100,Credo Technology Group Holding Ltd,USD,2026-09-26T00:36:51+00:00
CRDO,2026-09-11,162.9500,Credo Technology Group Holding Ltd,USD,2026-09-26T00:36:51+00:00
CRDO,2026-09-14,150.0900,Credo Technology Group Holding Ltd,USD,2026-09-26T00:36:51+00:00
CRDO,2026-09-15,150.3900,Credo Technology Group Holding Ltd,USD,2026-09-26T00:36:51+00:00
CRDO,2026-09-16,161.4900,Credo Technology Group Holding Ltd,USD,2026-09-26T00:36:51+00:00
CRDO,2026-09-17,168.2500,Credo Technology Group Holding Ltd,USD,2026-09-26T00:36:51+00:00
CRDO,2026-09-18,175.8900,Credo Technology Group Holding Ltd,USD,2026-09-26T00:36:51+00:00
CRDO,2026-09-21,187.2700,Credo Technology Group Holding Ltd,USD,2026-09-26T00:36:51+00:00
CRDO,2026-09-22,192.5600,Credo Technology Group Holding Ltd,USD,2026-09-26T00:36:51+00:00
CRDO,2026-09-23,193.8700,Credo Technology Group Holding Ltd,USD,2026-09-26T00:36:51+00:00
CRDO,2026-09-24,195.9700,Credo Technology Group Holding Ltd,USD,2026-09-26T00:36:51+00:00
CRDO,2026-09-25,210.9700,Credo Technology Group Holding Ltd,USD,2026-09-25T23:17:43+00:00
GEV,2025-07-31,660.2900,GE Vernova Inc.,USD,2026-09-24T23:11:57+00:00
GEV,2025-08-01,656.5000,GE Vernova Inc.,USD,2026-09-25T23:17:43+00:00
GEV,2025-08-04,662.7700,GE Vernova Inc.,USD,2026-09-26T00:36:51+00:00
GEV,2025-08-05,649.7200,GE Vernova Inc.,USD,2026-09-26T00:36:51+00:00
GEV,2025-08-06,664.5500,GE Vernova Inc.,USD,2026-09-26T00:36:51+00:00
GEV,2025-08-07,645.8600,GE Vernova Inc.,USD,2026-09-26T00:36:51+00:00
GEV,2025-08-08,649.0900,GE Vernova Inc.,USD,2026-09-26T00:36:51+00:00
GEV,2025-08-11,650.7600,GE Vernova Inc.,USD,2026-09-26T00:36:51+00:00
GEV,2025-08-12,657.4400,GE Vernova Inc.,USD,2026-09-26T00:36:51+00:00
GEV,2025-08-13,634.3100,GE Vernova Inc.,USD,2026-09-26T00:36:51+00:00
GEV,2025-08-14,625.2700,GE Vernova Inc.,USD,2026-09-26T00:36:51+00:00
GEV,2025-08-15,621.9100,GE Vernova Inc.,USD,2026-09-26T00:36:51+00:00
GEV,2025-08-18,625.0200,GE Vernova Inc.,USD,2026-09-26T00:36:51+00:00
GEV,2025-08-19,603.1300,GE Vernova Inc.,USD,2026-09-26T00:36:51+00:00
GEV,2025-08-20,604.5900,GE Vernova Inc.,USD,2026-09-26T00:36:51+00:00
GEV,2025-08-21,606.0000,GE Vernova Inc.,USD,2026-09-26T00:36:51+00:00
GEV,2025-08-22,607.0700,GE Vernova Inc.,USD,2026-09-26T00:36:51+00:00
GEV,2025-08-25,602.3100,GE Vernova Inc.,USD,2026-09-26T00:36:51+00:00
GEV,2025-08-26,625.9100,GE Vernova Inc.,USD,2026-09-26T00:36:51+00:00
GEV,2025-08-27,622.3900,GE Vernova Inc.,USD,2026-09-26T00:36:51+00:00
GEV,2025-08-28,633.6900,GE Vernova Inc.,USD,2026-09-26T00:36:51+00:00
GEV,2025-08-29,612.9700,GE Vernova Inc.,USD,2026-09-26T00:36:51+00:00
GEV,2025-09-02,579.6800,GE Vernova Inc.,USD,2026-09-26T00:36:51+00:00
GEV,2025-09-03,577.0400,GE Vernova Inc.,USD,2026-09-26T00:36:51+00:00
GEV,2025-09-04,598.8100,GE Vernova Inc.,USD,2026-09-26T00:36:51+00:00
GEV,2025-09-05,582.0800,GE Vernova Inc.,USD,2026-09-26T00:36:51+00:00
GEV,2025-09-08,600.2300,GE Vernova Inc.,USD,2026-09-26T00:36:51+00:00
GEV,2025-09-09,605.7000,GE Vernova Inc.,USD,2026-09-26T00:36:51+00:00
GEV,2025-09-10,643.5600,GE Vernova Inc.,USD,2026-09-26T00:36:51+00:00
GEV,2025-09-11,634.1500,GE Vernova Inc.,USD,2026-09-26T00:36:51+00:00
GEV,2025-09-12,625.5500,GE Vernova Inc.,USD,2026-09-26T00:36:51+00:00
GEV,2025-09-15,628.6800,GE Vernova Inc.,USD,2026-09-26T00:36:51+00:00
GEV,2025-09-16,617.9100,GE Vernova Inc.,USD,2026-09-26T00:36:51+00:00
GEV,2025-09-17,614.7900,GE Vernova Inc.,USD,2026-09-26T00:36:51+00:00
GEV,2025-09-18,611.0000,GE Vernova Inc.,USD,2026-09-26T00:36:51+00:00
GEV,2025-09-19,624.1700,GE Vernova Inc.,USD,2026-09-26T00:36:51+00:00
GEV,2025-09-22,644.3700,GE Vernova Inc.,USD,2026-09-26T00:36:51+00:00
GEV,2025-09-23,633.4100,GE Vernova Inc.,USD,2026-09-26T00:36:51+00:00
GEV,2025-09-24,628.9700,GE Vernova Inc.,USD,2026-09-26T00:36:51+00:00
GEV,2025-09-25,607.5200,GE Vernova Inc.,USD,2026-09-26T00:36:51+00:00
GEV,2025-09-26,605.1700,GE Vernova Inc.,USD,2026-09-26T00:36:51+00:00
GEV,2025-09-29,602.4300,GE Vernova Inc.,USD,2026-09-26T00:36:51+00:00
GEV,2025-09-30,614.9000,GE Vernova Inc.,USD,2026-09-26T00:36:51+00:00
GEV,2025-10-01,606.1500,GE Vernova Inc.,USD,2026-09-26T00:36:51+00:00
GEV,2025-10-02,606.2300,GE Vernova Inc.,USD,2026-09-26T00:36:51+00:00
GEV,2025-10-03,594.9900,GE Vernova Inc.,USD,2026-09-26T00:36:51+00:00
GEV,2025-10-06,603.2200,GE Vernova Inc.,USD,2026-09-26T00:36:51+00:00
GEV,2025-10-07,606.1200,GE Vernova Inc.,USD,2026-09-26T00:36:51+00:00
GEV,2025-10-08,625.4500,GE Vernova Inc.,USD,2026-09-26T00:36:51+00:00
GEV,2025-10-09,634.2700,GE Vernova Inc.,USD,2026-09-26T00:36:51+00:00
GEV,2025-10-10,604.5600,GE Vernova Inc.,USD,2026-09-26T00:36:51+00:00
GEV,2025-10-13,648.2500,GE Vernova Inc.,USD,2026-09-26T00:36:51+00:00
GEV,2025-10-14,644.4100,GE Vernova Inc.,USD,2026-09-26T00:36:51+00:00
GEV,2025-10-15,615.9500,GE Vernova Inc.,USD,2026-09-26T00:36:51+00:00
GEV,2025-10-16,602.0000,GE Vernova Inc.,USD,2026-09-26T00:36:51+00:00
GEV,2025-10-17,600.0000,GE Vernova Inc.,USD,2026-09-26T00:36:51+00:00
GEV,2025-10-20,594.0700,GE Vernova Inc.,USD,2026-09-26T00:36:51+00:00
GEV,2025-10-21,585.3300,GE Vernova Inc.,USD,2026-09-26T00:36:51+00:00
GEV,2025-10-22,576.0000,GE Vernova Inc.,USD,2026-09-26T00:36:51+00:00
GEV,2025-10-23,595.1500,GE Vernova Inc.,USD,2026-09-26T00:36:51+00:00
GEV,2025-10-24,584.3900,GE Vernova Inc.,USD,2026-09-26T00:36:51+00:00
GEV,2025-10-27,584.3900,GE Vernova Inc.,USD,2026-09-26T00:36:51+00:00
GEV,2025-10-28,570.9800,GE Vernova Inc.,USD,2026-09-26T00:36:51+00:00
GEV,2025-10-29,577.9700,GE Vernova Inc.,USD,2026-09-26T00:36:51+00:00
GEV,2025-10-30,574.0700,GE Vernova Inc.,USD,2026-09-26T00:36:51+00:00
GEV,2025-10-31,585.1400,GE Vernova Inc.,USD,2026-09-26T00:36:51+00:00
GEV,2025-11-03,581.2600,GE Vernova Inc.,USD,2026-09-26T00:36:51+00:00
GEV,2025-11-04,547.9600,GE Vernova Inc.,USD,2026-09-26T00:36:51+00:00
GEV,2025-11-05,559.7000,GE Vernova Inc.,USD,2026-09-26T00:36:51+00:00
GEV,2025-11-06,550.1700,GE Vernova Inc.,USD,2026-09-26T00:36:51+00:00
GEV,2025-11-07,575.1300,GE Vernova Inc.,USD,2026-09-26T00:36:51+00:00
GEV,2025-11-10,579.8000,GE Vernova Inc.,USD,2026-09-26T00:36:51+00:00
GEV,2025-11-11,576.0800,GE Vernova Inc.,USD,2026-09-26T00:36:51+00:00
GEV,2025-11-12,575.4000,GE Vernova Inc.,USD,2026-09-26T00:36:51+00:00
GEV,2025-11-13,558.1700,GE Vernova Inc.,USD,2026-09-26T00:36:51+00:00
GEV,2025-11-14,578.3100,GE Vernova Inc.,USD,2026-09-26T00:36:51+00:00
GEV,2025-11-17,577.0200,GE Vernova Inc.,USD,2026-09-26T00:36:51+00:00
GEV,2025-11-18,554.9300,GE Vernova Inc.,USD,2026-09-26T00:36:51+00:00
GEV,2025-11-19,595.3700,GE Vernova Inc.,USD,2026-09-26T00:36:51+00:00
GEV,2025-11-20,558.0300,GE Vernova Inc.,USD,2026-09-26T00:36:51+00:00
GEV,2025-11-21,555.8400,GE Vernova Inc.,USD,2026-09-26T00:36:51+00:00
GEV,2025-11-24,580.4900,GE Vernova Inc.,USD,2026-09-26T00:36:51+00:00
GEV,2025-11-25,572.5600,GE Vernova Inc.,USD,2026-09-26T00:36:51+00:00
GEV,2025-11-26,589.7200,GE Vernova Inc.,USD,2026-09-26T00:36:51+00:00
GEV,2025-11-28,599.7700,GE Vernova Inc.,USD,2026-09-26T00:36:51+00:00
GEV,2025-12-01,576.9000,GE Vernova Inc.,USD,2026-09-26T00:36:51+00:00
GEV,2025-12-02,601.5800,GE Vernova Inc.,USD,2026-09-26T00:36:51+00:00
GEV,2025-12-03,601.9700,GE Vernova Inc.,USD,2026-09-26T00:36:51+00:00
GEV,2025-12-04,629.1100,GE Vernova Inc.,USD,2026-09-26T00:36:51+00:00
GEV,2025-12-05,631.3200,GE Vernova Inc.,USD,2026-09-26T00:36:51+00:00
GEV,2025-12-08,621.9000,GE Vernova Inc.,USD,2026-09-26T00:36:51+00:00
GEV,2025-12-09,625.3000,GE Vernova Inc.,USD,2026-09-26T00:36:51+00:00
GEV,2025-12-10,723.0000,GE Vernova Inc.,USD,2026-09-26T00:36:51+00:00
GEV,2025-12-11,704.2000,GE Vernova Inc.,USD,2026-09-26T00:36:51+00:00
GEV,2025-12-12,671.7100,GE Vernova Inc.,USD,2026-09-26T00:36:51+00:00
GEV,2025-12-15,681.3500,GE Vernova Inc.,USD,2026-09-26T00:36:51+00:00
GEV,2025-12-16,686.2200,GE Vernova Inc.,USD,2026-09-26T00:36:51+00:00
GEV,2025-12-17,614.1900,GE Vernova Inc.,USD,2026-09-26T00:36:51+00:00
GEV,2025-12-18,639.4300,GE Vernova Inc.,USD,2026-09-26T00:36:51+00:00
GEV,2025-12-19,658.2800,GE Vernova Inc.,USD,2026-09-26T00:36:51+00:00
GEV,2025-12-22,661.8100,GE Vernova Inc.,USD,2026-09-26T00:36:51+00:00
GEV,2025-12-23,661.4500,GE Vernova Inc.,USD,2026-09-26T00:36:51+00:00
GEV,2025-12-24,667.3200,GE Vernova Inc.,USD,2026-09-26T00:36:51+00:00
GEV,2025-12-26,663.4600,GE Vernova Inc.,USD,2026-09-26T00:36:51+00:00
GEV,2025-12-29,663.4600,GE Vernova Inc.,USD,2026-09-26T00:36:51+00:00
GEV,2025-12-30,659.6400,GE Vernova Inc.,USD,2026-09-26T00:36:51+00:00
GEV,2025-12-31,653.5700,GE Vernova Inc.,USD,2026-09-26T00:36:51+00:00
GEV,2026-01-02,679.5500,GE Vernova Inc.,USD,2026-09-26T00:36:51+00:00
GEV,2026-01-05,680.8600,GE Vernova Inc.,USD,2026-09-26T00:36:51+00:00
GEV,2026-01-06,686.3300,GE Vernova Inc.,USD,2026-09-26T00:36:51+00:00
GEV,2026-01-07,662.3200,GE Vernova Inc.,USD,2026-09-26T00:36:51+00:00
GEV,2026-01-08,628.4000,GE Vernova Inc.,USD,2026-09-26T00:36:51+00:00
GEV,2026-01-09,622.5000,GE Vernova Inc.,USD,2026-09-26T00:36:51+00:00
GEV,2026-01-12,639.7700,GE Vernova Inc.,USD,2026-09-26T00:36:51+00:00
GEV,2026-01-13,652.0900,GE Vernova Inc.,USD,2026-09-26T00:36:51+00:00
GEV,2026-01-14,644.1800,GE Vernova Inc.,USD,2026-09-26T00:36:51+00:00
GEV,2026-01-15,642.2300,GE Vernova Inc.,USD,2026-09-26T00:36:51+00:00
GEV,2026-01-16,681.5500,GE Vernova Inc.,USD,2026-09-26T00:36:51+00:00
GEV,2026-01-20,684.8600,GE Vernova Inc.,USD,2026-09-26T00:36:51+00:00
GEV,2026-01-21,667.8900,GE Vernova Inc.,USD,2026-09-26T00:36:51+00:00
GEV,2026-01-22,661.6700,GE Vernova Inc.,USD,2026-09-26T00:36:51+00:00
GEV,2026-01-23,657.7800,GE Vernova Inc.,USD,2026-09-26T00:36:51+00:00
GEV,2026-01-26,665.9900,GE Vernova Inc.,USD,2026-09-26T00:36:51+00:00
GEV,2026-01-27,692.7000,GE Vernova Inc.,USD,2026-09-26T00:36:51+00:00
GEV,2026-01-28,711.5900,GE Vernova Inc.,USD,2026-09-26T00:36:51+00:00
GEV,2026-01-29,717.3900,GE Vernova Inc.,USD,2026-09-26T00:36:51+00:00
GEV,2026-01-30,726.3700,GE Vernova Inc.,USD,2026-09-26T00:36:51+00:00
GEV,2026-02-02,754.9700,GE Vernova Inc.,USD,2026-09-26T00:36:51+00:00
GEV,2026-02-03,780.2500,GE Vernova Inc.,USD,2026-09-26T00:36:51+00:00
GEV,2026-02-04,746.2200,GE Vernova Inc.,USD,2026-09-26T00:36:51+00:00
GEV,2026-02-05,737.5300,GE Vernova Inc.,USD,2026-09-26T00:36:51+00:00
GEV,2026-02-06,779.3500,GE Vernova Inc.,USD,2026-09-26T00:36:51+00:00
GEV,2026-02-09,801.5400,GE Vernova Inc.,USD,2026-09-26T00:36:51+00:00
GEV,2026-02-10,790.7900,GE Vernova Inc.,USD,2026-09-26T00:36:51+00:00
GEV,2026-02-11,823.6700,GE Vernova Inc.,USD,2026-09-26T00:36:51+00:00
GEV,2026-02-12,816.5600,GE Vernova Inc.,USD,2026-09-26T00:36:51+00:00
GEV,2026-02-13,802.1300,GE Vernova Inc.,USD,2026-09-26T00:36:51+00:00
GEV,2026-02-17,819.1500,GE Vernova Inc.,USD,2026-09-26T00:36:51+00:00
GEV,2026-02-18,817.5500,GE Vernova Inc.,USD,2026-09-26T00:36:51+00:00
GEV,2026-02-19,834.6100,GE Vernova Inc.,USD,2026-09-26T00:36:51+00:00
GEV,2026-02-20,830.3400,GE Vernova Inc.,USD,2026-09-26T00:36:51+00:00
GEV,2026-02-23,831.7000,GE Vernova Inc.,USD,2026-09-26T00:36:51+00:00
GEV,2026-02-24,879.7300,GE Vernova Inc.,USD,2026-09-26T00:36:51+00:00
GEV,2026-02-25,876.0100,GE Vernova Inc.,USD,2026-09-26T00:36:51+00:00
GEV,2026-02-26,876.4600,GE Vernova Inc.,USD,2026-09-26T00:36:51+00:00
GEV,2026-02-27,873.6000,GE Vernova Inc.,USD,2026-09-26T00:36:51+00:00
GEV,2026-03-02,881.1800,GE Vernova Inc.,USD,2026-09-26T00:36:51+00:00
GEV,2026-03-03,842.0000,GE Vernova Inc.,USD,2026-09-26T00:36:51+00:00
GEV,2026-03-04,841.2700,GE Vernova Inc.,USD,2026-09-26T00:36:51+00:00
GEV,2026-03-05,815.0100,GE Vernova Inc.,USD,2026-09-26T00:36:51+00:00
GEV,2026-03-06,789.2300,GE Vernova Inc.,USD,2026-09-26T00:36:51+00:00
GEV,2026-03-09,830.1000,GE Vernova Inc.,USD,2026-09-26T00:36:51+00:00
GEV,2026-03-10,839.2000,GE Vernova Inc.,USD,2026-09-26T00:36:51+00:00
GEV,2026-03-11,847.6500,GE Vernova Inc.,USD,2026-09-26T00:36:51+00:00
GEV,2026-03-12,832.1100,GE Vernova Inc.,USD,2026-09-26T00:36:51+00:00
GEV,2026-03-13,805.0200,GE Vernova Inc.,USD,2026-09-26T00:36:51+00:00
GEV,2026-03-16,827.3700,GE Vernova Inc.,USD,2026-09-26T00:36:51+00:00
GEV,2026-03-17,844.0500,GE Vernova Inc.,USD,2026-09-26T00:36:51+00:00
GEV,2026-03-18,858.4700,GE Vernova Inc.,USD,2026-09-26T00:36:51+00:00
GEV,2026-03-19,877.3900,GE Vernova Inc.,USD,2026-09-26T00:36:51+00:00
GEV,2026-03-20,851.0700,GE Vernova Inc.,USD,2026-09-26T00:36:51+00:00
GEV,2026-03-23,882.6400,GE Vernova Inc.,USD,2026-09-26T00:36:51+00:00
GEV,2026-03-24,909.4100,GE Vernova Inc.,USD,2026-09-26T00:36:51+00:00
GEV,2026-03-25,923.6900,GE Vernova Inc.,USD,2026-09-26T00:36:51+00:00
GEV,2026-03-26,873.1200,GE Vernova Inc.,USD,2026-09-26T00:36:51+00:00
GEV,2026-03-27,853.1600,GE Vernova Inc.,USD,2026-09-26T00:36:51+00:00
GEV,2026-03-30,817.3500,GE Vernova Inc.,USD,2026-09-26T00:36:51+00:00
GEV,2026-03-31,872.9000,GE Vernova Inc.,USD,2026-09-26T00:36:51+00:00
GEV,2026-04-01,894.7800,GE Vernova Inc.,USD,2026-09-26T00:36:51+00:00
GEV,2026-04-02,898.5700,GE Vernova Inc.,USD,2026-09-26T00:36:51+00:00
GEV,2026-04-06,897.3600,GE Vernova Inc.,USD,2026-09-26T00:36:51+00:00
GEV,2026-04-07,910.7500,GE Vernova Inc.,USD,2026-09-26T00:36:51+00:00
GEV,2026-04-08,936.0700,GE Vernova Inc.,USD,2026-09-26T00:36:51+00:00
GEV,2026-04-09,968.0200,GE Vernova Inc.,USD,2026-09-26T00:36:51+00:00
GEV,2026-04-10,991.3200,GE Vernova Inc.,USD,2026-09-26T00:36:51+00:00
GEV,2026-04-13,991.1200,GE Vernova Inc.,USD,2026-09-26T00:36:51+00:00
GEV,2026-04-14,987.5000,GE Vernova Inc.,USD,2026-09-26T00:36:51+00:00
GEV,2026-04-15,985.9200,GE Vernova Inc.,USD,2026-09-26T00:36:51+00:00
GEV,2026-04-16,978.3200,GE Vernova Inc.,USD,2026-09-26T00:36:51+00:00
GEV,2026-04-17,1002.7500,GE Vernova Inc.,USD,2026-09-26T00:36:51+00:00
GEV,2026-04-20,990.1800,GE Vernova Inc.,USD,2026-09-26T00:36:51+00:00
GEV,2026-04-21,991.3000,GE Vernova Inc.,USD,2026-09-26T00:36:51+00:00
GEV,2026-04-22,1127.5601,GE Vernova Inc.,USD,2026-09-26T00:36:51+00:00
GEV,2026-04-23,1149.5300,GE Vernova Inc.,USD,2026-09-26T00:36:51+00:00
GEV,2026-04-24,1149.1899,GE Vernova Inc.,USD,2026-09-26T00:36:51+00:00
GEV,2026-04-27,1120.2300,GE Vernova Inc.,USD,2026-09-26T00:36:51+00:00
GEV,2026-04-28,1088.9301,GE Vernova Inc.,USD,2026-09-26T00:36:51+00:00
GEV,2026-04-29,1063.1100,GE Vernova Inc.,USD,2026-09-26T00:36:51+00:00
GEV,2026-04-30,1083.4600,GE Vernova Inc.,USD,2026-09-26T00:36:51+00:00
GEV,2026-05-01,1062.9500,GE Vernova Inc.,USD,2026-09-26T00:36:51+00:00
GEV,2026-05-04,1073.9500,GE Vernova Inc.,USD,2026-09-26T00:36:51+00:00
GEV,2026-05-05,1095.2100,GE Vernova Inc.,USD,2026-09-26T00:36:51+00:00
GEV,2026-05-06,1118.9600,GE Vernova Inc.,USD,2026-09-26T00:36:51+00:00
GEV,2026-05-07,1045.6300,GE Vernova Inc.,USD,2026-09-26T00:36:51+00:00
GEV,2026-05-08,1040.1500,GE Vernova Inc.,USD,2026-09-26T00:36:51+00:00
GEV,2026-05-11,1073.0800,GE Vernova Inc.,USD,2026-09-26T00:36:51+00:00
GEV,2026-05-12,1071.9800,GE Vernova Inc.,USD,2026-09-26T00:36:51+00:00
GEV,2026-05-13,1062.5699,GE Vernova Inc.,USD,2026-09-26T00:36:51+00:00
GEV,2026-05-14,1090.5300,GE Vernova Inc.,USD,2026-09-26T00:36:51+00:00
GEV,2026-05-15,1049.2300,GE Vernova Inc.,USD,2026-09-26T00:36:51+00:00
GEV,2026-05-18,1012.2500,GE Vernova Inc.,USD,2026-09-26T00:36:51+00:00
GEV,2026-05-19,1011.8000,GE Vernova Inc.,USD,2026-09-26T00:36:51+00:00
GEV,2026-05-20,1024.5200,GE Vernova Inc.,USD,2026-09-26T00:36:51+00:00
GEV,2026-05-21,1043.8199,GE Vernova Inc.,USD,2026-09-26T00:36:51+00:00
GEV,2026-05-22,1038.7400,GE Vernova Inc.,USD,2026-09-26T00:36:51+00:00
GEV,2026-05-26,1070.4700,GE Vernova Inc.,USD,2026-09-26T00:36:51+00:00
GEV,2026-05-27,1031.8900,GE Vernova Inc.,USD,2026-09-26T00:36:51+00:00
GEV,2026-05-28,996.0000,GE Vernova Inc.,USD,2026-09-26T00:36:51+00:00
GEV,2026-05-29,968.3200,GE Vernova Inc.,USD,2026-09-26T00:36:51+00:00
GEV,2026-06-01,950.5400,GE Vernova Inc.,USD,2026-09-26T00:36:51+00:00
GEV,2026-06-02,969.6700,GE Vernova Inc.,USD,2026-09-26T00:36:51+00:00
GEV,2026-06-03,959.3600,GE Vernova Inc.,USD,2026-09-26T00:36:51+00:00
GEV,2026-06-04,963.3300,GE Vernova Inc.,USD,2026-09-26T00:36:51+00:00
GEV,2026-06-05,933.6100,GE Vernova Inc.,USD,2026-09-26T00:36:51+00:00
GEV,2026-06-08,933.8500,GE Vernova Inc.,USD,2026-09-26T00:36:51+00:00
GEV,2026-06-09,920.1500,GE Vernova Inc.,USD,2026-09-26T00:36:51+00:00
GEV,2026-06-10,867.0900,GE Vernova Inc.,USD,2026-09-26T00:36:51+00:00
GEV,2026-06-11,906.7900,GE Vernova Inc.,USD,2026-09-26T00:36:51+00:00
GEV,2026-06-12,940.6600,GE Vernova Inc.,USD,2026-09-26T00:36:51+00:00
GEV,2026-06-15,979.0700,GE Vernova Inc.,USD,2026-09-26T00:36:51+00:00
GEV,2026-06-16,982.3500,GE Vernova Inc.,USD,2026-09-26T00:36:51+00:00
GEV,2026-06-17,1048.8600,GE Vernova Inc.,USD,2026-09-26T00:36:51+00:00
GEV,2026-06-18,1109.7300,GE Vernova Inc.,USD,2026-09-26T00:36:51+00:00
GEV,2026-06-22,1127.5900,GE Vernova Inc.,USD,2026-09-26T00:36:51+00:00
GEV,2026-06-23,1034.9800,GE Vernova Inc.,USD,2026-09-26T00:36:51+00:00
GEV,2026-06-24,1057.6500,GE Vernova Inc.,USD,2026-09-26T00:36:51+00:00
GEV,2026-06-25,1085.4700,GE Vernova Inc.,USD,2026-09-26T00:36:51+00:00
GEV,2026-06-26,1045.1700,GE Vernova Inc.,USD,2026-09-26T00:36:51+00:00
GEV,2026-06-29,1102.5100,GE Vernova Inc.,USD,2026-09-26T00:36:51+00:00
GEV,2026-06-30,1174.8600,GE Vernova Inc.,USD,2026-09-26T00:36:51+00:00
GEV,2026-07-01,1134.3500,GE Vernova Inc.,USD,2026-09-26T00:36:51+00:00
GEV,2026-07-02,1113.1100,GE Vernova Inc.,USD,2026-09-26T00:36:51+00:00
GEV,2026-07-06,1152.0400,GE Vernova Inc.,USD,2026-09-26T00:36:51+00:00
GEV,2026-07-07,1077.0800,GE Vernova Inc.,USD,2026-09-26T00:36:51+00:00
GEV,2026-07-08,1070.9900,GE Vernova Inc.,USD,2026-09-26T00:36:51+00:00
GEV,2026-07-09,1075.2600,GE Vernova Inc.,USD,2026-09-26T00:36:51+00:00
GEV,2026-07-10,1091.5699,GE Vernova Inc.,USD,2026-09-26T00:36:51+00:00
GEV,2026-07-13,1042.6000,GE Vernova Inc.,USD,2026-09-26T00:36:51+00:00
GEV,2026-07-14,1066.0100,GE Vernova Inc.,USD,2026-09-26T00:36:51+00:00
GEV,2026-07-15,1055.2800,GE Vernova Inc.,USD,2026-09-26T00:36:51+00:00
GEV,2026-07-16,1036.2200,GE Vernova Inc.,USD,2026-09-26T00:36:51+00:00
GEV,2026-07-17,1057.8400,GE Vernova Inc.,USD,2026-09-26T00:36:51+00:00
GEV,2026-07-20,1079.1801,GE Vernova Inc.,USD,2026-09-26T00:36:51+00:00
GEV,2026-07-21,1078.8101,GE Vernova Inc.,USD,2026-09-26T00:36:51+00:00
GEV,2026-07-22,985.0300,GE Vernova Inc.,USD,2026-09-26T00:36:51+00:00
GEV,2026-07-23,1031.1899,GE Vernova Inc.,USD,2026-09-26T00:36:51+00:00
GEV,2026-07-24,1014.7500,GE Vernova Inc.,USD,2026-09-26T00:36:51+00:00
GEV,2026-07-27,996.5700,GE Vernova Inc.,USD,2026-09-26T00:36:51+00:00
GEV,2026-07-28,943.3800,GE Vernova Inc.,USD,2026-09-26T00:36:51+00:00
GEV,2026-07-29,900.2800,GE Vernova Inc.,USD,2026-09-26T00:36:51+00:00
GEV,2026-07-30,981.9800,GE Vernova Inc.,USD,2026-09-26T00:36:51+00:00
GEV,2026-07-31,990.2900,GE Vernova Inc.,USD,2026-09-26T00:36:51+00:00
GEV,2026-08-03,1006.7600,GE Vernova Inc.,USD,2026-09-26T00:36:51+00:00
GEV,2026-08-04,1018.5300,GE Vernova Inc.,USD,2026-09-26T00:36:51+00:00
GEV,2026-08-05,1017.9600,GE Vernova Inc.,USD,2026-09-26T00:36:51+00:00
GEV,2026-08-06,1000.3000,GE Vernova Inc.,USD,2026-09-26T00:36:51+00:00
GEV,2026-08-07,990.3200,GE Vernova Inc.,USD,2026-09-26T00:36:51+00:00
GEV,2026-08-10,990.8500,GE Vernova Inc.,USD,2026-09-26T00:36:51+00:00
GEV,2026-08-11,1011.8800,GE Vernova Inc.,USD,2026-09-26T00:36:51+00:00
GEV,2026-08-12,1039.9000,GE Vernova Inc.,USD,2026-09-26T00:36:51+00:00
GEV,2026-08-13,1049.4200,GE Vernova Inc.,USD,2026-09-26T00:36:51+00:00
GEV,2026-08-14,1063.2500,GE Vernova Inc.,USD,2026-09-26T00:36:51+00:00
GEV,2026-08-17,1079.0000,GE Vernova Inc.,USD,2026-09-26T00:36:51+00:00
GEV,2026-08-18,1004.5300,GE Vernova Inc.,USD,2026-09-26T00:36:51+00:00
GEV,2026-08-19,987.4600,GE Vernova Inc.,USD,2026-09-26T00:36:51+00:00
GEV,2026-08-20,966.0100,GE Vernova Inc.,USD,2026-09-26T00:36:51+00:00
GEV,2026-08-21,956.8500,GE Vernova Inc.,USD,2026-09-26T00:36:51+00:00
GEV,2026-08-24,942.1000,GE Vernova Inc.,USD,2026-09-26T00:36:51+00:00
GEV,2026-08-25,926.7300,GE Vernova Inc.,USD,2026-09-26T00:36:51+00:00
GEV,2026-08-26,953.0900,GE Vernova Inc.,USD,2026-09-26T00:36:51+00:00
GEV,2026-08-27,953.8300,GE Vernova Inc.,USD,2026-09-26T00:36:51+00:00
GEV,2026-08-28,911.9300,GE Vernova Inc.,USD,2026-09-26T00:36:51+00:00
GEV,2026-08-31,898.5300,GE Vernova Inc.,USD,2026-09-26T00:36:51+00:00
GEV,2026-09-01,898.5300,GE Vernova Inc.,USD,2026-09-26T00:36:51+00:00
GEV,2026-09-02,921.9400,GE Vernova Inc.,USD,2026-09-26T00:36:51+00:00
GEV,2026-09-03,941.8400,GE Vernova Inc.,USD,2026-09-26T00:36:51+00:00
GEV,2026-09-04,941.9500,GE Vernova Inc.,USD,2026-09-26T00:36:51+00:00
GEV,2026-09-08,971.3100,GE Vernova Inc.,USD,2026-09-26T00:36:51+00:00
GEV,2026-09-09,951.0400,GE Vernova Inc.,USD,2026-09-26T00:36:51+00:00
GEV,2026-09-10,923.9100,GE Vernova Inc.,USD,2026-09-26T00:36:51+00:00
GEV,2026-09-11,957.2700,GE Vernova Inc.,USD,2026-09-26T00:36:51+00:00
GEV,2026-09-14,874.7600,GE Vernova Inc.,USD,2026-09-26T00:36:51+00:00
GEV,2026-09-15,882.8100,GE Vernova Inc.,USD,2026-09-26T00:36:51+00:00
GEV,2026-09-16,925.0900,GE Vernova Inc.,USD,2026-09-26T00:36:51+00:00
GEV,2026-09-17,924.9300,GE Vernova Inc.,USD,2026-09-26T00:36:51+00:00
GEV,2026-09-18,940.3300,GE Vernova Inc.,USD,2026-09-26T00:36:51+00:00
GEV,2026-09-21,946.2200,GE Vernova Inc.,USD,2026-09-26T00:36:51+00:00
GEV,2026-09-22,950.2800,GE Vernova Inc.,USD,2026-09-26T00:36:51+00:00
GEV,2026-09-23,951.8200,GE Vernova Inc.,USD,2026-09-26T00:36:51+00:00
GEV,2026-09-24,955.0400,GE Vernova Inc.,USD,2026-09-26T00:36:51+00:00
GEV,2026-09-25,957.6300,GE Vernova Inc.,USD,2026-09-25T23:17:43+00:00
GRID,2025-07-31,142.2200,First Trust NASDAQ Clean Edge Smart Grid Infrastructure Index Fund,USD,2026-09-24T23:11:57+00:00
GRID,2025-08-01,141.1500,First Trust NASDAQ Clean Edge Smart Grid Infrastructure Index Fund,USD,2026-09-25T23:17:43+00:00
GRID,2025-08-04,142.8200,First Trust NASDAQ Clean Edge Smart Grid Infrastructure Index Fund,USD,2026-09-26T00:36:51+00:00
GRID,2025-08-05,141.3800,First Trust NASDAQ Clean Edge Smart Grid Infrastructure Index Fund,USD,2026-09-26T00:36:51+00:00
GRID,2025-08-06,141.8800,First Trust NASDAQ Clean Edge Smart Grid Infrastructure Index Fund,USD,2026-09-26T00:36:51+00:00
GRID,2025-08-07,142.8300,First Trust NASDAQ Clean Edge Smart Grid Infrastructure Index Fund,USD,2026-09-26T00:36:51+00:00
GRID,2025-08-08,143.4100,First Trust NASDAQ Clean Edge Smart Grid Infrastructure Index Fund,USD,2026-09-26T00:36:51+00:00
GRID,2025-08-11,142.7200,First Trust NASDAQ Clean Edge Smart Grid Infrastructure Index Fund,USD,2026-09-26T00:36:51+00:00
GRID,2025-08-12,144.8800,First Trust NASDAQ Clean Edge Smart Grid Infrastructure Index Fund,USD,2026-09-26T00:36:51+00:00
GRID,2025-08-13,144.3100,First Trust NASDAQ Clean Edge Smart Grid Infrastructure Index Fund,USD,2026-09-26T00:36:51+00:00
GRID,2025-08-14,143.8800,First Trust NASDAQ Clean Edge Smart Grid Infrastructure Index Fund,USD,2026-09-26T00:36:51+00:00
GRID,2025-08-15,143.4600,First Trust NASDAQ Clean Edge Smart Grid Infrastructure Index Fund,USD,2026-09-26T00:36:51+00:00
GRID,2025-08-18,143.8900,First Trust NASDAQ Clean Edge Smart Grid Infrastructure Index Fund,USD,2026-09-26T00:36:51+00:00
GRID,2025-08-19,142.9100,First Trust NASDAQ Clean Edge Smart Grid Infrastructure Index Fund,USD,2026-09-26T00:36:51+00:00
GRID,2025-08-20,142.2400,First Trust NASDAQ Clean Edge Smart Grid Infrastructure Index Fund,USD,2026-09-26T00:36:51+00:00
GRID,2025-08-21,141.5100,First Trust NASDAQ Clean Edge Smart Grid Infrastructure Index Fund,USD,2026-09-26T00:36:51+00:00
GRID,2025-08-22,144.5600,First Trust NASDAQ Clean Edge Smart Grid Infrastructure Index Fund,USD,2026-09-26T00:36:51+00:00
GRID,2025-08-25,143.0500,First Trust NASDAQ Clean Edge Smart Grid Infrastructure Index Fund,USD,2026-09-26T00:36:51+00:00
GRID,2025-08-26,144.1700,First Trust NASDAQ Clean Edge Smart Grid Infrastructure Index Fund,USD,2026-09-26T00:36:51+00:00
GRID,2025-08-27,144.3000,First Trust NASDAQ Clean Edge Smart Grid Infrastructure Index Fund,USD,2026-09-26T00:36:51+00:00
GRID,2025-08-28,145.2600,First Trust NASDAQ Clean Edge Smart Grid Infrastructure Index Fund,USD,2026-09-26T00:36:51+00:00
GRID,2025-08-29,142.9100,First Trust NASDAQ Clean Edge Smart Grid Infrastructure Index Fund,USD,2026-09-26T00:36:51+00:00
GRID,2025-09-02,140.4300,First Trust NASDAQ Clean Edge Smart Grid Infrastructure Index Fund,USD,2026-09-26T00:36:51+00:00
GRID,2025-09-03,140.9400,First Trust NASDAQ Clean Edge Smart Grid Infrastructure Index Fund,USD,2026-09-26T00:36:51+00:00
GRID,2025-09-04,142.6300,First Trust NASDAQ Clean Edge Smart Grid Infrastructure Index Fund,USD,2026-09-26T00:36:51+00:00
GRID,2025-09-05,143.2600,First Trust NASDAQ Clean Edge Smart Grid Infrastructure Index Fund,USD,2026-09-26T00:36:51+00:00
GRID,2025-09-08,144.6500,First Trust NASDAQ Clean Edge Smart Grid Infrastructure Index Fund,USD,2026-09-26T00:36:51+00:00
GRID,2025-09-09,144.3200,First Trust NASDAQ Clean Edge Smart Grid Infrastructure Index Fund,USD,2026-09-26T00:36:51+00:00
GRID,2025-09-10,147.3900,First Trust NASDAQ Clean Edge Smart Grid Infrastructure Index Fund,USD,2026-09-26T00:36:51+00:00
GRID,2025-09-11,148.2900,First Trust NASDAQ Clean Edge Smart Grid Infrastructure Index Fund,USD,2026-09-26T00:36:51+00:00
GRID,2025-09-12,148.3200,First Trust NASDAQ Clean Edge Smart Grid Infrastructure Index Fund,USD,2026-09-26T00:36:51+00:00
GRID,2025-09-15,149.3100,First Trust NASDAQ Clean Edge Smart Grid Infrastructure Index Fund,USD,2026-09-26T00:36:51+00:00
GRID,2025-09-16,148.7400,First Trust NASDAQ Clean Edge Smart Grid Infrastructure Index Fund,USD,2026-09-26T00:36:51+00:00
GRID,2025-09-17,147.8400,First Trust NASDAQ Clean Edge Smart Grid Infrastructure Index Fund,USD,2026-09-26T00:36:51+00:00
GRID,2025-09-18,149.3100,First Trust NASDAQ Clean Edge Smart Grid Infrastructure Index Fund,USD,2026-09-26T00:36:51+00:00
GRID,2025-09-19,149.3600,First Trust NASDAQ Clean Edge Smart Grid Infrastructure Index Fund,USD,2026-09-26T00:36:51+00:00
GRID,2025-09-22,151.2000,First Trust NASDAQ Clean Edge Smart Grid Infrastructure Index Fund,USD,2026-09-26T00:36:51+00:00
GRID,2025-09-23,149.8300,First Trust NASDAQ Clean Edge Smart Grid Infrastructure Index Fund,USD,2026-09-26T00:36:51+00:00
GRID,2025-09-24,149.7800,First Trust NASDAQ Clean Edge Smart Grid Infrastructure Index Fund,USD,2026-09-26T00:36:51+00:00
GRID,2025-09-25,148.0400,First Trust NASDAQ Clean Edge Smart Grid Infrastructure Index Fund,USD,2026-09-26T00:36:51+00:00
GRID,2025-09-26,149.1400,First Trust NASDAQ Clean Edge Smart Grid Infrastructure Index Fund,USD,2026-09-26T00:36:51+00:00
GRID,2025-09-29,149.6600,First Trust NASDAQ Clean Edge Smart Grid Infrastructure Index Fund,USD,2026-09-26T00:36:51+00:00
GRID,2025-09-30,151.0800,First Trust NASDAQ Clean Edge Smart Grid Infrastructure Index Fund,USD,2026-09-26T00:36:51+00:00
GRID,2025-10-01,152.1000,First Trust NASDAQ Clean Edge Smart Grid Infrastructure Index Fund,USD,2026-09-26T00:36:51+00:00
GRID,2025-10-02,152.7000,First Trust NASDAQ Clean Edge Smart Grid Infrastructure Index Fund,USD,2026-09-26T00:36:51+00:00
GRID,2025-10-03,152.2500,First Trust NASDAQ Clean Edge Smart Grid Infrastructure Index Fund,USD,2026-09-26T00:36:51+00:00
GRID,2025-10-06,153.4700,First Trust NASDAQ Clean Edge Smart Grid Infrastructure Index Fund,USD,2026-09-26T00:36:51+00:00
GRID,2025-10-07,151.5900,First Trust NASDAQ Clean Edge Smart Grid Infrastructure Index Fund,USD,2026-09-26T00:36:51+00:00
GRID,2025-10-08,153.4200,First Trust NASDAQ Clean Edge Smart Grid Infrastructure Index Fund,USD,2026-09-26T00:36:51+00:00
GRID,2025-10-09,152.6600,First Trust NASDAQ Clean Edge Smart Grid Infrastructure Index Fund,USD,2026-09-26T00:36:51+00:00
GRID,2025-10-10,149.5200,First Trust NASDAQ Clean Edge Smart Grid Infrastructure Index Fund,USD,2026-09-26T00:36:51+00:00
GRID,2025-10-13,152.0100,First Trust NASDAQ Clean Edge Smart Grid Infrastructure Index Fund,USD,2026-09-26T00:36:51+00:00
GRID,2025-10-14,152.3800,First Trust NASDAQ Clean Edge Smart Grid Infrastructure Index Fund,USD,2026-09-26T00:36:51+00:00
GRID,2025-10-15,154.7300,First Trust NASDAQ Clean Edge Smart Grid Infrastructure Index Fund,USD,2026-09-26T00:36:51+00:00
GRID,2025-10-16,155.0800,First Trust NASDAQ Clean Edge Smart Grid Infrastructure Index Fund,USD,2026-09-26T00:36:51+00:00
GRID,2025-10-17,154.1800,First Trust NASDAQ Clean Edge Smart Grid Infrastructure Index Fund,USD,2026-09-26T00:36:51+00:00
GRID,2025-10-20,155.4400,First Trust NASDAQ Clean Edge Smart Grid Infrastructure Index Fund,USD,2026-09-26T00:36:51+00:00
GRID,2025-10-21,154.5600,First Trust NASDAQ Clean Edge Smart Grid Infrastructure Index Fund,USD,2026-09-26T00:36:51+00:00
GRID,2025-10-22,152.3600,First Trust NASDAQ Clean Edge Smart Grid Infrastructure Index Fund,USD,2026-09-26T00:36:51+00:00
GRID,2025-10-23,154.9500,First Trust NASDAQ Clean Edge Smart Grid Infrastructure Index Fund,USD,2026-09-26T00:36:51+00:00
GRID,2025-10-24,156.6200,First Trust NASDAQ Clean Edge Smart Grid Infrastructure Index Fund,USD,2026-09-26T00:36:51+00:00
GRID,2025-10-27,157.9200,First Trust NASDAQ Clean Edge Smart Grid Infrastructure Index Fund,USD,2026-09-26T00:36:51+00:00
GRID,2025-10-28,158.3400,First Trust NASDAQ Clean Edge Smart Grid Infrastructure Index Fund,USD,2026-09-26T00:36:51+00:00
GRID,2025-10-29,158.9100,First Trust NASDAQ Clean Edge Smart Grid Infrastructure Index Fund,USD,2026-09-26T00:36:51+00:00
GRID,2025-10-30,157.0400,First Trust NASDAQ Clean Edge Smart Grid Infrastructure Index Fund,USD,2026-09-26T00:36:51+00:00
GRID,2025-10-31,157.1000,First Trust NASDAQ Clean Edge Smart Grid Infrastructure Index Fund,USD,2026-09-26T00:36:51+00:00
GRID,2025-11-03,157.5500,First Trust NASDAQ Clean Edge Smart Grid Infrastructure Index Fund,USD,2026-09-26T00:36:51+00:00
GRID,2025-11-04,154.3700,First Trust NASDAQ Clean Edge Smart Grid Infrastructure Index Fund,USD,2026-09-26T00:36:51+00:00
GRID,2025-11-05,157.1800,First Trust NASDAQ Clean Edge Smart Grid Infrastructure Index Fund,USD,2026-09-26T00:36:51+00:00
GRID,2025-11-06,155.1500,First Trust NASDAQ Clean Edge Smart Grid Infrastructure Index Fund,USD,2026-09-26T00:36:51+00:00
GRID,2025-11-07,154.6300,First Trust NASDAQ Clean Edge Smart Grid Infrastructure Index Fund,USD,2026-09-26T00:36:51+00:00
GRID,2025-11-10,156.1400,First Trust NASDAQ Clean Edge Smart Grid Infrastructure Index Fund,USD,2026-09-26T00:36:51+00:00
GRID,2025-11-11,155.5700,First Trust NASDAQ Clean Edge Smart Grid Infrastructure Index Fund,USD,2026-09-26T00:36:51+00:00
GRID,2025-11-12,156.2500,First Trust NASDAQ Clean Edge Smart Grid Infrastructure Index Fund,USD,2026-09-26T00:36:51+00:00
GRID,2025-11-13,152.8900,First Trust NASDAQ Clean Edge Smart Grid Infrastructure Index Fund,USD,2026-09-26T00:36:51+00:00
GRID,2025-11-14,152.7100,First Trust NASDAQ Clean Edge Smart Grid Infrastructure Index Fund,USD,2026-09-26T00:36:51+00:00
GRID,2025-11-17,150.6200,First Trust NASDAQ Clean Edge Smart Grid Infrastructure Index Fund,USD,2026-09-26T00:36:51+00:00
GRID,2025-11-18,148.8500,First Trust NASDAQ Clean Edge Smart Grid Infrastructure Index Fund,USD,2026-09-26T00:36:51+00:00
GRID,2025-11-19,149.3700,First Trust NASDAQ Clean Edge Smart Grid Infrastructure Index Fund,USD,2026-09-26T00:36:51+00:00
GRID,2025-11-20,146.5100,First Trust NASDAQ Clean Edge Smart Grid Infrastructure Index Fund,USD,2026-09-26T00:36:51+00:00
GRID,2025-11-21,146.7600,First Trust NASDAQ Clean Edge Smart Grid Infrastructure Index Fund,USD,2026-09-26T00:36:51+00:00
GRID,2025-11-24,147.9000,First Trust NASDAQ Clean Edge Smart Grid Infrastructure Index Fund,USD,2026-09-26T00:36:51+00:00
GRID,2025-11-25,149.0200,First Trust NASDAQ Clean Edge Smart Grid Infrastructure Index Fund,USD,2026-09-26T00:36:51+00:00
GRID,2025-11-26,151.5400,First Trust NASDAQ Clean Edge Smart Grid Infrastructure Index Fund,USD,2026-09-26T00:36:51+00:00
GRID,2025-11-28,152.6800,First Trust NASDAQ Clean Edge Smart Grid Infrastructure Index Fund,USD,2026-09-26T00:36:51+00:00
GRID,2025-12-01,150.9300,First Trust NASDAQ Clean Edge Smart Grid Infrastructure Index Fund,USD,2026-09-26T00:36:51+00:00
GRID,2025-12-02,151.7200,First Trust NASDAQ Clean Edge Smart Grid Infrastructure Index Fund,USD,2026-09-26T00:36:51+00:00
GRID,2025-12-03,152.5400,First Trust NASDAQ Clean Edge Smart Grid Infrastructure Index Fund,USD,2026-09-26T00:36:51+00:00
GRID,2025-12-04,153.8500,First Trust NASDAQ Clean Edge Smart Grid Infrastructure Index Fund,USD,2026-09-26T00:36:51+00:00
GRID,2025-12-05,153.5500,First Trust NASDAQ Clean Edge Smart Grid Infrastructure Index Fund,USD,2026-09-26T00:36:51+00:00
GRID,2025-12-08,154.1100,First Trust NASDAQ Clean Edge Smart Grid Infrastructure Index Fund,USD,2026-09-26T00:36:51+00:00
GRID,2025-12-09,153.3800,First Trust NASDAQ Clean Edge Smart Grid Infrastructure Index Fund,USD,2026-09-26T00:36:51+00:00
GRID,2025-12-10,155.3800,First Trust NASDAQ Clean Edge Smart Grid Infrastructure Index Fund,USD,2026-09-26T00:36:51+00:00
GRID,2025-12-11,155.5900,First Trust NASDAQ Clean Edge Smart Grid Infrastructure Index Fund,USD,2026-09-26T00:36:51+00:00
GRID,2025-12-12,152.5000,First Trust NASDAQ Clean Edge Smart Grid Infrastructure Index Fund,USD,2026-09-26T00:36:51+00:00
GRID,2025-12-15,153.7500,First Trust NASDAQ Clean Edge Smart Grid Infrastructure Index Fund,USD,2026-09-26T00:36:51+00:00
GRID,2025-12-16,153.3100,First Trust NASDAQ Clean Edge Smart Grid Infrastructure Index Fund,USD,2026-09-26T00:36:51+00:00
GRID,2025-12-17,149.8000,First Trust NASDAQ Clean Edge Smart Grid Infrastructure Index Fund,USD,2026-09-26T00:36:51+00:00
GRID,2025-12-18,151.2900,First Trust NASDAQ Clean Edge Smart Grid Infrastructure Index Fund,USD,2026-09-26T00:36:51+00:00
GRID,2025-12-19,152.7500,First Trust NASDAQ Clean Edge Smart Grid Infrastructure Index Fund,USD,2026-09-26T00:36:51+00:00
GRID,2025-12-22,153.7600,First Trust NASDAQ Clean Edge Smart Grid Infrastructure Index Fund,USD,2026-09-26T00:36:51+00:00
GRID,2025-12-23,154.6400,First Trust NASDAQ Clean Edge Smart Grid Infrastructure Index Fund,USD,2026-09-26T00:36:51+00:00
GRID,2025-12-24,154.7600,First Trust NASDAQ Clean Edge Smart Grid Infrastructure Index Fund,USD,2026-09-26T00:36:51+00:00
GRID,2025-12-26,154.8400,First Trust NASDAQ Clean Edge Smart Grid Infrastructure Index Fund,USD,2026-09-26T00:36:51+00:00
GRID,2025-12-29,154.2700,First Trust NASDAQ Clean Edge Smart Grid Infrastructure Index Fund,USD,2026-09-26T00:36:51+00:00
GRID,2025-12-30,154.2300,First Trust NASDAQ Clean Edge Smart Grid Infrastructure Index Fund,USD,2026-09-26T00:36:51+00:00
GRID,2025-12-31,153.0200,First Trust NASDAQ Clean Edge Smart Grid Infrastructure Index Fund,USD,2026-09-26T00:36:51+00:00
GRID,2026-01-02,155.8200,First Trust NASDAQ Clean Edge Smart Grid Infrastructure Index Fund,USD,2026-09-26T00:36:51+00:00
GRID,2026-01-05,157.2600,First Trust NASDAQ Clean Edge Smart Grid Infrastructure Index Fund,USD,2026-09-26T00:36:51+00:00
GRID,2026-01-06,157.4200,First Trust NASDAQ Clean Edge Smart Grid Infrastructure Index Fund,USD,2026-09-26T00:36:51+00:00
GRID,2026-01-07,156.6100,First Trust NASDAQ Clean Edge Smart Grid Infrastructure Index Fund,USD,2026-09-26T00:36:51+00:00
GRID,2026-01-08,154.7500,First Trust NASDAQ Clean Edge Smart Grid Infrastructure Index Fund,USD,2026-09-26T00:36:51+00:00
GRID,2026-01-09,156.0500,First Trust NASDAQ Clean Edge Smart Grid Infrastructure Index Fund,USD,2026-09-26T00:36:51+00:00
GRID,2026-01-12,156.8900,First Trust NASDAQ Clean Edge Smart Grid Infrastructure Index Fund,USD,2026-09-26T00:36:51+00:00
GRID,2026-01-13,156.5600,First Trust NASDAQ Clean Edge Smart Grid Infrastructure Index Fund,USD,2026-09-26T00:36:51+00:00
GRID,2026-01-14,156.3800,First Trust NASDAQ Clean Edge Smart Grid Infrastructure Index Fund,USD,2026-09-26T00:36:51+00:00
GRID,2026-01-15,157.4700,First Trust NASDAQ Clean Edge Smart Grid Infrastructure Index Fund,USD,2026-09-26T00:36:51+00:00
GRID,2026-01-16,159.2400,First Trust NASDAQ Clean Edge Smart Grid Infrastructure Index Fund,USD,2026-09-26T00:36:51+00:00
GRID,2026-01-20,156.9700,First Trust NASDAQ Clean Edge Smart Grid Infrastructure Index Fund,USD,2026-09-26T00:36:51+00:00
GRID,2026-01-21,158.8400,First Trust NASDAQ Clean Edge Smart Grid Infrastructure Index Fund,USD,2026-09-26T00:36:51+00:00
GRID,2026-01-22,159.3000,First Trust NASDAQ Clean Edge Smart Grid Infrastructure Index Fund,USD,2026-09-26T00:36:51+00:00
GRID,2026-01-23,159.9300,First Trust NASDAQ Clean Edge Smart Grid Infrastructure Index Fund,USD,2026-09-26T00:36:51+00:00
GRID,2026-01-26,160.9600,First Trust NASDAQ Clean Edge Smart Grid Infrastructure Index Fund,USD,2026-09-26T00:36:51+00:00
GRID,2026-01-27,164.2400,First Trust NASDAQ Clean Edge Smart Grid Infrastructure Index Fund,USD,2026-09-26T00:36:51+00:00
GRID,2026-01-28,164.5600,First Trust NASDAQ Clean Edge Smart Grid Infrastructure Index Fund,USD,2026-09-26T00:36:51+00:00
GRID,2026-01-29,166.9100,First Trust NASDAQ Clean Edge Smart Grid Infrastructure Index Fund,USD,2026-09-26T00:36:51+00:00
GRID,2026-01-30,164.8700,First Trust NASDAQ Clean Edge Smart Grid Infrastructure Index Fund,USD,2026-09-26T00:36:51+00:00
GRID,2026-02-02,166.2000,First Trust NASDAQ Clean Edge Smart Grid Infrastructure Index Fund,USD,2026-09-26T00:36:51+00:00
GRID,2026-02-03,167.8100,First Trust NASDAQ Clean Edge Smart Grid Infrastructure Index Fund,USD,2026-09-26T00:36:51+00:00
GRID,2026-02-04,167.1100,First Trust NASDAQ Clean Edge Smart Grid Infrastructure Index Fund,USD,2026-09-26T00:36:51+00:00
GRID,2026-02-05,165.7700,First Trust NASDAQ Clean Edge Smart Grid Infrastructure Index Fund,USD,2026-09-26T00:36:51+00:00
GRID,2026-02-06,170.8500,First Trust NASDAQ Clean Edge Smart Grid Infrastructure Index Fund,USD,2026-09-26T00:36:51+00:00
GRID,2026-02-09,174.1300,First Trust NASDAQ Clean Edge Smart Grid Infrastructure Index Fund,USD,2026-09-26T00:36:51+00:00
GRID,2026-02-10,173.8000,First Trust NASDAQ Clean Edge Smart Grid Infrastructure Index Fund,USD,2026-09-26T00:36:51+00:00
GRID,2026-02-11,176.9400,First Trust NASDAQ Clean Edge Smart Grid Infrastructure Index Fund,USD,2026-09-26T00:36:51+00:00
GRID,2026-02-12,175.0100,First Trust NASDAQ Clean Edge Smart Grid Infrastructure Index Fund,USD,2026-09-26T00:36:51+00:00
GRID,2026-02-13,175.4000,First Trust NASDAQ Clean Edge Smart Grid Infrastructure Index Fund,USD,2026-09-26T00:36:51+00:00
GRID,2026-02-17,175.1400,First Trust NASDAQ Clean Edge Smart Grid Infrastructure Index Fund,USD,2026-09-26T00:36:51+00:00
GRID,2026-02-18,174.7300,First Trust NASDAQ Clean Edge Smart Grid Infrastructure Index Fund,USD,2026-09-26T00:36:51+00:00
GRID,2026-02-19,174.6900,First Trust NASDAQ Clean Edge Smart Grid Infrastructure Index Fund,USD,2026-09-26T00:36:51+00:00
GRID,2026-02-20,175.8200,First Trust NASDAQ Clean Edge Smart Grid Infrastructure Index Fund,USD,2026-09-26T00:36:51+00:00
GRID,2026-02-23,174.1100,First Trust NASDAQ Clean Edge Smart Grid Infrastructure Index Fund,USD,2026-09-26T00:36:51+00:00
GRID,2026-02-24,176.8200,First Trust NASDAQ Clean Edge Smart Grid Infrastructure Index Fund,USD,2026-09-26T00:36:51+00:00
GRID,2026-02-25,178.6200,First Trust NASDAQ Clean Edge Smart Grid Infrastructure Index Fund,USD,2026-09-26T00:36:51+00:00
GRID,2026-02-26,178.4900,First Trust NASDAQ Clean Edge Smart Grid Infrastructure Index Fund,USD,2026-09-26T00:36:51+00:00
GRID,2026-02-27,177.8500,First Trust NASDAQ Clean Edge Smart Grid Infrastructure Index Fund,USD,2026-09-26T00:36:51+00:00
GRID,2026-03-02,176.5700,First Trust NASDAQ Clean Edge Smart Grid Infrastructure Index Fund,USD,2026-09-26T00:36:51+00:00
GRID,2026-03-03,169.2600,First Trust NASDAQ Clean Edge Smart Grid Infrastructure Index Fund,USD,2026-09-26T00:36:51+00:00
GRID,2026-03-04,170.9100,First Trust NASDAQ Clean Edge Smart Grid Infrastructure Index Fund,USD,2026-09-26T00:36:51+00:00
GRID,2026-03-05,168.1100,First Trust NASDAQ Clean Edge Smart Grid Infrastructure Index Fund,USD,2026-09-26T00:36:51+00:00
GRID,2026-03-06,165.8700,First Trust NASDAQ Clean Edge Smart Grid Infrastructure Index Fund,USD,2026-09-26T00:36:51+00:00
GRID,2026-03-09,167.6600,First Trust NASDAQ Clean Edge Smart Grid Infrastructure Index Fund,USD,2026-09-26T00:36:51+00:00
GRID,2026-03-10,168.9400,First Trust NASDAQ Clean Edge Smart Grid Infrastructure Index Fund,USD,2026-09-26T00:36:51+00:00
GRID,2026-03-11,169.0900,First Trust NASDAQ Clean Edge Smart Grid Infrastructure Index Fund,USD,2026-09-26T00:36:51+00:00
GRID,2026-03-12,166.4700,First Trust NASDAQ Clean Edge Smart Grid Infrastructure Index Fund,USD,2026-09-26T00:36:51+00:00
GRID,2026-03-13,165.2400,First Trust NASDAQ Clean Edge Smart Grid Infrastructure Index Fund,USD,2026-09-26T00:36:51+00:00
GRID,2026-03-16,167.6400,First Trust NASDAQ Clean Edge Smart Grid Infrastructure Index Fund,USD,2026-09-26T00:36:51+00:00
GRID,2026-03-17,168.4700,First Trust NASDAQ Clean Edge Smart Grid Infrastructure Index Fund,USD,2026-09-26T00:36:51+00:00
GRID,2026-03-18,166.6100,First Trust NASDAQ Clean Edge Smart Grid Infrastructure Index Fund,USD,2026-09-26T00:36:51+00:00
GRID,2026-03-19,166.3500,First Trust NASDAQ Clean Edge Smart Grid Infrastructure Index Fund,USD,2026-09-26T00:36:51+00:00
GRID,2026-03-20,160.8800,First Trust NASDAQ Clean Edge Smart Grid Infrastructure Index Fund,USD,2026-09-26T00:36:51+00:00
GRID,2026-03-23,164.9500,First Trust NASDAQ Clean Edge Smart Grid Infrastructure Index Fund,USD,2026-09-26T00:36:51+00:00
GRID,2026-03-24,165.3700,First Trust NASDAQ Clean Edge Smart Grid Infrastructure Index Fund,USD,2026-09-26T00:36:51+00:00
GRID,2026-03-25,168.1400,First Trust NASDAQ Clean Edge Smart Grid Infrastructure Index Fund,USD,2026-09-26T00:36:51+00:00
GRID,2026-03-26,161.5700,First Trust NASDAQ Clean Edge Smart Grid Infrastructure Index Fund,USD,2026-09-26T00:36:51+00:00
GRID,2026-03-27,159.5000,First Trust NASDAQ Clean Edge Smart Grid Infrastructure Index Fund,USD,2026-09-26T00:36:51+00:00
GRID,2026-03-30,157.5800,First Trust NASDAQ Clean Edge Smart Grid Infrastructure Index Fund,USD,2026-09-26T00:36:51+00:00
GRID,2026-03-31,163.5800,First Trust NASDAQ Clean Edge Smart Grid Infrastructure Index Fund,USD,2026-09-26T00:36:51+00:00
GRID,2026-04-01,166.8200,First Trust NASDAQ Clean Edge Smart Grid Infrastructure Index Fund,USD,2026-09-26T00:36:51+00:00
GRID,2026-04-02,165.9000,First Trust NASDAQ Clean Edge Smart Grid Infrastructure Index Fund,USD,2026-09-26T00:36:51+00:00
GRID,2026-04-06,166.7100,First Trust NASDAQ Clean Edge Smart Grid Infrastructure Index Fund,USD,2026-09-26T00:36:51+00:00
GRID,2026-04-07,166.6900,First Trust NASDAQ Clean Edge Smart Grid Infrastructure Index Fund,USD,2026-09-26T00:36:51+00:00
GRID,2026-04-08,174.7100,First Trust NASDAQ Clean Edge Smart Grid Infrastructure Index Fund,USD,2026-09-26T00:36:51+00:00
GRID,2026-04-09,176.5300,First Trust NASDAQ Clean Edge Smart Grid Infrastructure Index Fund,USD,2026-09-26T00:36:51+00:00
GRID,2026-04-10,177.8800,First Trust NASDAQ Clean Edge Smart Grid Infrastructure Index Fund,USD,2026-09-26T00:36:51+00:00
GRID,2026-04-13,179.5900,First Trust NASDAQ Clean Edge Smart Grid Infrastructure Index Fund,USD,2026-09-26T00:36:51+00:00
GRID,2026-04-14,181.2500,First Trust NASDAQ Clean Edge Smart Grid Infrastructure Index Fund,USD,2026-09-26T00:36:51+00:00
GRID,2026-04-15,179.9700,First Trust NASDAQ Clean Edge Smart Grid Infrastructure Index Fund,USD,2026-09-26T00:36:51+00:00
GRID,2026-04-16,179.9800,First Trust NASDAQ Clean Edge Smart Grid Infrastructure Index Fund,USD,2026-09-26T00:36:51+00:00
GRID,2026-04-17,183.3100,First Trust NASDAQ Clean Edge Smart Grid Infrastructure Index Fund,USD,2026-09-26T00:36:51+00:00
GRID,2026-04-20,183.0200,First Trust NASDAQ Clean Edge Smart Grid Infrastructure Index Fund,USD,2026-09-26T00:36:51+00:00
GRID,2026-04-21,180.7000,First Trust NASDAQ Clean Edge Smart Grid Infrastructure Index Fund,USD,2026-09-26T00:36:51+00:00
GRID,2026-04-22,183.9900,First Trust NASDAQ Clean Edge Smart Grid Infrastructure Index Fund,USD,2026-09-26T00:36:51+00:00
GRID,2026-04-23,184.8700,First Trust NASDAQ Clean Edge Smart Grid Infrastructure Index Fund,USD,2026-09-26T00:36:51+00:00
GRID,2026-04-24,187.2000,First Trust NASDAQ Clean Edge Smart Grid Infrastructure Index Fund,USD,2026-09-26T00:36:51+00:00
GRID,2026-04-27,187.4800,First Trust NASDAQ Clean Edge Smart Grid Infrastructure Index Fund,USD,2026-09-26T00:36:51+00:00
GRID,2026-04-28,185.4200,First Trust NASDAQ Clean Edge Smart Grid Infrastructure Index Fund,USD,2026-09-26T00:36:51+00:00
GRID,2026-04-29,184.2900,First Trust NASDAQ Clean Edge Smart Grid Infrastructure Index Fund,USD,2026-09-26T00:36:51+00:00
GRID,2026-04-30,190.9900,First Trust NASDAQ Clean Edge Smart Grid Infrastructure Index Fund,USD,2026-09-26T00:36:51+00:00
GRID,2026-05-01,191.1400,First Trust NASDAQ Clean Edge Smart Grid Infrastructure Index Fund,USD,2026-09-26T00:36:51+00:00
GRID,2026-05-04,189.8400,First Trust NASDAQ Clean Edge Smart Grid Infrastructure Index Fund,USD,2026-09-26T00:36:51+00:00
GRID,2026-05-05,193.4900,First Trust NASDAQ Clean Edge Smart Grid Infrastructure Index Fund,USD,2026-09-26T00:36:51+00:00
GRID,2026-05-06,197.7300,First Trust NASDAQ Clean Edge Smart Grid Infrastructure Index Fund,USD,2026-09-26T00:36:51+00:00
GRID,2026-05-07,192.8700,First Trust NASDAQ Clean Edge Smart Grid Infrastructure Index Fund,USD,2026-09-26T00:36:51+00:00
GRID,2026-05-08,197.2200,First Trust NASDAQ Clean Edge Smart Grid Infrastructure Index Fund,USD,2026-09-26T00:36:51+00:00
GRID,2026-05-11,199.8000,First Trust NASDAQ Clean Edge Smart Grid Infrastructure Index Fund,USD,2026-09-26T00:36:51+00:00
GRID,2026-05-12,195.1300,First Trust NASDAQ Clean Edge Smart Grid Infrastructure Index Fund,USD,2026-09-26T00:36:51+00:00
GRID,2026-05-13,197.2600,First Trust NASDAQ Clean Edge Smart Grid Infrastructure Index Fund,USD,2026-09-26T00:36:51+00:00
GRID,2026-05-14,197.3300,First Trust NASDAQ Clean Edge Smart Grid Infrastructure Index Fund,USD,2026-09-26T00:36:51+00:00
GRID,2026-05-15,191.7800,First Trust NASDAQ Clean Edge Smart Grid Infrastructure Index Fund,USD,2026-09-26T00:36:51+00:00
GRID,2026-05-18,189.2200,First Trust NASDAQ Clean Edge Smart Grid Infrastructure Index Fund,USD,2026-09-26T00:36:51+00:00
GRID,2026-05-19,185.0100,First Trust NASDAQ Clean Edge Smart Grid Infrastructure Index Fund,USD,2026-09-26T00:36:51+00:00
GRID,2026-05-20,188.4900,First Trust NASDAQ Clean Edge Smart Grid Infrastructure Index Fund,USD,2026-09-26T00:36:51+00:00
GRID,2026-05-21,190.9800,First Trust NASDAQ Clean Edge Smart Grid Infrastructure Index Fund,USD,2026-09-26T00:36:51+00:00
GRID,2026-05-22,192.5000,First Trust NASDAQ Clean Edge Smart Grid Infrastructure Index Fund,USD,2026-09-26T00:36:51+00:00
GRID,2026-05-26,197.0200,First Trust NASDAQ Clean Edge Smart Grid Infrastructure Index Fund,USD,2026-09-26T00:36:51+00:00
GRID,2026-05-27,194.2000,First Trust NASDAQ Clean Edge Smart Grid Infrastructure Index Fund,USD,2026-09-26T00:36:51+00:00
GRID,2026-05-28,193.8800,First Trust NASDAQ Clean Edge Smart Grid Infrastructure Index Fund,USD,2026-09-26T00:36:51+00:00
GRID,2026-05-29,193.0700,First Trust NASDAQ Clean Edge Smart Grid Infrastructure Index Fund,USD,2026-09-26T00:36:51+00:00
GRID,2026-06-01,193.3700,First Trust NASDAQ Clean Edge Smart Grid Infrastructure Index Fund,USD,2026-09-26T00:36:51+00:00
GRID,2026-06-02,197.4800,First Trust NASDAQ Clean Edge Smart Grid Infrastructure Index Fund,USD,2026-09-26T00:36:51+00:00
GRID,2026-06-03,197.1400,First Trust NASDAQ Clean Edge Smart Grid Infrastructure Index Fund,USD,2026-09-26T00:36:51+00:00
GRID,2026-06-04,197.0000,First Trust NASDAQ Clean Edge Smart Grid Infrastructure Index Fund,USD,2026-09-26T00:36:51+00:00
GRID,2026-06-05,187.5600,First Trust NASDAQ Clean Edge Smart Grid Infrastructure Index Fund,USD,2026-09-26T00:36:51+00:00
GRID,2026-06-08,189.3200,First Trust NASDAQ Clean Edge Smart Grid Infrastructure Index Fund,USD,2026-09-26T00:36:51+00:00
GRID,2026-06-09,187.6200,First Trust NASDAQ Clean Edge Smart Grid Infrastructure Index Fund,USD,2026-09-26T00:36:51+00:00
GRID,2026-06-10,181.4900,First Trust NASDAQ Clean Edge Smart Grid Infrastructure Index Fund,USD,2026-09-26T00:36:51+00:00
GRID,2026-06-11,189.3600,First Trust NASDAQ Clean Edge Smart Grid Infrastructure Index Fund,USD,2026-09-26T00:36:51+00:00
GRID,2026-06-12,189.0100,First Trust NASDAQ Clean Edge Smart Grid Infrastructure Index Fund,USD,2026-09-26T00:36:51+00:00
GRID,2026-06-15,192.4500,First Trust NASDAQ Clean Edge Smart Grid Infrastructure Index Fund,USD,2026-09-26T00:36:51+00:00
GRID,2026-06-16,192.1200,First Trust NASDAQ Clean Edge Smart Grid Infrastructure Index Fund,USD,2026-09-26T00:36:51+00:00
GRID,2026-06-17,191.0500,First Trust NASDAQ Clean Edge Smart Grid Infrastructure Index Fund,USD,2026-09-26T00:36:51+00:00
GRID,2026-06-18,194.6800,First Trust NASDAQ Clean Edge Smart Grid Infrastructure Index Fund,USD,2026-09-26T00:36:51+00:00
GRID,2026-06-22,197.5200,First Trust NASDAQ Clean Edge Smart Grid Infrastructure Index Fund,USD,2026-09-26T00:36:51+00:00
GRID,2026-06-23,188.7200,First Trust NASDAQ Clean Edge Smart Grid Infrastructure Index Fund,USD,2026-09-26T00:36:51+00:00
GRID,2026-06-24,188.1500,First Trust NASDAQ Clean Edge Smart Grid Infrastructure Index Fund,USD,2026-09-26T00:36:51+00:00
GRID,2026-06-25,190.2500,First Trust NASDAQ Clean Edge Smart Grid Infrastructure Index Fund,USD,2026-09-26T00:36:51+00:00
GRID,2026-06-26,185.1100,First Trust NASDAQ Clean Edge Smart Grid Infrastructure Index Fund,USD,2026-09-26T00:36:51+00:00
GRID,2026-06-29,188.3600,First Trust NASDAQ Clean Edge Smart Grid Infrastructure Index Fund,USD,2026-09-26T00:36:51+00:00
GRID,2026-06-30,191.7500,First Trust NASDAQ Clean Edge Smart Grid Infrastructure Index Fund,USD,2026-09-26T00:36:51+00:00
GRID,2026-07-01,187.2100,First Trust NASDAQ Clean Edge Smart Grid Infrastructure Index Fund,USD,2026-09-26T00:36:51+00:00
GRID,2026-07-02,184.1700,First Trust NASDAQ Clean Edge Smart Grid Infrastructure Index Fund,USD,2026-09-26T00:36:51+00:00
GRID,2026-07-06,187.4200,First Trust NASDAQ Clean Edge Smart Grid Infrastructure Index Fund,USD,2026-09-26T00:36:51+00:00
GRID,2026-07-07,182.3700,First Trust NASDAQ Clean Edge Smart Grid Infrastructure Index Fund,USD,2026-09-26T00:36:51+00:00
GRID,2026-07-08,182.5200,First Trust NASDAQ Clean Edge Smart Grid Infrastructure Index Fund,USD,2026-09-26T00:36:51+00:00
GRID,2026-07-09,184.1700,First Trust NASDAQ Clean Edge Smart Grid Infrastructure Index Fund,USD,2026-09-26T00:36:51+00:00
GRID,2026-07-10,184.8300,First Trust NASDAQ Clean Edge Smart Grid Infrastructure Index Fund,USD,2026-09-26T00:36:51+00:00
GRID,2026-07-13,181.4000,First Trust NASDAQ Clean Edge Smart Grid Infrastructure Index Fund,USD,2026-09-26T00:36:51+00:00
GRID,2026-07-14,183.7100,First Trust NASDAQ Clean Edge Smart Grid Infrastructure Index Fund,USD,2026-09-26T00:36:51+00:00
GRID,2026-07-15,182.6300,First Trust NASDAQ Clean Edge Smart Grid Infrastructure Index Fund,USD,2026-09-26T00:36:51+00:00
GRID,2026-07-16,177.6700,First Trust NASDAQ Clean Edge Smart Grid Infrastructure Index Fund,USD,2026-09-26T00:36:51+00:00
GRID,2026-07-17,177.8500,First Trust NASDAQ Clean Edge Smart Grid Infrastructure Index Fund,USD,2026-09-26T00:36:51+00:00
GRID,2026-07-20,177.0800,First Trust NASDAQ Clean Edge Smart Grid Infrastructure Index Fund,USD,2026-09-26T00:36:51+00:00
GRID,2026-07-21,180.1400,First Trust NASDAQ Clean Edge Smart Grid Infrastructure Index Fund,USD,2026-09-26T00:36:51+00:00
GRID,2026-07-22,180.4700,First Trust NASDAQ Clean Edge Smart Grid Infrastructure Index Fund,USD,2026-09-26T00:36:51+00:00
GRID,2026-07-23,179.8000,First Trust NASDAQ Clean Edge Smart Grid Infrastructure Index Fund,USD,2026-09-26T00:36:51+00:00
GRID,2026-07-24,177.4000,First Trust NASDAQ Clean Edge Smart Grid Infrastructure Index Fund,USD,2026-09-26T00:36:51+00:00
GRID,2026-07-27,176.4600,First Trust NASDAQ Clean Edge Smart Grid Infrastructure Index Fund,USD,2026-09-26T00:36:51+00:00
GRID,2026-07-28,172.5000,First Trust NASDAQ Clean Edge Smart Grid Infrastructure Index Fund,USD,2026-09-26T00:36:51+00:00
GRID,2026-07-29,167.5200,First Trust NASDAQ Clean Edge Smart Grid Infrastructure Index Fund,USD,2026-09-26T00:36:51+00:00
GRID,2026-07-30,176.6400,First Trust NASDAQ Clean Edge Smart Grid Infrastructure Index Fund,USD,2026-09-26T00:36:51+00:00
GRID,2026-07-31,179.3500,First Trust NASDAQ Clean Edge Smart Grid Infrastructure Index Fund,USD,2026-09-26T00:36:51+00:00
GRID,2026-08-03,182.0200,First Trust NASDAQ Clean Edge Smart Grid Infrastructure Index Fund,USD,2026-09-26T00:36:51+00:00
GRID,2026-08-04,186.7600,First Trust NASDAQ Clean Edge Smart Grid Infrastructure Index Fund,USD,2026-09-26T00:36:51+00:00
GRID,2026-08-05,186.6500,First Trust NASDAQ Clean Edge Smart Grid Infrastructure Index Fund,USD,2026-09-26T00:36:51+00:00
GRID,2026-08-06,185.5900,First Trust NASDAQ Clean Edge Smart Grid Infrastructure Index Fund,USD,2026-09-26T00:36:51+00:00
GRID,2026-08-07,186.4300,First Trust NASDAQ Clean Edge Smart Grid Infrastructure Index Fund,USD,2026-09-26T00:36:51+00:00
GRID,2026-08-10,185.1700,First Trust NASDAQ Clean Edge Smart Grid Infrastructure Index Fund,USD,2026-09-26T00:36:51+00:00
GRID,2026-08-11,187.4200,First Trust NASDAQ Clean Edge Smart Grid Infrastructure Index Fund,USD,2026-09-26T00:36:51+00:00
GRID,2026-08-12,188.9000,First Trust NASDAQ Clean Edge Smart Grid Infrastructure Index Fund,USD,2026-09-26T00:36:51+00:00
GRID,2026-08-13,188.2100,First Trust NASDAQ Clean Edge Smart Grid Infrastructure Index Fund,USD,2026-09-26T00:36:51+00:00
GRID,2026-08-14,187.8700,First Trust NASDAQ Clean Edge Smart Grid Infrastructure Index Fund,USD,2026-09-26T00:36:51+00:00
GRID,2026-08-17,189.2000,First Trust NASDAQ Clean Edge Smart Grid Infrastructure Index Fund,USD,2026-09-26T00:36:51+00:00
GRID,2026-08-18,183.7600,First Trust NASDAQ Clean Edge Smart Grid Infrastructure Index Fund,USD,2026-09-26T00:36:51+00:00
GRID,2026-08-19,182.7800,First Trust NASDAQ Clean Edge Smart Grid Infrastructure Index Fund,USD,2026-09-26T00:36:51+00:00
GRID,2026-08-20,181.1600,First Trust NASDAQ Clean Edge Smart Grid Infrastructure Index Fund,USD,2026-09-26T00:36:51+00:00
GRID,2026-08-21,180.9300,First Trust NASDAQ Clean Edge Smart Grid Infrastructure Index Fund,USD,2026-09-26T00:36:51+00:00
GRID,2026-08-24,178.2000,First Trust NASDAQ Clean Edge Smart Grid Infrastructure Index Fund,USD,2026-09-26T00:36:51+00:00
GRID,2026-08-25,179.4100,First Trust NASDAQ Clean Edge Smart Grid Infrastructure Index Fund,USD,2026-09-26T00:36:51+00:00
GRID,2026-08-26,180.8300,First Trust NASDAQ Clean Edge Smart Grid Infrastructure Index Fund,USD,2026-09-26T00:36:51+00:00
GRID,2026-08-27,181.7100,First Trust NASDAQ Clean Edge Smart Grid Infrastructure Index Fund,USD,2026-09-26T00:36:51+00:00
GRID,2026-08-28,179.1900,First Trust NASDAQ Clean Edge Smart Grid Infrastructure Index Fund,USD,2026-09-26T00:36:51+00:00
GRID,2026-08-31,178.3900,First Trust NASDAQ Clean Edge Smart Grid Infrastructure Index Fund,USD,2026-09-26T00:36:51+00:00
GRID,2026-09-01,175.4700,First Trust NASDAQ Clean Edge Smart Grid Infrastructure Index Fund,USD,2026-09-26T00:36:51+00:00
GRID,2026-09-02,175.5300,First Trust NASDAQ Clean Edge Smart Grid Infrastructure Index Fund,USD,2026-09-26T00:36:51+00:00
GRID,2026-09-03,177.5400,First Trust NASDAQ Clean Edge Smart Grid Infrastructure Index Fund,USD,2026-09-26T00:36:51+00:00
GRID,2026-09-04,178.9900,First Trust NASDAQ Clean Edge Smart Grid Infrastructure Index Fund,USD,2026-09-26T00:36:51+00:00
GRID,2026-09-08,181.9700,First Trust NASDAQ Clean Edge Smart Grid Infrastructure Index Fund,USD,2026-09-26T00:36:51+00:00
GRID,2026-09-09,180.1300,First Trust NASDAQ Clean Edge Smart Grid Infrastructure Index Fund,USD,2026-09-26T00:36:51+00:00
GRID,2026-09-10,177.2400,First Trust NASDAQ Clean Edge Smart Grid Infrastructure Index Fund,USD,2026-09-26T00:36:51+00:00
GRID,2026-09-11,180.7800,First Trust NASDAQ Clean Edge Smart Grid Infrastructure Index Fund,USD,2026-09-26T00:36:51+00:00
GRID,2026-09-14,172.9900,First Trust NASDAQ Clean Edge Smart Grid Infrastructure Index Fund,USD,2026-09-26T00:36:51+00:00
GRID,2026-09-15,172.7700,First Trust NASDAQ Clean Edge Smart Grid Infrastructure Index Fund,USD,2026-09-26T00:36:51+00:00
GRID,2026-09-16,174.2400,First Trust NASDAQ Clean Edge Smart Grid Infrastructure Index Fund,USD,2026-09-26T00:36:51+00:00
GRID,2026-09-17,176.8400,First Trust NASDAQ Clean Edge Smart Grid Infrastructure Index Fund,USD,2026-09-26T00:36:51+00:00
GRID,2026-09-18,178.2500,First Trust NASDAQ Clean Edge Smart Grid Infrastructure Index Fund,USD,2026-09-26T00:36:51+00:00
GRID,2026-09-21,181.0800,First Trust NASDAQ Clean Edge Smart Grid Infrastructure Index Fund,USD,2026-09-26T00:36:51+00:00
GRID,2026-09-22,182.8600,First Trust NASDAQ Clean Edge Smart Grid Infrastructure Index Fund,USD,2026-09-26T00:36:51+00:00
GRID,2026-09-23,179.5900,First Trust NASDAQ Clean Edge Smart Grid Infrastructure Index Fund,USD,2026-09-26T00:36:51+00:00
GRID,2026-09-24,178.2600,First Trust NASDAQ Clean Edge Smart Grid Infrastructure Index Fund,USD,2026-09-26T00:36:51+00:00
GRID,2026-09-25,179.5700,First Trust NASDAQ Clean Edge Smart Grid Infrastructure Index Fund,USD,2026-09-25T23:17:43+00:00
LITE,2025-07-31,110.0800,Lumentum Holdings Inc.,USD,2026-09-24T23:11:57+00:00
LITE,2025-08-01,106.6800,Lumentum Holdings Inc.,USD,2026-09-25T23:17:43+00:00
LITE,2025-08-04,111.1300,Lumentum Holdings Inc.,USD,2026-09-26T00:36:51+00:00
LITE,2025-08-05,108.1500,Lumentum Holdings Inc.,USD,2026-09-26T00:36:51+00:00
LITE,2025-08-06,110.0100,Lumentum Holdings Inc.,USD,2026-09-26T00:36:51+00:00
LITE,2025-08-07,111.1300,Lumentum Holdings Inc.,USD,2026-09-26T00:36:51+00:00
LITE,2025-08-08,116.2700,Lumentum Holdings Inc.,USD,2026-09-26T00:36:51+00:00
LITE,2025-08-11,115.0300,Lumentum Holdings Inc.,USD,2026-09-26T00:36:51+00:00
LITE,2025-08-12,119.6600,Lumentum Holdings Inc.,USD,2026-09-26T00:36:51+00:00
LITE,2025-08-13,120.2300,Lumentum Holdings Inc.,USD,2026-09-26T00:36:51+00:00
LITE,2025-08-14,114.6200,Lumentum Holdings Inc.,USD,2026-09-26T00:36:51+00:00
LITE,2025-08-15,115.8600,Lumentum Holdings Inc.,USD,2026-09-26T00:36:51+00:00
LITE,2025-08-18,118.9800,Lumentum Holdings Inc.,USD,2026-09-26T00:36:51+00:00
LITE,2025-08-19,117.9600,Lumentum Holdings Inc.,USD,2026-09-26T00:36:51+00:00
LITE,2025-08-20,115.8900,Lumentum Holdings Inc.,USD,2026-09-26T00:36:51+00:00
LITE,2025-08-21,117.4300,Lumentum Holdings Inc.,USD,2026-09-26T00:36:51+00:00
LITE,2025-08-22,119.3400,Lumentum Holdings Inc.,USD,2026-09-26T00:36:51+00:00
LITE,2025-08-25,123.4200,Lumentum Holdings Inc.,USD,2026-09-26T00:36:51+00:00
LITE,2025-08-26,124.6200,Lumentum Holdings Inc.,USD,2026-09-26T00:36:51+00:00
LITE,2025-08-27,125.8400,Lumentum Holdings Inc.,USD,2026-09-26T00:36:51+00:00
LITE,2025-08-28,135.5500,Lumentum Holdings Inc.,USD,2026-09-26T00:36:51+00:00
LITE,2025-08-29,132.8100,Lumentum Holdings Inc.,USD,2026-09-26T00:36:51+00:00
LITE,2025-09-02,132.5550,Lumentum Holdings Inc.,USD,2026-09-26T00:36:51+00:00
LITE,2025-09-03,134.1200,Lumentum Holdings Inc.,USD,2026-09-26T00:36:51+00:00
LITE,2025-09-04,141.9100,Lumentum Holdings Inc.,USD,2026-09-26T00:36:51+00:00
LITE,2025-09-05,149.4600,Lumentum Holdings Inc.,USD,2026-09-26T00:36:51+00:00
LITE,2025-09-08,149.4000,Lumentum Holdings Inc.,USD,2026-09-26T00:36:51+00:00
LITE,2025-09-09,151.7300,Lumentum Holdings Inc.,USD,2026-09-26T00:36:51+00:00
LITE,2025-09-10,164.8800,Lumentum Holdings Inc.,USD,2026-09-26T00:36:51+00:00
LITE,2025-09-11,164.8800,Lumentum Holdings Inc.,USD,2026-09-26T00:36:51+00:00
LITE,2025-09-12,163.0200,Lumentum Holdings Inc.,USD,2026-09-26T00:36:51+00:00
LITE,2025-09-15,168.7700,Lumentum Holdings Inc.,USD,2026-09-26T00:36:51+00:00
LITE,2025-09-16,170.9000,Lumentum Holdings Inc.,USD,2026-09-26T00:36:51+00:00
LITE,2025-09-17,163.3400,Lumentum Holdings Inc.,USD,2026-09-26T00:36:51+00:00
LITE,2025-09-18,171.5000,Lumentum Holdings Inc.,USD,2026-09-26T00:36:51+00:00
LITE,2025-09-19,168.7300,Lumentum Holdings Inc.,USD,2026-09-26T00:36:51+00:00
LITE,2025-09-22,164.7100,Lumentum Holdings Inc.,USD,2026-09-26T00:36:51+00:00
LITE,2025-09-23,163.9900,Lumentum Holdings Inc.,USD,2026-09-26T00:36:51+00:00
LITE,2025-09-24,152.7500,Lumentum Holdings Inc.,USD,2026-09-26T00:36:51+00:00
LITE,2025-09-25,159.1100,Lumentum Holdings Inc.,USD,2026-09-26T00:36:51+00:00
LITE,2025-09-26,160.7500,Lumentum Holdings Inc.,USD,2026-09-26T00:36:51+00:00
LITE,2025-09-29,162.5800,Lumentum Holdings Inc.,USD,2026-09-26T00:36:51+00:00
LITE,2025-09-30,162.7100,Lumentum Holdings Inc.,USD,2026-09-26T00:36:51+00:00
LITE,2025-10-01,171.4000,Lumentum Holdings Inc.,USD,2026-09-26T00:36:51+00:00
LITE,2025-10-02,169.7500,Lumentum Holdings Inc.,USD,2026-09-26T00:36:51+00:00
LITE,2025-10-03,163.8100,Lumentum Holdings Inc.,USD,2026-09-26T00:36:51+00:00
LITE,2025-10-06,160.6000,Lumentum Holdings Inc.,USD,2026-09-26T00:36:51+00:00
LITE,2025-10-07,157.1500,Lumentum Holdings Inc.,USD,2026-09-26T00:36:51+00:00
LITE,2025-10-08,163.0900,Lumentum Holdings Inc.,USD,2026-09-26T00:36:51+00:00
LITE,2025-10-09,159.7600,Lumentum Holdings Inc.,USD,2026-09-26T00:36:51+00:00
LITE,2025-10-10,149.6100,Lumentum Holdings Inc.,USD,2026-09-26T00:36:51+00:00
LITE,2025-10-13,160.5600,Lumentum Holdings Inc.,USD,2026-09-26T00:36:51+00:00
LITE,2025-10-14,156.7800,Lumentum Holdings Inc.,USD,2026-09-26T00:36:51+00:00
LITE,2025-10-15,156.5700,Lumentum Holdings Inc.,USD,2026-09-26T00:36:51+00:00
LITE,2025-10-16,163.2300,Lumentum Holdings Inc.,USD,2026-09-26T00:36:51+00:00
LITE,2025-10-17,164.7700,Lumentum Holdings Inc.,USD,2026-09-26T00:36:51+00:00
LITE,2025-10-20,161.0000,Lumentum Holdings Inc.,USD,2026-09-26T00:36:51+00:00
LITE,2025-10-21,162.9500,Lumentum Holdings Inc.,USD,2026-09-26T00:36:51+00:00
LITE,2025-10-22,158.0600,Lumentum Holdings Inc.,USD,2026-09-26T00:36:51+00:00
LITE,2025-10-23,168.5000,Lumentum Holdings Inc.,USD,2026-09-26T00:36:51+00:00
LITE,2025-10-24,179.3000,Lumentum Holdings Inc.,USD,2026-09-26T00:36:51+00:00
LITE,2025-10-27,193.8000,Lumentum Holdings Inc.,USD,2026-09-26T00:36:51+00:00
LITE,2025-10-28,198.3900,Lumentum Holdings Inc.,USD,2026-09-26T00:36:51+00:00
LITE,2025-10-29,214.2800,Lumentum Holdings Inc.,USD,2026-09-26T00:36:51+00:00
LITE,2025-10-30,200.1300,Lumentum Holdings Inc.,USD,2026-09-26T00:36:51+00:00
LITE,2025-10-31,201.5600,Lumentum Holdings Inc.,USD,2026-09-26T00:36:51+00:00
LITE,2025-11-03,199.5800,Lumentum Holdings Inc.,USD,2026-09-26T00:36:51+00:00
LITE,2025-11-04,188.3600,Lumentum Holdings Inc.,USD,2026-09-26T00:36:51+00:00
LITE,2025-11-05,232.7500,Lumentum Holdings Inc.,USD,2026-09-26T00:36:51+00:00
LITE,2025-11-06,239.6800,Lumentum Holdings Inc.,USD,2026-09-26T00:36:51+00:00
LITE,2025-11-07,240.1100,Lumentum Holdings Inc.,USD,2026-09-26T00:36:51+00:00
LITE,2025-11-10,259.8900,Lumentum Holdings Inc.,USD,2026-09-26T00:36:51+00:00
LITE,2025-11-11,252.4700,Lumentum Holdings Inc.,USD,2026-09-26T00:36:51+00:00
LITE,2025-11-12,253.8100,Lumentum Holdings Inc.,USD,2026-09-26T00:36:51+00:00
LITE,2025-11-13,226.8600,Lumentum Holdings Inc.,USD,2026-09-26T00:36:51+00:00
LITE,2025-11-14,232.1500,Lumentum Holdings Inc.,USD,2026-09-26T00:36:51+00:00
LITE,2025-11-17,242.0700,Lumentum Holdings Inc.,USD,2026-09-26T00:36:51+00:00
LITE,2025-11-18,247.4300,Lumentum Holdings Inc.,USD,2026-09-26T00:36:51+00:00
LITE,2025-11-19,268.9200,Lumentum Holdings Inc.,USD,2026-09-26T00:36:51+00:00
LITE,2025-11-20,233.2400,Lumentum Holdings Inc.,USD,2026-09-26T00:36:51+00:00
LITE,2025-11-21,255.5900,Lumentum Holdings Inc.,USD,2026-09-26T00:36:51+00:00
LITE,2025-11-24,299.3600,Lumentum Holdings Inc.,USD,2026-09-26T00:36:51+00:00
LITE,2025-11-25,291.2700,Lumentum Holdings Inc.,USD,2026-09-26T00:36:51+00:00
LITE,2025-11-26,308.2800,Lumentum Holdings Inc.,USD,2026-09-26T00:36:51+00:00
LITE,2025-11-28,325.1600,Lumentum Holdings Inc.,USD,2026-09-26T00:36:51+00:00
LITE,2025-12-01,317.9300,Lumentum Holdings Inc.,USD,2026-09-26T00:36:51+00:00
LITE,2025-12-02,302.8100,Lumentum Holdings Inc.,USD,2026-09-26T00:36:51+00:00
LITE,2025-12-03,302.9800,Lumentum Holdings Inc.,USD,2026-09-26T00:36:51+00:00
LITE,2025-12-04,327.8500,Lumentum Holdings Inc.,USD,2026-09-26T00:36:51+00:00
LITE,2025-12-05,331.4100,Lumentum Holdings Inc.,USD,2026-09-26T00:36:51+00:00
LITE,2025-12-08,342.5600,Lumentum Holdings Inc.,USD,2026-09-26T00:36:51+00:00
LITE,2025-12-09,360.3300,Lumentum Holdings Inc.,USD,2026-09-26T00:36:51+00:00
LITE,2025-12-10,366.0000,Lumentum Holdings Inc.,USD,2026-09-26T00:36:51+00:00
LITE,2025-12-11,372.0900,Lumentum Holdings Inc.,USD,2026-09-26T00:36:51+00:00
LITE,2025-12-12,324.3500,Lumentum Holdings Inc.,USD,2026-09-26T00:36:51+00:00
LITE,2025-12-15,334.6900,Lumentum Holdings Inc.,USD,2026-09-26T00:36:51+00:00
LITE,2025-12-16,316.1500,Lumentum Holdings Inc.,USD,2026-09-26T00:36:51+00:00
LITE,2025-12-17,320.2500,Lumentum Holdings Inc.,USD,2026-09-26T00:36:51+00:00
LITE,2025-12-18,337.1300,Lumentum Holdings Inc.,USD,2026-09-26T00:36:51+00:00
LITE,2025-12-19,371.4300,Lumentum Holdings Inc.,USD,2026-09-26T00:36:51+00:00
LITE,2025-12-22,389.8800,Lumentum Holdings Inc.,USD,2026-09-26T00:36:51+00:00
LITE,2025-12-23,387.4100,Lumentum Holdings Inc.,USD,2026-09-26T00:36:51+00:00
LITE,2025-12-24,395.9200,Lumentum Holdings Inc.,USD,2026-09-26T00:36:51+00:00
LITE,2025-12-26,390.7700,Lumentum Holdings Inc.,USD,2026-09-26T00:36:51+00:00
LITE,2025-12-29,372.6100,Lumentum Holdings Inc.,USD,2026-09-26T00:36:51+00:00
LITE,2025-12-30,371.1800,Lumentum Holdings Inc.,USD,2026-09-26T00:36:51+00:00
LITE,2025-12-31,368.5900,Lumentum Holdings Inc.,USD,2026-09-26T00:36:51+00:00
LITE,2026-01-02,386.1100,Lumentum Holdings Inc.,USD,2026-09-26T00:36:51+00:00
LITE,2026-01-05,357.0500,Lumentum Holdings Inc.,USD,2026-09-26T00:36:51+00:00
LITE,2026-01-06,397.4200,Lumentum Holdings Inc.,USD,2026-09-26T00:36:51+00:00
LITE,2026-01-07,392.8800,Lumentum Holdings Inc.,USD,2026-09-26T00:36:51+00:00
LITE,2026-01-08,348.2600,Lumentum Holdings Inc.,USD,2026-09-26T00:36:51+00:00
LITE,2026-01-09,351.4200,Lumentum Holdings Inc.,USD,2026-09-26T00:36:51+00:00
LITE,2026-01-12,339.8700,Lumentum Holdings Inc.,USD,2026-09-26T00:36:51+00:00
LITE,2026-01-13,361.3300,Lumentum Holdings Inc.,USD,2026-09-26T00:36:51+00:00
LITE,2026-01-14,331.6200,Lumentum Holdings Inc.,USD,2026-09-26T00:36:51+00:00
LITE,2026-01-15,343.2700,Lumentum Holdings Inc.,USD,2026-09-26T00:36:51+00:00
LITE,2026-01-16,324.2500,Lumentum Holdings Inc.,USD,2026-09-26T00:36:51+00:00
LITE,2026-01-20,356.8300,Lumentum Holdings Inc.,USD,2026-09-26T00:36:51+00:00
LITE,2026-01-21,362.4400,Lumentum Holdings Inc.,USD,2026-09-26T00:36:51+00:00
LITE,2026-01-22,354.4900,Lumentum Holdings Inc.,USD,2026-09-26T00:36:51+00:00
LITE,2026-01-23,339.1900,Lumentum Holdings Inc.,USD,2026-09-26T00:36:51+00:00
LITE,2026-01-26,332.4500,Lumentum Holdings Inc.,USD,2026-09-26T00:36:51+00:00
LITE,2026-01-27,370.6600,Lumentum Holdings Inc.,USD,2026-09-26T00:36:51+00:00
LITE,2026-01-28,385.0000,Lumentum Holdings Inc.,USD,2026-09-26T00:36:51+00:00
LITE,2026-01-29,381.4400,Lumentum Holdings Inc.,USD,2026-09-26T00:36:51+00:00
LITE,2026-01-30,391.8400,Lumentum Holdings Inc.,USD,2026-09-26T00:36:51+00:00
LITE,2026-02-02,423.4200,Lumentum Holdings Inc.,USD,2026-09-26T00:36:51+00:00
LITE,2026-02-03,435.1000,Lumentum Holdings Inc.,USD,2026-09-26T00:36:51+00:00
LITE,2026-02-04,465.5400,Lumentum Holdings Inc.,USD,2026-09-26T00:36:51+00:00
LITE,2026-02-05,504.4200,Lumentum Holdings Inc.,USD,2026-09-26T00:36:51+00:00
LITE,2026-02-06,551.9900,Lumentum Holdings Inc.,USD,2026-09-26T00:36:51+00:00
LITE,2026-02-09,577.1500,Lumentum Holdings Inc.,USD,2026-09-26T00:36:51+00:00
LITE,2026-02-10,561.1300,Lumentum Holdings Inc.,USD,2026-09-26T00:36:51+00:00
LITE,2026-02-11,574.1100,Lumentum Holdings Inc.,USD,2026-09-26T00:36:51+00:00
LITE,2026-02-12,583.4600,Lumentum Holdings Inc.,USD,2026-09-26T00:36:51+00:00
LITE,2026-02-13,562.7400,Lumentum Holdings Inc.,USD,2026-09-26T00:36:51+00:00
LITE,2026-02-17,600.4200,Lumentum Holdings Inc.,USD,2026-09-26T00:36:51+00:00
LITE,2026-02-18,594.2600,Lumentum Holdings Inc.,USD,2026-09-26T00:36:51+00:00
LITE,2026-02-19,635.6400,Lumentum Holdings Inc.,USD,2026-09-26T00:36:51+00:00
LITE,2026-02-20,667.7700,Lumentum Holdings Inc.,USD,2026-09-26T00:36:51+00:00
LITE,2026-02-23,674.7300,Lumentum Holdings Inc.,USD,2026-09-26T00:36:51+00:00
LITE,2026-02-24,688.2700,Lumentum Holdings Inc.,USD,2026-09-26T00:36:51+00:00
LITE,2026-02-25,723.3900,Lumentum Holdings Inc.,USD,2026-09-26T00:36:51+00:00
LITE,2026-02-26,677.0000,Lumentum Holdings Inc.,USD,2026-09-26T00:36:51+00:00
LITE,2026-02-27,700.9100,Lumentum Holdings Inc.,USD,2026-09-26T00:36:51+00:00
LITE,2026-03-02,783.2500,Lumentum Holdings Inc.,USD,2026-09-26T00:36:51+00:00
LITE,2026-03-03,694.4300,Lumentum Holdings Inc.,USD,2026-09-26T00:36:51+00:00
LITE,2026-03-04,680.8000,Lumentum Holdings Inc.,USD,2026-09-26T00:36:51+00:00
LITE,2026-03-05,650.8200,Lumentum Holdings Inc.,USD,2026-09-26T00:36:51+00:00
LITE,2026-03-06,558.4400,Lumentum Holdings Inc.,USD,2026-09-26T00:36:51+00:00
LITE,2026-03-09,640.6900,Lumentum Holdings Inc.,USD,2026-09-26T00:36:51+00:00
LITE,2026-03-10,672.0000,Lumentum Holdings Inc.,USD,2026-09-26T00:36:51+00:00
LITE,2026-03-11,672.0000,Lumentum Holdings Inc.,USD,2026-09-26T00:36:51+00:00
LITE,2026-03-12,616.0900,Lumentum Holdings Inc.,USD,2026-09-26T00:36:51+00:00
LITE,2026-03-13,622.5000,Lumentum Holdings Inc.,USD,2026-09-26T00:36:51+00:00
LITE,2026-03-16,624.8400,Lumentum Holdings Inc.,USD,2026-09-26T00:36:51+00:00
LITE,2026-03-17,649.5600,Lumentum Holdings Inc.,USD,2026-09-26T00:36:51+00:00
LITE,2026-03-18,700.8100,Lumentum Holdings Inc.,USD,2026-09-26T00:36:51+00:00
LITE,2026-03-19,772.1300,Lumentum Holdings Inc.,USD,2026-09-26T00:36:51+00:00
LITE,2026-03-20,706.3500,Lumentum Holdings Inc.,USD,2026-09-26T00:36:51+00:00
LITE,2026-03-23,728.9500,Lumentum Holdings Inc.,USD,2026-09-26T00:36:51+00:00
LITE,2026-03-24,801.9900,Lumentum Holdings Inc.,USD,2026-09-26T00:36:51+00:00
LITE,2026-03-25,777.1700,Lumentum Holdings Inc.,USD,2026-09-26T00:36:51+00:00
LITE,2026-03-26,688.8000,Lumentum Holdings Inc.,USD,2026-09-26T00:36:51+00:00
LITE,2026-03-27,702.7300,Lumentum Holdings Inc.,USD,2026-09-26T00:36:51+00:00
LITE,2026-03-30,654.7900,Lumentum Holdings Inc.,USD,2026-09-26T00:36:51+00:00
LITE,2026-03-31,702.7600,Lumentum Holdings Inc.,USD,2026-09-26T00:36:51+00:00
LITE,2026-04-01,764.6500,Lumentum Holdings Inc.,USD,2026-09-26T00:36:51+00:00
LITE,2026-04-02,826.8800,Lumentum Holdings Inc.,USD,2026-09-26T00:36:51+00:00
LITE,2026-04-06,772.2800,Lumentum Holdings Inc.,USD,2026-09-26T00:36:51+00:00
LITE,2026-04-07,815.7500,Lumentum Holdings Inc.,USD,2026-09-26T00:36:51+00:00
LITE,2026-04-08,896.0200,Lumentum Holdings Inc.,USD,2026-09-26T00:36:51+00:00
LITE,2026-04-09,894.1300,Lumentum Holdings Inc.,USD,2026-09-26T00:36:51+00:00
LITE,2026-04-10,897.3000,Lumentum Holdings Inc.,USD,2026-09-26T00:36:51+00:00
LITE,2026-04-13,871.1800,Lumentum Holdings Inc.,USD,2026-09-26T00:36:51+00:00
LITE,2026-04-14,852.7900,Lumentum Holdings Inc.,USD,2026-09-26T00:36:51+00:00
LITE,2026-04-15,824.0100,Lumentum Holdings Inc.,USD,2026-09-26T00:36:51+00:00
LITE,2026-04-16,891.2200,Lumentum Holdings Inc.,USD,2026-09-26T00:36:51+00:00
LITE,2026-04-17,894.0700,Lumentum Holdings Inc.,USD,2026-09-26T00:36:51+00:00
LITE,2026-04-20,895.1100,Lumentum Holdings Inc.,USD,2026-09-26T00:36:51+00:00
LITE,2026-04-21,836.9200,Lumentum Holdings Inc.,USD,2026-09-26T00:36:51+00:00
LITE,2026-04-22,873.6000,Lumentum Holdings Inc.,USD,2026-09-26T00:36:51+00:00
LITE,2026-04-23,846.8900,Lumentum Holdings Inc.,USD,2026-09-26T00:36:51+00:00
LITE,2026-04-24,881.6400,Lumentum Holdings Inc.,USD,2026-09-26T00:36:51+00:00
LITE,2026-04-27,859.6800,Lumentum Holdings Inc.,USD,2026-09-26T00:36:51+00:00
LITE,2026-04-28,791.3700,Lumentum Holdings Inc.,USD,2026-09-26T00:36:51+00:00
LITE,2026-04-29,858.3200,Lumentum Holdings Inc.,USD,2026-09-26T00:36:51+00:00
LITE,2026-04-30,902.3200,Lumentum Holdings Inc.,USD,2026-09-26T00:36:51+00:00
LITE,2026-05-01,949.9300,Lumentum Holdings Inc.,USD,2026-09-26T00:36:51+00:00
LITE,2026-05-04,976.1800,Lumentum Holdings Inc.,USD,2026-09-26T00:36:51+00:00
LITE,2026-05-05,994.5600,Lumentum Holdings Inc.,USD,2026-09-26T00:36:51+00:00
LITE,2026-05-06,944.2800,Lumentum Holdings Inc.,USD,2026-09-26T00:36:51+00:00
LITE,2026-05-07,892.5800,Lumentum Holdings Inc.,USD,2026-09-26T00:36:51+00:00
LITE,2026-05-08,903.8000,Lumentum Holdings Inc.,USD,2026-09-26T00:36:51+00:00
LITE,2026-05-11,1053.0900,Lumentum Holdings Inc.,USD,2026-09-26T00:36:51+00:00
LITE,2026-05-12,992.3700,Lumentum Holdings Inc.,USD,2026-09-26T00:36:51+00:00
LITE,2026-05-13,1030.3700,Lumentum Holdings Inc.,USD,2026-09-26T00:36:51+00:00
LITE,2026-05-14,1001.8100,Lumentum Holdings Inc.,USD,2026-09-26T00:36:51+00:00
LITE,2026-05-15,970.7000,Lumentum Holdings Inc.,USD,2026-09-26T00:36:51+00:00
LITE,2026-05-18,884.9800,Lumentum Holdings Inc.,USD,2026-09-26T00:36:51+00:00
LITE,2026-05-19,890.0900,Lumentum Holdings Inc.,USD,2026-09-26T00:36:51+00:00
LITE,2026-05-20,868.0700,Lumentum Holdings Inc.,USD,2026-09-26T00:36:51+00:00
LITE,2026-05-21,964.5000,Lumentum Holdings Inc.,USD,2026-09-26T00:36:51+00:00
LITE,2026-05-22,946.9000,Lumentum Holdings Inc.,USD,2026-09-26T00:36:51+00:00
LITE,2026-05-26,910.8100,Lumentum Holdings Inc.,USD,2026-09-26T00:36:51+00:00
LITE,2026-05-27,902.3100,Lumentum Holdings Inc.,USD,2026-09-26T00:36:51+00:00
LITE,2026-05-28,860.6200,Lumentum Holdings Inc.,USD,2026-09-26T00:36:51+00:00
LITE,2026-05-29,854.9600,Lumentum Holdings Inc.,USD,2026-09-26T00:36:51+00:00
LITE,2026-06-01,905.0000,Lumentum Holdings Inc.,USD,2026-09-26T00:36:51+00:00
LITE,2026-06-02,1029.1500,Lumentum Holdings Inc.,USD,2026-09-26T00:36:51+00:00
LITE,2026-06-03,938.0000,Lumentum Holdings Inc.,USD,2026-09-26T00:36:51+00:00
LITE,2026-06-04,945.0800,Lumentum Holdings Inc.,USD,2026-09-26T00:36:51+00:00
LITE,2026-06-05,863.6600,Lumentum Holdings Inc.,USD,2026-09-26T00:36:51+00:00
LITE,2026-06-08,895.4000,Lumentum Holdings Inc.,USD,2026-09-26T00:36:51+00:00
LITE,2026-06-09,821.7600,Lumentum Holdings Inc.,USD,2026-09-26T00:36:51+00:00
LITE,2026-06-10,853.2600,Lumentum Holdings Inc.,USD,2026-09-26T00:36:51+00:00
LITE,2026-06-11,889.5900,Lumentum Holdings Inc.,USD,2026-09-26T00:36:51+00:00
LITE,2026-06-12,921.5600,Lumentum Holdings Inc.,USD,2026-09-26T00:36:51+00:00
LITE,2026-06-15,957.2400,Lumentum Holdings Inc.,USD,2026-09-26T00:36:51+00:00
LITE,2026-06-16,875.3600,Lumentum Holdings Inc.,USD,2026-09-26T00:36:51+00:00
LITE,2026-06-17,869.9800,Lumentum Holdings Inc.,USD,2026-09-26T00:36:51+00:00
LITE,2026-06-18,850.0000,Lumentum Holdings Inc.,USD,2026-09-26T00:36:51+00:00
LITE,2026-06-22,893.9300,Lumentum Holdings Inc.,USD,2026-09-26T00:36:51+00:00
LITE,2026-06-23,827.9200,Lumentum Holdings Inc.,USD,2026-09-26T00:36:51+00:00
LITE,2026-06-24,842.5300,Lumentum Holdings Inc.,USD,2026-09-26T00:36:51+00:00
LITE,2026-06-25,861.9700,Lumentum Holdings Inc.,USD,2026-09-26T00:36:51+00:00
LITE,2026-06-26,816.9800,Lumentum Holdings Inc.,USD,2026-09-26T00:36:51+00:00
LITE,2026-06-29,851.4000,Lumentum Holdings Inc.,USD,2026-09-26T00:36:51+00:00
LITE,2026-06-30,858.0600,Lumentum Holdings Inc.,USD,2026-09-26T00:36:51+00:00
LITE,2026-07-01,801.1600,Lumentum Holdings Inc.,USD,2026-09-26T00:36:51+00:00
LITE,2026-07-02,728.3200,Lumentum Holdings Inc.,USD,2026-09-26T00:36:51+00:00
LITE,2026-07-06,731.2500,Lumentum Holdings Inc.,USD,2026-09-26T00:36:51+00:00
LITE,2026-07-07,698.9100,Lumentum Holdings Inc.,USD,2026-09-26T00:36:51+00:00
LITE,2026-07-08,707.1000,Lumentum Holdings Inc.,USD,2026-09-26T00:36:51+00:00
LITE,2026-07-09,785.7700,Lumentum Holdings Inc.,USD,2026-09-26T00:36:51+00:00
LITE,2026-07-10,802.0100,Lumentum Holdings Inc.,USD,2026-09-26T00:36:51+00:00
LITE,2026-07-13,768.1500,Lumentum Holdings Inc.,USD,2026-09-26T00:36:51+00:00
LITE,2026-07-14,814.8000,Lumentum Holdings Inc.,USD,2026-09-26T00:36:51+00:00
LITE,2026-07-15,752.0000,Lumentum Holdings Inc.,USD,2026-09-26T00:36:51+00:00
LITE,2026-07-16,706.2300,Lumentum Holdings Inc.,USD,2026-09-26T00:36:51+00:00
LITE,2026-07-17,732.8200,Lumentum Holdings Inc.,USD,2026-09-26T00:36:51+00:00
LITE,2026-07-20,765.5500,Lumentum Holdings Inc.,USD,2026-09-26T00:36:51+00:00
LITE,2026-07-21,837.5600,Lumentum Holdings Inc.,USD,2026-09-26T00:36:51+00:00
LITE,2026-07-22,829.7000,Lumentum Holdings Inc.,USD,2026-09-26T00:36:51+00:00
LITE,2026-07-23,833.6400,Lumentum Holdings Inc.,USD,2026-09-26T00:36:51+00:00
LITE,2026-07-24,762.9900,Lumentum Holdings Inc.,USD,2026-09-26T00:36:51+00:00
LITE,2026-07-27,711.9600,Lumentum Holdings Inc.,USD,2026-09-26T00:36:51+00:00
LITE,2026-07-28,651.9300,Lumentum Holdings Inc.,USD,2026-09-26T00:36:51+00:00
LITE,2026-07-29,602.3500,Lumentum Holdings Inc.,USD,2026-09-26T00:36:51+00:00
LITE,2026-07-30,693.2400,Lumentum Holdings Inc.,USD,2026-09-26T00:36:51+00:00
LITE,2026-07-31,713.9400,Lumentum Holdings Inc.,USD,2026-09-26T00:36:51+00:00
LITE,2026-08-03,779.8900,Lumentum Holdings Inc.,USD,2026-09-26T00:36:51+00:00
LITE,2026-08-04,849.4700,Lumentum Holdings Inc.,USD,2026-09-26T00:36:51+00:00
LITE,2026-08-05,826.2600,Lumentum Holdings Inc.,USD,2026-09-26T00:36:51+00:00
LITE,2026-08-06,838.0600,Lumentum Holdings Inc.,USD,2026-09-26T00:36:51+00:00
LITE,2026-08-07,890.1700,Lumentum Holdings Inc.,USD,2026-09-26T00:36:51+00:00
LITE,2026-08-10,813.5100,Lumentum Holdings Inc.,USD,2026-09-26T00:36:51+00:00
LITE,2026-08-11,820.5900,Lumentum Holdings Inc.,USD,2026-09-26T00:36:51+00:00
LITE,2026-08-12,932.4700,Lumentum Holdings Inc.,USD,2026-09-26T00:36:51+00:00
LITE,2026-08-13,880.4100,Lumentum Holdings Inc.,USD,2026-09-26T00:36:51+00:00
LITE,2026-08-14,926.1400,Lumentum Holdings Inc.,USD,2026-09-26T00:36:51+00:00
LITE,2026-08-17,968.9000,Lumentum Holdings Inc.,USD,2026-09-26T00:36:51+00:00
LITE,2026-08-18,873.3100,Lumentum Holdings Inc.,USD,2026-09-26T00:36:51+00:00
LITE,2026-08-19,827.6000,Lumentum Holdings Inc.,USD,2026-09-26T00:36:51+00:00
LITE,2026-08-20,879.2800,Lumentum Holdings Inc.,USD,2026-09-26T00:36:51+00:00
LITE,2026-08-21,866.7100,Lumentum Holdings Inc.,USD,2026-09-26T00:36:51+00:00
LITE,2026-08-24,830.1700,Lumentum Holdings Inc.,USD,2026-09-26T00:36:51+00:00
LITE,2026-08-25,885.5650,Lumentum Holdings Inc.,USD,2026-09-26T00:36:51+00:00
LITE,2026-08-26,939.0300,Lumentum Holdings Inc.,USD,2026-09-26T00:36:51+00:00
LITE,2026-08-27,956.1400,Lumentum Holdings Inc.,USD,2026-09-26T00:36:51+00:00
LITE,2026-08-28,895.0000,Lumentum Holdings Inc.,USD,2026-09-26T00:36:51+00:00
LITE,2026-08-31,914.7600,Lumentum Holdings Inc.,USD,2026-09-26T00:36:51+00:00
LITE,2026-09-01,868.9500,Lumentum Holdings Inc.,USD,2026-09-26T00:36:51+00:00
LITE,2026-09-02,870.5800,Lumentum Holdings Inc.,USD,2026-09-26T00:36:51+00:00
LITE,2026-09-03,847.3700,Lumentum Holdings Inc.,USD,2026-09-26T00:36:51+00:00
LITE,2026-09-04,881.2550,Lumentum Holdings Inc.,USD,2026-09-26T00:36:51+00:00
LITE,2026-09-08,978.5350,Lumentum Holdings Inc.,USD,2026-09-26T00:36:51+00:00
LITE,2026-09-09,988.9800,Lumentum Holdings Inc.,USD,2026-09-26T00:36:51+00:00
LITE,2026-09-10,935.7000,Lumentum Holdings Inc.,USD,2026-09-26T00:36:51+00:00
LITE,2026-09-11,927.0300,Lumentum Holdings Inc.,USD,2026-09-26T00:36:51+00:00
LITE,2026-09-14,835.0300,Lumentum Holdings Inc.,USD,2026-09-26T00:36:51+00:00
LITE,2026-09-15,838.9600,Lumentum Holdings Inc.,USD,2026-09-26T00:36:51+00:00
LITE,2026-09-16,919.4000,Lumentum Holdings Inc.,USD,2026-09-26T00:36:51+00:00
LITE,2026-09-17,893.6100,Lumentum Holdings Inc.,USD,2026-09-26T00:36:51+00:00
LITE,2026-09-18,930.9100,Lumentum Holdings Inc.,USD,2026-09-26T00:36:51+00:00
LITE,2026-09-21,954.4900,Lumentum Holdings Inc.,USD,2026-09-26T00:36:51+00:00
LITE,2026-09-22,945.6700,Lumentum Holdings Inc.,USD,2026-09-26T00:36:51+00:00
LITE,2026-09-23,937.0000,Lumentum Holdings Inc.,USD,2026-09-26T00:36:51+00:00
LITE,2026-09-24,929.0400,Lumentum Holdings Inc.,USD,2026-09-26T00:36:51+00:00
LITE,2026-09-25,941.6500,Lumentum Holdings Inc.,USD,2026-09-25T23:17:43+00:00
SMH,2025-07-31,288.7800,VanEck Semiconductor ETF,USD,2026-09-24T23:11:57+00:00
SMH,2025-08-01,283.9500,VanEck Semiconductor ETF,USD,2026-09-25T23:17:43+00:00
SMH,2025-08-04,290.1900,VanEck Semiconductor ETF,USD,2026-09-26T00:36:51+00:00
SMH,2025-08-05,287.1000,VanEck Semiconductor ETF,USD,2026-09-26T00:36:51+00:00
SMH,2025-08-06,286.6200,VanEck Semiconductor ETF,USD,2026-09-26T00:36:51+00:00
SMH,2025-08-07,291.1200,VanEck Semiconductor ETF,USD,2026-09-26T00:36:51+00:00
SMH,2025-08-08,293.5300,VanEck Semiconductor ETF,USD,2026-09-26T00:36:51+00:00
SMH,2025-08-11,293.4000,VanEck Semiconductor ETF,USD,2026-09-26T00:36:51+00:00
SMH,2025-08-12,300.1000,VanEck Semiconductor ETF,USD,2026-09-26T00:36:51+00:00
SMH,2025-08-13,301.2800,VanEck Semiconductor ETF,USD,2026-09-26T00:36:51+00:00
SMH,2025-08-14,301.9200,VanEck Semiconductor ETF,USD,2026-09-26T00:36:51+00:00
SMH,2025-08-15,295.6500,VanEck Semiconductor ETF,USD,2026-09-26T00:36:51+00:00
SMH,2025-08-18,296.8600,VanEck Semiconductor ETF,USD,2026-09-26T00:36:51+00:00
SMH,2025-08-19,290.8700,VanEck Semiconductor ETF,USD,2026-09-26T00:36:51+00:00
SMH,2025-08-20,288.9600,VanEck Semiconductor ETF,USD,2026-09-26T00:36:51+00:00
SMH,2025-08-21,287.4600,VanEck Semiconductor ETF,USD,2026-09-26T00:36:51+00:00
SMH,2025-08-22,293.6400,VanEck Semiconductor ETF,USD,2026-09-26T00:36:51+00:00
SMH,2025-08-25,293.9200,VanEck Semiconductor ETF,USD,2026-09-26T00:36:51+00:00
SMH,2025-08-26,296.7500,VanEck Semiconductor ETF,USD,2026-09-26T00:36:51+00:00
SMH,2025-08-27,297.6600,VanEck Semiconductor ETF,USD,2026-09-26T00:36:51+00:00
SMH,2025-08-28,298.8800,VanEck Semiconductor ETF,USD,2026-09-26T00:36:51+00:00
SMH,2025-08-29,290.2900,VanEck Semiconductor ETF,USD,2026-09-26T00:36:51+00:00
SMH,2025-09-02,286.4800,VanEck Semiconductor ETF,USD,2026-09-26T00:36:51+00:00
SMH,2025-09-03,286.4300,VanEck Semiconductor ETF,USD,2026-09-26T00:36:51+00:00
SMH,2025-09-04,289.8600,VanEck Semiconductor ETF,USD,2026-09-26T00:36:51+00:00
SMH,2025-09-05,293.2800,VanEck Semiconductor ETF,USD,2026-09-26T00:36:51+00:00
SMH,2025-09-08,296.5200,VanEck Semiconductor ETF,USD,2026-09-26T00:36:51+00:00
SMH,2025-09-09,297.8100,VanEck Semiconductor ETF,USD,2026-09-26T00:36:51+00:00
SMH,2025-09-10,300.8300,VanEck Semiconductor ETF,USD,2026-09-26T00:36:51+00:00
SMH,2025-09-11,303.9300,VanEck Semiconductor ETF,USD,2026-09-26T00:36:51+00:00
SMH,2025-09-12,304.3200,VanEck Semiconductor ETF,USD,2026-09-26T00:36:51+00:00
SMH,2025-09-15,307.1700,VanEck Semiconductor ETF,USD,2026-09-26T00:36:51+00:00
SMH,2025-09-16,307.2100,VanEck Semiconductor ETF,USD,2026-09-26T00:36:51+00:00
SMH,2025-09-17,305.2500,VanEck Semiconductor ETF,USD,2026-09-26T00:36:51+00:00
SMH,2025-09-18,316.9700,VanEck Semiconductor ETF,USD,2026-09-26T00:36:51+00:00
SMH,2025-09-19,315.7100,VanEck Semiconductor ETF,USD,2026-09-26T00:36:51+00:00
SMH,2025-09-22,322.1700,VanEck Semiconductor ETF,USD,2026-09-26T00:36:51+00:00
SMH,2025-09-23,321.7000,VanEck Semiconductor ETF,USD,2026-09-26T00:36:51+00:00
SMH,2025-09-24,321.1100,VanEck Semiconductor ETF,USD,2026-09-26T00:36:51+00:00
SMH,2025-09-25,321.0600,VanEck Semiconductor ETF,USD,2026-09-26T00:36:51+00:00
SMH,2025-09-26,321.8200,VanEck Semiconductor ETF,USD,2026-09-26T00:36:51+00:00
SMH,2025-09-29,322.6600,VanEck Semiconductor ETF,USD,2026-09-26T00:36:51+00:00
SMH,2025-09-30,326.3600,VanEck Semiconductor ETF,USD,2026-09-26T00:36:51+00:00
SMH,2025-10-01,333.6900,VanEck Semiconductor ETF,USD,2026-09-26T00:36:51+00:00
SMH,2025-10-02,338.2400,VanEck Semiconductor ETF,USD,2026-09-26T00:36:51+00:00
SMH,2025-10-03,336.6800,VanEck Semiconductor ETF,USD,2026-09-26T00:36:51+00:00
SMH,2025-10-06,343.3800,VanEck Semiconductor ETF,USD,2026-09-26T00:36:51+00:00
SMH,2025-10-07,337.0500,VanEck Semiconductor ETF,USD,2026-09-26T00:36:51+00:00
SMH,2025-10-08,346.0700,VanEck Semiconductor ETF,USD,2026-09-26T00:36:51+00:00
SMH,2025-10-09,345.2100,VanEck Semiconductor ETF,USD,2026-09-26T00:36:51+00:00
SMH,2025-10-10,325.3400,VanEck Semiconductor ETF,USD,2026-09-26T00:36:51+00:00
SMH,2025-10-13,339.7500,VanEck Semiconductor ETF,USD,2026-09-26T00:36:51+00:00
SMH,2025-10-14,333.5000,VanEck Semiconductor ETF,USD,2026-09-26T00:36:51+00:00
SMH,2025-10-15,341.7800,VanEck Semiconductor ETF,USD,2026-09-26T00:36:51+00:00
SMH,2025-10-16,343.3000,VanEck Semiconductor ETF,USD,2026-09-26T00:36:51+00:00
SMH,2025-10-17,342.8300,VanEck Semiconductor ETF,USD,2026-09-26T00:36:51+00:00
SMH,2025-10-20,347.2200,VanEck Semiconductor ETF,USD,2026-09-26T00:36:51+00:00
SMH,2025-10-21,345.3000,VanEck Semiconductor ETF,USD,2026-09-26T00:36:51+00:00
SMH,2025-10-22,338.6000,VanEck Semiconductor ETF,USD,2026-09-26T00:36:51+00:00
SMH,2025-10-23,344.8000,VanEck Semiconductor ETF,USD,2026-09-26T00:36:51+00:00
SMH,2025-10-24,351.1400,VanEck Semiconductor ETF,USD,2026-09-26T00:36:51+00:00
SMH,2025-10-27,359.9400,VanEck Semiconductor ETF,USD,2026-09-26T00:36:51+00:00
SMH,2025-10-28,363.1100,VanEck Semiconductor ETF,USD,2026-09-26T00:36:51+00:00
SMH,2025-10-29,368.6100,VanEck Semiconductor ETF,USD,2026-09-26T00:36:51+00:00
SMH,2025-10-30,363.7300,VanEck Semiconductor ETF,USD,2026-09-26T00:36:51+00:00
SMH,2025-10-31,363.0200,VanEck Semiconductor ETF,USD,2026-09-26T00:36:51+00:00
SMH,2025-11-03,366.1000,VanEck Semiconductor ETF,USD,2026-09-26T00:36:51+00:00
SMH,2025-11-04,352.7600,VanEck Semiconductor ETF,USD,2026-09-26T00:36:51+00:00
SMH,2025-11-05,359.5000,VanEck Semiconductor ETF,USD,2026-09-26T00:36:51+00:00
SMH,2025-11-06,351.0900,VanEck Semiconductor ETF,USD,2026-09-26T00:36:51+00:00
SMH,2025-11-07,348.1200,VanEck Semiconductor ETF,USD,2026-09-26T00:36:51+00:00
SMH,2025-11-10,358.7900,VanEck Semiconductor ETF,USD,2026-09-26T00:36:51+00:00
SMH,2025-11-11,351.0500,VanEck Semiconductor ETF,USD,2026-09-26T00:36:51+00:00
SMH,2025-11-12,355.5300,VanEck Semiconductor ETF,USD,2026-09-26T00:36:51+00:00
SMH,2025-11-13,344.8200,VanEck Semiconductor ETF,USD,2026-09-26T00:36:51+00:00
SMH,2025-11-14,344.9800,VanEck Semiconductor ETF,USD,2026-09-26T00:36:51+00:00
SMH,2025-11-17,340.3000,VanEck Semiconductor ETF,USD,2026-09-26T00:36:51+00:00
SMH,2025-11-18,333.2900,VanEck Semiconductor ETF,USD,2026-09-26T00:36:51+00:00
SMH,2025-11-19,339.4400,VanEck Semiconductor ETF,USD,2026-09-26T00:36:51+00:00
SMH,2025-11-20,325.1000,VanEck Semiconductor ETF,USD,2026-09-26T00:36:51+00:00
SMH,2025-11-21,326.1300,VanEck Semiconductor ETF,USD,2026-09-26T00:36:51+00:00
SMH,2025-11-24,339.1200,VanEck Semiconductor ETF,USD,2026-09-26T00:36:51+00:00
SMH,2025-11-25,340.0100,VanEck Semiconductor ETF,USD,2026-09-26T00:36:51+00:00
SMH,2025-11-26,347.7100,VanEck Semiconductor ETF,USD,2026-09-26T00:36:51+00:00
SMH,2025-11-28,352.2800,VanEck Semiconductor ETF,USD,2026-09-26T00:36:51+00:00
SMH,2025-12-01,352.9600,VanEck Semiconductor ETF,USD,2026-09-26T00:36:51+00:00
SMH,2025-12-02,359.4300,VanEck Semiconductor ETF,USD,2026-09-26T00:36:51+00:00
SMH,2025-12-03,364.3700,VanEck Semiconductor ETF,USD,2026-09-26T00:36:51+00:00
SMH,2025-12-04,361.6000,VanEck Semiconductor ETF,USD,2026-09-26T00:36:51+00:00
SMH,2025-12-05,364.4200,VanEck Semiconductor ETF,USD,2026-09-26T00:36:51+00:00
SMH,2025-12-08,368.5500,VanEck Semiconductor ETF,USD,2026-09-26T00:36:51+00:00
SMH,2025-12-09,369.0000,VanEck Semiconductor ETF,USD,2026-09-26T00:36:51+00:00
SMH,2025-12-10,374.1000,VanEck Semiconductor ETF,USD,2026-09-26T00:36:51+00:00
SMH,2025-12-11,370.8900,VanEck Semiconductor ETF,USD,2026-09-26T00:36:51+00:00
SMH,2025-12-12,354.1200,VanEck Semiconductor ETF,USD,2026-09-26T00:36:51+00:00
SMH,2025-12-15,352.9000,VanEck Semiconductor ETF,USD,2026-09-26T00:36:51+00:00
SMH,2025-12-16,351.9400,VanEck Semiconductor ETF,USD,2026-09-26T00:36:51+00:00
SMH,2025-12-17,339.2400,VanEck Semiconductor ETF,USD,2026-09-26T00:36:51+00:00
SMH,2025-12-18,347.2500,VanEck Semiconductor ETF,USD,2026-09-26T00:36:51+00:00
SMH,2025-12-19,356.2300,VanEck Semiconductor ETF,USD,2026-09-26T00:36:51+00:00
SMH,2025-12-22,359.7000,VanEck Semiconductor ETF,USD,2026-09-26T00:36:51+00:00
SMH,2025-12-23,363.1600,VanEck Semiconductor ETF,USD,2026-09-26T00:36:51+00:00
SMH,2025-12-24,364.1700,VanEck Semiconductor ETF,USD,2026-09-26T00:36:51+00:00
SMH,2025-12-26,365.8600,VanEck Semiconductor ETF,USD,2026-09-26T00:36:51+00:00
SMH,2025-12-29,364.2100,VanEck Semiconductor ETF,USD,2026-09-26T00:36:51+00:00
SMH,2025-12-30,363.3100,VanEck Semiconductor ETF,USD,2026-09-26T00:36:51+00:00
SMH,2025-12-31,360.1300,VanEck Semiconductor ETF,USD,2026-09-26T00:36:51+00:00
SMH,2026-01-02,373.3000,VanEck Semiconductor ETF,USD,2026-09-26T00:36:51+00:00
SMH,2026-01-05,377.5900,VanEck Semiconductor ETF,USD,2026-09-26T00:36:51+00:00
SMH,2026-01-06,387.6200,VanEck Semiconductor ETF,USD,2026-09-26T00:36:51+00:00
SMH,2026-01-07,385.0200,VanEck Semiconductor ETF,USD,2026-09-26T00:36:51+00:00
SMH,2026-01-08,378.9800,VanEck Semiconductor ETF,USD,2026-09-26T00:36:51+00:00
SMH,2026-01-09,389.2200,VanEck Semiconductor ETF,USD,2026-09-26T00:36:51+00:00
SMH,2026-01-12,390.6600,VanEck Semiconductor ETF,USD,2026-09-26T00:36:51+00:00
SMH,2026-01-13,391.5300,VanEck Semiconductor ETF,USD,2026-09-26T00:36:51+00:00
SMH,2026-01-14,388.3500,VanEck Semiconductor ETF,USD,2026-09-26T00:36:51+00:00
SMH,2026-01-15,396.4100,VanEck Semiconductor ETF,USD,2026-09-26T00:36:51+00:00
SMH,2026-01-16,400.3900,VanEck Semiconductor ETF,USD,2026-09-26T00:36:51+00:00
SMH,2026-01-20,390.3900,VanEck Semiconductor ETF,USD,2026-09-26T00:36:51+00:00
SMH,2026-01-21,401.9300,VanEck Semiconductor ETF,USD,2026-09-26T00:36:51+00:00
SMH,2026-01-22,402.8200,VanEck Semiconductor ETF,USD,2026-09-26T00:36:51+00:00
SMH,2026-01-23,400.0900,VanEck Semiconductor ETF,USD,2026-09-26T00:36:51+00:00
SMH,2026-01-26,398.8200,VanEck Semiconductor ETF,USD,2026-09-26T00:36:51+00:00
SMH,2026-01-27,407.2500,VanEck Semiconductor ETF,USD,2026-09-26T00:36:51+00:00
SMH,2026-01-28,416.6300,VanEck Semiconductor ETF,USD,2026-09-26T00:36:51+00:00
SMH,2026-01-29,417.5200,VanEck Semiconductor ETF,USD,2026-09-26T00:36:51+00:00
SMH,2026-01-30,403.4600,VanEck Semiconductor ETF,USD,2026-09-26T00:36:51+00:00
SMH,2026-02-02,407.9700,VanEck Semiconductor ETF,USD,2026-09-26T00:36:51+00:00
SMH,2026-02-03,397.6800,VanEck Semiconductor ETF,USD,2026-09-26T00:36:51+00:00
SMH,2026-02-04,382.0200,VanEck Semiconductor ETF,USD,2026-09-26T00:36:51+00:00
SMH,2026-02-05,381.0700,VanEck Semiconductor ETF,USD,2026-09-26T00:36:51+00:00
SMH,2026-02-06,401.6500,VanEck Semiconductor ETF,USD,2026-09-26T00:36:51+00:00
SMH,2026-02-09,406.6500,VanEck Semiconductor ETF,USD,2026-09-26T00:36:51+00:00
SMH,2026-02-10,404.7600,VanEck Semiconductor ETF,USD,2026-09-26T00:36:51+00:00
SMH,2026-02-11,414.7800,VanEck Semiconductor ETF,USD,2026-09-26T00:36:51+00:00
SMH,2026-02-12,406.1100,VanEck Semiconductor ETF,USD,2026-09-26T00:36:51+00:00
SMH,2026-02-13,407.7200,VanEck Semiconductor ETF,USD,2026-09-26T00:36:51+00:00
SMH,2026-02-17,407.5100,VanEck Semiconductor ETF,USD,2026-09-26T00:36:51+00:00
SMH,2026-02-18,412.5500,VanEck Semiconductor ETF,USD,2026-09-26T00:36:51+00:00
SMH,2026-02-19,410.2000,VanEck Semiconductor ETF,USD,2026-09-26T00:36:51+00:00
SMH,2026-02-20,415.0300,VanEck Semiconductor ETF,USD,2026-09-26T00:36:51+00:00
SMH,2026-02-23,412.8800,VanEck Semiconductor ETF,USD,2026-09-26T00:36:51+00:00
SMH,2026-02-24,419.1600,VanEck Semiconductor ETF,USD,2026-09-26T00:36:51+00:00
SMH,2026-02-25,426.1600,VanEck Semiconductor ETF,USD,2026-09-26T00:36:51+00:00
SMH,2026-02-26,412.0100,VanEck Semiconductor ETF,USD,2026-09-26T00:36:51+00:00
SMH,2026-02-27,406.3700,VanEck Semiconductor ETF,USD,2026-09-26T00:36:51+00:00
SMH,2026-03-02,406.3900,VanEck Semiconductor ETF,USD,2026-09-26T00:36:51+00:00
SMH,2026-03-03,391.0600,VanEck Semiconductor ETF,USD,2026-09-26T00:36:51+00:00
SMH,2026-03-04,399.1000,VanEck Semiconductor ETF,USD,2026-09-26T00:36:51+00:00
SMH,2026-03-05,395.3500,VanEck Semiconductor ETF,USD,2026-09-26T00:36:51+00:00
SMH,2026-03-06,380.5600,VanEck Semiconductor ETF,USD,2026-09-26T00:36:51+00:00
SMH,2026-03-09,394.3700,VanEck Semiconductor ETF,USD,2026-09-26T00:36:51+00:00
SMH,2026-03-10,397.3300,VanEck Semiconductor ETF,USD,2026-09-26T00:36:51+00:00
SMH,2026-03-11,401.0300,VanEck Semiconductor ETF,USD,2026-09-26T00:36:51+00:00
SMH,2026-03-12,388.1300,VanEck Semiconductor ETF,USD,2026-09-26T00:36:51+00:00
SMH,2026-03-13,387.3300,VanEck Semiconductor ETF,USD,2026-09-26T00:36:51+00:00
SMH,2026-03-16,393.9200,VanEck Semiconductor ETF,USD,2026-09-26T00:36:51+00:00
SMH,2026-03-17,396.8800,VanEck Semiconductor ETF,USD,2026-09-26T00:36:51+00:00
SMH,2026-03-18,393.6700,VanEck Semiconductor ETF,USD,2026-09-26T00:36:51+00:00
SMH,2026-03-19,394.9200,VanEck Semiconductor ETF,USD,2026-09-26T00:36:51+00:00
SMH,2026-03-20,384.7400,VanEck Semiconductor ETF,USD,2026-09-26T00:36:51+00:00
SMH,2026-03-23,391.3600,VanEck Semiconductor ETF,USD,2026-09-26T00:36:51+00:00
SMH,2026-03-24,394.5900,VanEck Semiconductor ETF,USD,2026-09-26T00:36:51+00:00
SMH,2026-03-25,399.0200,VanEck Semiconductor ETF,USD,2026-09-26T00:36:51+00:00
SMH,2026-03-26,380.8400,VanEck Semiconductor ETF,USD,2026-09-26T00:36:51+00:00
SMH,2026-03-27,374.2500,VanEck Semiconductor ETF,USD,2026-09-26T00:36:51+00:00
SMH,2026-03-30,362.5300,VanEck Semiconductor ETF,USD,2026-09-26T00:36:51+00:00
SMH,2026-03-31,383.4000,VanEck Semiconductor ETF,USD,2026-09-26T00:36:51+00:00
SMH,2026-04-01,391.9700,VanEck Semiconductor ETF,USD,2026-09-26T00:36:51+00:00
SMH,2026-04-02,392.3200,VanEck Semiconductor ETF,USD,2026-09-26T00:36:51+00:00
SMH,2026-04-06,395.9800,VanEck Semiconductor ETF,USD,2026-09-26T00:36:51+00:00
SMH,2026-04-07,399.9000,VanEck Semiconductor ETF,USD,2026-09-26T00:36:51+00:00
SMH,2026-04-08,422.9200,VanEck Semiconductor ETF,USD,2026-09-26T00:36:51+00:00
SMH,2026-04-09,430.3100,VanEck Semiconductor ETF,USD,2026-09-26T00:36:51+00:00
SMH,2026-04-10,436.8800,VanEck Semiconductor ETF,USD,2026-09-26T00:36:51+00:00
SMH,2026-04-13,443.3400,VanEck Semiconductor ETF,USD,2026-09-26T00:36:51+00:00
SMH,2026-04-14,452.0000,VanEck Semiconductor ETF,USD,2026-09-26T00:36:51+00:00
SMH,2026-04-15,453.0000,VanEck Semiconductor ETF,USD,2026-09-26T00:36:51+00:00
SMH,2026-04-16,454.8000,VanEck Semiconductor ETF,USD,2026-09-26T00:36:51+00:00
SMH,2026-04-17,464.1600,VanEck Semiconductor ETF,USD,2026-09-26T00:36:51+00:00
SMH,2026-04-20,463.9600,VanEck Semiconductor ETF,USD,2026-09-26T00:36:51+00:00
SMH,2026-04-21,464.6600,VanEck Semiconductor ETF,USD,2026-09-26T00:36:51+00:00
SMH,2026-04-22,476.8300,VanEck Semiconductor ETF,USD,2026-09-26T00:36:51+00:00
SMH,2026-04-23,481.8500,VanEck Semiconductor ETF,USD,2026-09-26T00:36:51+00:00
SMH,2026-04-24,506.4400,VanEck Semiconductor ETF,USD,2026-09-26T00:36:51+00:00
SMH,2026-04-27,506.2600,VanEck Semiconductor ETF,USD,2026-09-26T00:36:51+00:00
SMH,2026-04-28,491.2100,VanEck Semiconductor ETF,USD,2026-09-26T00:36:51+00:00
SMH,2026-04-29,499.5800,VanEck Semiconductor ETF,USD,2026-09-26T00:36:51+00:00
SMH,2026-04-30,506.7200,VanEck Semiconductor ETF,USD,2026-09-26T00:36:51+00:00
SMH,2026-05-01,509.8200,VanEck Semiconductor ETF,USD,2026-09-26T00:36:51+00:00
SMH,2026-05-04,506.7900,VanEck Semiconductor ETF,USD,2026-09-26T00:36:51+00:00
SMH,2026-05-05,522.6900,VanEck Semiconductor ETF,USD,2026-09-26T00:36:51+00:00
SMH,2026-05-06,549.7600,VanEck Semiconductor ETF,USD,2026-09-26T00:36:51+00:00
SMH,2026-05-07,540.1000,VanEck Semiconductor ETF,USD,2026-09-26T00:36:51+00:00
SMH,2026-05-08,566.5400,VanEck Semiconductor ETF,USD,2026-09-26T00:36:51+00:00
SMH,2026-05-11,576.3100,VanEck Semiconductor ETF,USD,2026-09-26T00:36:51+00:00
SMH,2026-05-12,561.2500,VanEck Semiconductor ETF,USD,2026-09-26T00:36:51+00:00
SMH,2026-05-13,572.4600,VanEck Semiconductor ETF,USD,2026-09-26T00:36:51+00:00
SMH,2026-05-14,578.3400,VanEck Semiconductor ETF,USD,2026-09-26T00:36:51+00:00
SMH,2026-05-15,556.3400,VanEck Semiconductor ETF,USD,2026-09-26T00:36:51+00:00
SMH,2026-05-18,546.1600,VanEck Semiconductor ETF,USD,2026-09-26T00:36:51+00:00
SMH,2026-05-19,543.9600,VanEck Semiconductor ETF,USD,2026-09-26T00:36:51+00:00
SMH,2026-05-20,564.6600,VanEck Semiconductor ETF,USD,2026-09-26T00:36:51+00:00
SMH,2026-05-21,567.8800,VanEck Semiconductor ETF,USD,2026-09-26T00:36:51+00:00
SMH,2026-05-22,576.3200,VanEck Semiconductor ETF,USD,2026-09-26T00:36:51+00:00
SMH,2026-05-26,602.1400,VanEck Semiconductor ETF,USD,2026-09-26T00:36:51+00:00
SMH,2026-05-27,595.5000,VanEck Semiconductor ETF,USD,2026-09-26T00:36:51+00:00
SMH,2026-05-28,599.8300,VanEck Semiconductor ETF,USD,2026-09-26T00:36:51+00:00
SMH,2026-05-29,598.9300,VanEck Semiconductor ETF,USD,2026-09-26T00:36:51+00:00
SMH,2026-06-01,607.8100,VanEck Semiconductor ETF,USD,2026-09-26T00:36:51+00:00
SMH,2026-06-02,632.2100,VanEck Semiconductor ETF,USD,2026-09-26T00:36:51+00:00
SMH,2026-06-03,637.9000,VanEck Semiconductor ETF,USD,2026-09-26T00:36:51+00:00
SMH,2026-06-04,627.5300,VanEck Semiconductor ETF,USD,2026-09-26T00:36:51+00:00
SMH,2026-06-05,569.6900,VanEck Semiconductor ETF,USD,2026-09-26T00:36:51+00:00
SMH,2026-06-08,598.1600,VanEck Semiconductor ETF,USD,2026-09-26T00:36:51+00:00
SMH,2026-06-09,591.0100,VanEck Semiconductor ETF,USD,2026-09-26T00:36:51+00:00
SMH,2026-06-10,570.9100,VanEck Semiconductor ETF,USD,2026-09-26T00:36:51+00:00
SMH,2026-06-11,609.4500,VanEck Semiconductor ETF,USD,2026-09-26T00:36:51+00:00
SMH,2026-06-12,619.9600,VanEck Semiconductor ETF,USD,2026-09-26T00:36:51+00:00
SMH,2026-06-15,647.1000,VanEck Semiconductor ETF,USD,2026-09-26T00:36:51+00:00
SMH,2026-06-16,616.0000,VanEck Semiconductor ETF,USD,2026-09-26T00:36:51+00:00
SMH,2026-06-17,623.9700,VanEck Semiconductor ETF,USD,2026-09-26T00:36:51+00:00
SMH,2026-06-18,659.8800,VanEck Semiconductor ETF,USD,2026-09-26T00:36:51+00:00
SMH,2026-06-22,668.9100,VanEck Semiconductor ETF,USD,2026-09-26T00:36:51+00:00
SMH,2026-06-23,622.0500,VanEck Semiconductor ETF,USD,2026-09-26T00:36:51+00:00
SMH,2026-06-24,618.9200,VanEck Semiconductor ETF,USD,2026-09-26T00:36:51+00:00
SMH,2026-06-25,636.8800,VanEck Semiconductor ETF,USD,2026-09-26T00:36:51+00:00
SMH,2026-06-26,611.6100,VanEck Semiconductor ETF,USD,2026-09-26T00:36:51+00:00
SMH,2026-06-29,631.9800,VanEck Semiconductor ETF,USD,2026-09-26T00:36:51+00:00
SMH,2026-06-30,655.8900,VanEck Semiconductor ETF,USD,2026-09-26T00:36:51+00:00
SMH,2026-07-01,620.4600,VanEck Semiconductor ETF,USD,2026-09-26T00:36:51+00:00
SMH,2026-07-02,592.2900,VanEck Semiconductor ETF,USD,2026-09-26T00:36:51+00:00
SMH,2026-07-06,604.3000,VanEck Semiconductor ETF,USD,2026-09-26T00:36:51+00:00
SMH,2026-07-07,581.4500,VanEck Semiconductor ETF,USD,2026-09-26T00:36:51+00:00
SMH,2026-07-08,593.0000,VanEck Semiconductor ETF,USD,2026-09-26T00:36:51+00:00
SMH,2026-07-09,607.7300,VanEck Semiconductor ETF,USD,2026-09-26T00:36:51+00:00
SMH,2026-07-10,611.0300,VanEck Semiconductor ETF,USD,2026-09-26T00:36:51+00:00
SMH,2026-07-13,585.6200,VanEck Semiconductor ETF,USD,2026-09-26T00:36:51+00:00
SMH,2026-07-14,600.3100,VanEck Semiconductor ETF,USD,2026-09-26T00:36:51+00:00
SMH,2026-07-15,590.7700,VanEck Semiconductor ETF,USD,2026-09-26T00:36:51+00:00
SMH,2026-07-16,568.9200,VanEck Semiconductor ETF,USD,2026-09-26T00:36:51+00:00
SMH,2026-07-17,556.5300,VanEck Semiconductor ETF,USD,2026-09-26T00:36:51+00:00
SMH,2026-07-20,558.8300,VanEck Semiconductor ETF,USD,2026-09-26T00:36:51+00:00
SMH,2026-07-21,584.0800,VanEck Semiconductor ETF,USD,2026-09-26T00:36:51+00:00
SMH,2026-07-22,586.9100,VanEck Semiconductor ETF,USD,2026-09-26T00:36:51+00:00
SMH,2026-07-23,580.1700,VanEck Semiconductor ETF,USD,2026-09-26T00:36:51+00:00
SMH,2026-07-24,561.1900,VanEck Semiconductor ETF,USD,2026-09-26T00:36:51+00:00
SMH,2026-07-27,548.5500,VanEck Semiconductor ETF,USD,2026-09-26T00:36:51+00:00
SMH,2026-07-28,529.6000,VanEck Semiconductor ETF,USD,2026-09-26T00:36:51+00:00
SMH,2026-07-29,504.2200,VanEck Semiconductor ETF,USD,2026-09-26T00:36:51+00:00
SMH,2026-07-30,538.9000,VanEck Semiconductor ETF,USD,2026-09-26T00:36:51+00:00
SMH,2026-07-31,540.5300,VanEck Semiconductor ETF,USD,2026-09-26T00:36:51+00:00
SMH,2026-08-03,545.4600,VanEck Semiconductor ETF,USD,2026-09-26T00:36:51+00:00
SMH,2026-08-04,575.7100,VanEck Semiconductor ETF,USD,2026-09-26T00:36:51+00:00
SMH,2026-08-05,569.7000,VanEck Semiconductor ETF,USD,2026-09-26T00:36:51+00:00
SMH,2026-08-06,571.4800,VanEck Semiconductor ETF,USD,2026-09-26T00:36:51+00:00
SMH,2026-08-07,582.7000,VanEck Semiconductor ETF,USD,2026-09-26T00:36:51+00:00
SMH,2026-08-10,569.4100,VanEck Semiconductor ETF,USD,2026-09-26T00:36:51+00:00
SMH,2026-08-11,572.9300,VanEck Semiconductor ETF,USD,2026-09-26T00:36:51+00:00
SMH,2026-08-12,584.8300,VanEck Semiconductor ETF,USD,2026-09-26T00:36:51+00:00
SMH,2026-08-13,589.1200,VanEck Semiconductor ETF,USD,2026-09-26T00:36:51+00:00
SMH,2026-08-14,587.8200,VanEck Semiconductor ETF,USD,2026-09-26T00:36:51+00:00
SMH,2026-08-17,594.0700,VanEck Semiconductor ETF,USD,2026-09-26T00:36:51+00:00
SMH,2026-08-18,569.7700,VanEck Semiconductor ETF,USD,2026-09-26T00:36:51+00:00
SMH,2026-08-19,560.9200,VanEck Semiconductor ETF,USD,2026-09-26T00:36:51+00:00
SMH,2026-08-20,562.6500,VanEck Semiconductor ETF,USD,2026-09-26T00:36:51+00:00
SMH,2026-08-21,560.4200,VanEck Semiconductor ETF,USD,2026-09-26T00:36:51+00:00
SMH,2026-08-24,546.8000,VanEck Semiconductor ETF,USD,2026-09-26T00:36:51+00:00
SMH,2026-08-25,555.8200,VanEck Semiconductor ETF,USD,2026-09-26T00:36:51+00:00
SMH,2026-08-26,555.7700,VanEck Semiconductor ETF,USD,2026-09-26T00:36:51+00:00
SMH,2026-08-27,573.0000,VanEck Semiconductor ETF,USD,2026-09-26T00:36:51+00:00
SMH,2026-08-28,553.1100,VanEck Semiconductor ETF,USD,2026-09-26T00:36:51+00:00
SMH,2026-08-31,556.6300,VanEck Semiconductor ETF,USD,2026-09-26T00:36:51+00:00
SMH,2026-09-01,545.2200,VanEck Semiconductor ETF,USD,2026-09-26T00:36:51+00:00
SMH,2026-09-02,550.4800,VanEck Semiconductor ETF,USD,2026-09-26T00:36:51+00:00
SMH,2026-09-03,552.6000,VanEck Semiconductor ETF,USD,2026-09-26T00:36:51+00:00
SMH,2026-09-04,567.0100,VanEck Semiconductor ETF,USD,2026-09-26T00:36:51+00:00
SMH,2026-09-08,573.7300,VanEck Semiconductor ETF,USD,2026-09-26T00:36:51+00:00
SMH,2026-09-09,574.2900,VanEck Semiconductor ETF,USD,2026-09-26T00:36:51+00:00
SMH,2026-09-10,560.2800,VanEck Semiconductor ETF,USD,2026-09-26T00:36:51+00:00
SMH,2026-09-11,568.5300,VanEck Semiconductor ETF,USD,2026-09-26T00:36:51+00:00
SMH,2026-09-14,541.5000,VanEck Semiconductor ETF,USD,2026-09-26T00:36:51+00:00
SMH,2026-09-15,542.1100,VanEck Semiconductor ETF,USD,2026-09-26T00:36:51+00:00
SMH,2026-09-16,545.5600,VanEck Semiconductor ETF,USD,2026-09-26T00:36:51+00:00
SMH,2026-09-17,560.6100,VanEck Semiconductor ETF,USD,2026-09-26T00:36:51+00:00
SMH,2026-09-18,573.0000,VanEck Semiconductor ETF,USD,2026-09-26T00:36:51+00:00
SMH,2026-09-21,596.0300,VanEck Semiconductor ETF,USD,2026-09-26T00:36:51+00:00
SMH,2026-09-22,607.4600,VanEck Semiconductor ETF,USD,2026-09-26T00:36:51+00:00
SMH,2026-09-23,601.4100,VanEck Semiconductor ETF,USD,2026-09-26T00:36:51+00:00
SMH,2026-09-24,600.5200,VanEck Semiconductor ETF,USD,2026-09-26T00:36:51+00:00
SMH,2026-09-25,606.5600,VanEck Semiconductor ETF,USD,2026-09-25T23:17:43+00:00
SNDK,2025-07-31,42.9200,Sandisk Corporation,USD,2026-09-24T23:11:57+00:00
SNDK,2025-08-01,41.3300,Sandisk Corporation,USD,2026-09-25T23:17:43+00:00
SNDK,2025-08-04,42.5100,Sandisk Corporation,USD,2026-09-26T00:36:51+00:00
SNDK,2025-08-05,41.9300,Sandisk Corporation,USD,2026-09-26T00:36:51+00:00
SNDK,2025-08-06,42.1000,Sandisk Corporation,USD,2026-09-26T00:36:51+00:00
SNDK,2025-08-07,40.6900,Sandisk Corporation,USD,2026-09-26T00:36:51+00:00
SNDK,2025-08-08,44.3400,Sandisk Corporation,USD,2026-09-26T00:36:51+00:00
SNDK,2025-08-11,43.3700,Sandisk Corporation,USD,2026-09-26T00:36:51+00:00
SNDK,2025-08-12,46.8300,Sandisk Corporation,USD,2026-09-26T00:36:51+00:00
SNDK,2025-08-13,47.0100,Sandisk Corporation,USD,2026-09-26T00:36:51+00:00
SNDK,2025-08-14,46.6800,Sandisk Corporation,USD,2026-09-26T00:36:51+00:00
SNDK,2025-08-15,44.5400,Sandisk Corporation,USD,2026-09-26T00:36:51+00:00
SNDK,2025-08-18,45.5200,Sandisk Corporation,USD,2026-09-26T00:36:51+00:00
SNDK,2025-08-19,44.5800,Sandisk Corporation,USD,2026-09-26T00:36:51+00:00
SNDK,2025-08-20,44.4000,Sandisk Corporation,USD,2026-09-26T00:36:51+00:00
SNDK,2025-08-21,45.5000,Sandisk Corporation,USD,2026-09-26T00:36:51+00:00
SNDK,2025-08-22,46.3700,Sandisk Corporation,USD,2026-09-26T00:36:51+00:00
SNDK,2025-08-25,46.7800,Sandisk Corporation,USD,2026-09-26T00:36:51+00:00
SNDK,2025-08-26,47.3500,Sandisk Corporation,USD,2026-09-26T00:36:51+00:00
SNDK,2025-08-27,48.4400,Sandisk Corporation,USD,2026-09-26T00:36:51+00:00
SNDK,2025-08-28,50.8700,Sandisk Corporation,USD,2026-09-26T00:36:51+00:00
SNDK,2025-08-29,52.4700,Sandisk Corporation,USD,2026-09-26T00:36:51+00:00
SNDK,2025-09-02,51.0700,Sandisk Corporation,USD,2026-09-26T00:36:51+00:00
SNDK,2025-09-03,53.0100,Sandisk Corporation,USD,2026-09-26T00:36:51+00:00
SNDK,2025-09-04,62.5000,Sandisk Corporation,USD,2026-09-26T00:36:51+00:00
SNDK,2025-09-05,68.5500,Sandisk Corporation,USD,2026-09-26T00:36:51+00:00
SNDK,2025-09-08,70.4950,Sandisk Corporation,USD,2026-09-26T00:36:51+00:00
SNDK,2025-09-09,70.5100,Sandisk Corporation,USD,2026-09-26T00:36:51+00:00
SNDK,2025-09-10,73.9200,Sandisk Corporation,USD,2026-09-26T00:36:51+00:00
SNDK,2025-09-11,84.3000,Sandisk Corporation,USD,2026-09-26T00:36:51+00:00
SNDK,2025-09-12,86.1300,Sandisk Corporation,USD,2026-09-26T00:36:51+00:00
SNDK,2025-09-15,90.0900,Sandisk Corporation,USD,2026-09-26T00:36:51+00:00
SNDK,2025-09-16,91.5500,Sandisk Corporation,USD,2026-09-26T00:36:51+00:00
SNDK,2025-09-17,93.9700,Sandisk Corporation,USD,2026-09-26T00:36:51+00:00
SNDK,2025-09-18,98.8700,Sandisk Corporation,USD,2026-09-26T00:36:51+00:00
SNDK,2025-09-19,102.2100,Sandisk Corporation,USD,2026-09-26T00:36:51+00:00
SNDK,2025-09-22,102.9200,Sandisk Corporation,USD,2026-09-26T00:36:51+00:00
SNDK,2025-09-23,106.4000,Sandisk Corporation,USD,2026-09-26T00:36:51+00:00
SNDK,2025-09-24,99.8300,Sandisk Corporation,USD,2026-09-26T00:36:51+00:00
SNDK,2025-09-25,94.2900,Sandisk Corporation,USD,2026-09-26T00:36:51+00:00
SNDK,2025-09-26,97.1200,Sandisk Corporation,USD,2026-09-26T00:36:51+00:00
SNDK,2025-09-29,113.5000,Sandisk Corporation,USD,2026-09-26T00:36:51+00:00
SNDK,2025-09-30,112.2000,Sandisk Corporation,USD,2026-09-26T00:36:51+00:00
SNDK,2025-10-01,121.1200,Sandisk Corporation,USD,2026-09-26T00:36:51+00:00
SNDK,2025-10-02,124.1400,Sandisk Corporation,USD,2026-09-26T00:36:51+00:00
SNDK,2025-10-03,128.4100,Sandisk Corporation,USD,2026-09-26T00:36:51+00:00
SNDK,2025-10-06,121.1700,Sandisk Corporation,USD,2026-09-26T00:36:51+00:00
SNDK,2025-10-07,120.9500,Sandisk Corporation,USD,2026-09-26T00:36:51+00:00
SNDK,2025-10-08,131.8800,Sandisk Corporation,USD,2026-09-26T00:36:51+00:00
SNDK,2025-10-09,129.6800,Sandisk Corporation,USD,2026-09-26T00:36:51+00:00
SNDK,2025-10-10,116.9100,Sandisk Corporation,USD,2026-09-26T00:36:51+00:00
SNDK,2025-10-13,134.6100,Sandisk Corporation,USD,2026-09-26T00:36:51+00:00
SNDK,2025-10-14,127.2900,Sandisk Corporation,USD,2026-09-26T00:36:51+00:00
SNDK,2025-10-15,144.3000,Sandisk Corporation,USD,2026-09-26T00:36:51+00:00
SNDK,2025-10-16,144.2700,Sandisk Corporation,USD,2026-09-26T00:36:51+00:00
SNDK,2025-10-17,140.1600,Sandisk Corporation,USD,2026-09-26T00:36:51+00:00
SNDK,2025-10-20,148.0400,Sandisk Corporation,USD,2026-09-26T00:36:51+00:00
SNDK,2025-10-21,149.2900,Sandisk Corporation,USD,2026-09-26T00:36:51+00:00
SNDK,2025-10-22,146.9500,Sandisk Corporation,USD,2026-09-26T00:36:51+00:00
SNDK,2025-10-23,167.0500,Sandisk Corporation,USD,2026-09-26T00:36:51+00:00
SNDK,2025-10-24,186.1600,Sandisk Corporation,USD,2026-09-26T00:36:51+00:00
SNDK,2025-10-27,176.4900,Sandisk Corporation,USD,2026-09-26T00:36:51+00:00
SNDK,2025-10-28,175.5300,Sandisk Corporation,USD,2026-09-26T00:36:51+00:00
SNDK,2025-10-29,204.3600,Sandisk Corporation,USD,2026-09-26T00:36:51+00:00
SNDK,2025-10-30,195.8200,Sandisk Corporation,USD,2026-09-26T00:36:51+00:00
SNDK,2025-10-31,199.3300,Sandisk Corporation,USD,2026-09-26T00:36:51+00:00
SNDK,2025-11-03,207.0100,Sandisk Corporation,USD,2026-09-26T00:36:51+00:00
SNDK,2025-11-04,194.5700,Sandisk Corporation,USD,2026-09-26T00:36:51+00:00
SNDK,2025-11-05,216.5000,Sandisk Corporation,USD,2026-09-26T00:36:51+00:00
SNDK,2025-11-06,207.6900,Sandisk Corporation,USD,2026-09-26T00:36:51+00:00
SNDK,2025-11-07,239.4800,Sandisk Corporation,USD,2026-09-26T00:36:51+00:00
SNDK,2025-11-10,267.9500,Sandisk Corporation,USD,2026-09-26T00:36:51+00:00
SNDK,2025-11-11,271.5800,Sandisk Corporation,USD,2026-09-26T00:36:51+00:00
SNDK,2025-11-12,283.1000,Sandisk Corporation,USD,2026-09-26T00:36:51+00:00
SNDK,2025-11-13,243.5700,Sandisk Corporation,USD,2026-09-26T00:36:51+00:00
SNDK,2025-11-14,254.1600,Sandisk Corporation,USD,2026-09-26T00:36:51+00:00
SNDK,2025-11-17,265.8800,Sandisk Corporation,USD,2026-09-26T00:36:51+00:00
SNDK,2025-11-18,244.9300,Sandisk Corporation,USD,2026-09-26T00:36:51+00:00
SNDK,2025-11-19,245.9600,Sandisk Corporation,USD,2026-09-26T00:36:51+00:00
SNDK,2025-11-20,195.9600,Sandisk Corporation,USD,2026-09-26T00:36:51+00:00
SNDK,2025-11-21,200.2700,Sandisk Corporation,USD,2026-09-26T00:36:51+00:00
SNDK,2025-11-24,226.9600,Sandisk Corporation,USD,2026-09-26T00:36:51+00:00
SNDK,2025-11-25,220.5000,Sandisk Corporation,USD,2026-09-26T00:36:51+00:00
SNDK,2025-11-26,215.0400,Sandisk Corporation,USD,2026-09-26T00:36:51+00:00
SNDK,2025-11-28,223.2800,Sandisk Corporation,USD,2026-09-26T00:36:51+00:00
SNDK,2025-12-01,210.1700,Sandisk Corporation,USD,2026-09-26T00:36:51+00:00
SNDK,2025-12-02,205.3500,Sandisk Corporation,USD,2026-09-26T00:36:51+00:00
SNDK,2025-12-03,194.3800,Sandisk Corporation,USD,2026-09-26T00:36:51+00:00
SNDK,2025-12-04,213.3100,Sandisk Corporation,USD,2026-09-26T00:36:51+00:00
SNDK,2025-12-05,228.4700,Sandisk Corporation,USD,2026-09-26T00:36:51+00:00
SNDK,2025-12-08,225.4700,Sandisk Corporation,USD,2026-09-26T00:36:51+00:00
SNDK,2025-12-09,219.4600,Sandisk Corporation,USD,2026-09-26T00:36:51+00:00
SNDK,2025-12-10,232.8600,Sandisk Corporation,USD,2026-09-26T00:36:51+00:00
SNDK,2025-12-11,241.6100,Sandisk Corporation,USD,2026-09-26T00:36:51+00:00
SNDK,2025-12-12,206.1800,Sandisk Corporation,USD,2026-09-26T00:36:51+00:00
SNDK,2025-12-15,201.8700,Sandisk Corporation,USD,2026-09-26T00:36:51+00:00
SNDK,2025-12-16,209.3100,Sandisk Corporation,USD,2026-09-26T00:36:51+00:00
SNDK,2025-12-17,206.8300,Sandisk Corporation,USD,2026-09-26T00:36:51+00:00
SNDK,2025-12-18,219.4600,Sandisk Corporation,USD,2026-09-26T00:36:51+00:00
SNDK,2025-12-19,237.6100,Sandisk Corporation,USD,2026-09-26T00:36:51+00:00
SNDK,2025-12-22,241.0500,Sandisk Corporation,USD,2026-09-26T00:36:51+00:00
SNDK,2025-12-23,244.9000,Sandisk Corporation,USD,2026-09-26T00:36:51+00:00
SNDK,2025-12-24,250.0800,Sandisk Corporation,USD,2026-09-26T00:36:51+00:00
SNDK,2025-12-26,250.0500,Sandisk Corporation,USD,2026-09-26T00:36:51+00:00
SNDK,2025-12-29,244.2500,Sandisk Corporation,USD,2026-09-26T00:36:51+00:00
SNDK,2025-12-30,240.2200,Sandisk Corporation,USD,2026-09-26T00:36:51+00:00
SNDK,2025-12-31,237.3800,Sandisk Corporation,USD,2026-09-26T00:36:51+00:00
SNDK,2026-01-02,275.2400,Sandisk Corporation,USD,2026-09-26T00:36:51+00:00
SNDK,2026-01-05,274.0800,Sandisk Corporation,USD,2026-09-26T00:36:51+00:00
SNDK,2026-01-06,349.6300,Sandisk Corporation,USD,2026-09-26T00:36:51+00:00
SNDK,2026-01-07,353.5600,Sandisk Corporation,USD,2026-09-26T00:36:51+00:00
SNDK,2026-01-08,334.5400,Sandisk Corporation,USD,2026-09-26T00:36:51+00:00
SNDK,2026-01-09,377.4100,Sandisk Corporation,USD,2026-09-26T00:36:51+00:00
SNDK,2026-01-12,389.2700,Sandisk Corporation,USD,2026-09-26T00:36:51+00:00
SNDK,2026-01-13,389.8100,Sandisk Corporation,USD,2026-09-26T00:36:51+00:00
SNDK,2026-01-14,387.8100,Sandisk Corporation,USD,2026-09-26T00:36:51+00:00
SNDK,2026-01-15,409.2400,Sandisk Corporation,USD,2026-09-26T00:36:51+00:00
SNDK,2026-01-16,413.6200,Sandisk Corporation,USD,2026-09-26T00:36:51+00:00
SNDK,2026-01-20,453.1200,Sandisk Corporation,USD,2026-09-26T00:36:51+00:00
SNDK,2026-01-21,501.2900,Sandisk Corporation,USD,2026-09-26T00:36:51+00:00
SNDK,2026-01-22,503.4400,Sandisk Corporation,USD,2026-09-26T00:36:51+00:00
SNDK,2026-01-23,473.8300,Sandisk Corporation,USD,2026-09-26T00:36:51+00:00
SNDK,2026-01-26,470.8000,Sandisk Corporation,USD,2026-09-26T00:36:51+00:00
SNDK,2026-01-27,481.4300,Sandisk Corporation,USD,2026-09-26T00:36:51+00:00
SNDK,2026-01-28,527.6300,Sandisk Corporation,USD,2026-09-26T00:36:51+00:00
SNDK,2026-01-29,539.3000,Sandisk Corporation,USD,2026-09-26T00:36:51+00:00
SNDK,2026-01-30,576.2500,Sandisk Corporation,USD,2026-09-26T00:36:51+00:00
SNDK,2026-02-02,665.2400,Sandisk Corporation,USD,2026-09-26T00:36:51+00:00
SNDK,2026-02-03,695.5100,Sandisk Corporation,USD,2026-09-26T00:36:51+00:00
SNDK,2026-02-04,584.5500,Sandisk Corporation,USD,2026-09-26T00:36:51+00:00
SNDK,2026-02-05,576.2000,Sandisk Corporation,USD,2026-09-26T00:36:51+00:00
SNDK,2026-02-06,597.9500,Sandisk Corporation,USD,2026-09-26T00:36:51+00:00
SNDK,2026-02-09,583.4000,Sandisk Corporation,USD,2026-09-26T00:36:51+00:00
SNDK,2026-02-10,541.6400,Sandisk Corporation,USD,2026-09-26T00:36:51+00:00
SNDK,2026-02-11,599.3400,Sandisk Corporation,USD,2026-09-26T00:36:51+00:00
SNDK,2026-02-12,630.2900,Sandisk Corporation,USD,2026-09-26T00:36:51+00:00
SNDK,2026-02-13,626.5600,Sandisk Corporation,USD,2026-09-26T00:36:51+00:00
SNDK,2026-02-17,590.5900,Sandisk Corporation,USD,2026-09-26T00:36:51+00:00
SNDK,2026-02-18,600.4000,Sandisk Corporation,USD,2026-09-26T00:36:51+00:00
SNDK,2026-02-19,621.0900,Sandisk Corporation,USD,2026-09-26T00:36:51+00:00
SNDK,2026-02-20,649.9700,Sandisk Corporation,USD,2026-09-26T00:36:51+00:00
SNDK,2026-02-23,666.4900,Sandisk Corporation,USD,2026-09-26T00:36:51+00:00
SNDK,2026-02-24,638.5200,Sandisk Corporation,USD,2026-09-26T00:36:51+00:00
SNDK,2026-02-25,632.3800,Sandisk Corporation,USD,2026-09-26T00:36:51+00:00
SNDK,2026-02-26,651.9000,Sandisk Corporation,USD,2026-09-26T00:36:51+00:00
SNDK,2026-02-27,635.3600,Sandisk Corporation,USD,2026-09-26T00:36:51+00:00
SNDK,2026-03-02,619.0800,Sandisk Corporation,USD,2026-09-26T00:36:51+00:00
SNDK,2026-03-03,565.4100,Sandisk Corporation,USD,2026-09-26T00:36:51+00:00
SNDK,2026-03-04,599.0600,Sandisk Corporation,USD,2026-09-26T00:36:51+00:00
SNDK,2026-03-05,565.5900,Sandisk Corporation,USD,2026-09-26T00:36:51+00:00
SNDK,2026-03-06,527.3300,Sandisk Corporation,USD,2026-09-26T00:36:51+00:00
SNDK,2026-03-09,588.7300,Sandisk Corporation,USD,2026-09-26T00:36:51+00:00
SNDK,2026-03-10,618.8900,Sandisk Corporation,USD,2026-09-26T00:36:51+00:00
SNDK,2026-03-11,655.4300,Sandisk Corporation,USD,2026-09-26T00:36:51+00:00
SNDK,2026-03-12,618.8200,Sandisk Corporation,USD,2026-09-26T00:36:51+00:00
SNDK,2026-03-13,661.6200,Sandisk Corporation,USD,2026-09-26T00:36:51+00:00
SNDK,2026-03-16,703.6300,Sandisk Corporation,USD,2026-09-26T00:36:51+00:00
SNDK,2026-03-17,720.1700,Sandisk Corporation,USD,2026-09-26T00:36:51+00:00
SNDK,2026-03-18,753.6900,Sandisk Corporation,USD,2026-09-26T00:36:51+00:00
SNDK,2026-03-19,772.0900,Sandisk Corporation,USD,2026-09-26T00:36:51+00:00
SNDK,2026-03-20,709.7100,Sandisk Corporation,USD,2026-09-26T00:36:51+00:00
SNDK,2026-03-23,702.4900,Sandisk Corporation,USD,2026-09-26T00:36:51+00:00
SNDK,2026-03-24,702.4800,Sandisk Corporation,USD,2026-09-26T00:36:51+00:00
SNDK,2026-03-25,677.8600,Sandisk Corporation,USD,2026-09-26T00:36:51+00:00
SNDK,2026-03-26,603.1700,Sandisk Corporation,USD,2026-09-26T00:36:51+00:00
SNDK,2026-03-27,615.8300,Sandisk Corporation,USD,2026-09-26T00:36:51+00:00
SNDK,2026-03-30,572.5000,Sandisk Corporation,USD,2026-09-26T00:36:51+00:00
SNDK,2026-03-31,635.3400,Sandisk Corporation,USD,2026-09-26T00:36:51+00:00
SNDK,2026-04-01,692.7300,Sandisk Corporation,USD,2026-09-26T00:36:51+00:00
SNDK,2026-04-02,701.5900,Sandisk Corporation,USD,2026-09-26T00:36:51+00:00
SNDK,2026-04-06,724.6300,Sandisk Corporation,USD,2026-09-26T00:36:51+00:00
SNDK,2026-04-07,710.8000,Sandisk Corporation,USD,2026-09-26T00:36:51+00:00
SNDK,2026-04-08,780.9000,Sandisk Corporation,USD,2026-09-26T00:36:51+00:00
SNDK,2026-04-09,851.5700,Sandisk Corporation,USD,2026-09-26T00:36:51+00:00
SNDK,2026-04-10,851.7700,Sandisk Corporation,USD,2026-09-26T00:36:51+00:00
SNDK,2026-04-13,952.5000,Sandisk Corporation,USD,2026-09-26T00:36:51+00:00
SNDK,2026-04-14,944.4600,Sandisk Corporation,USD,2026-09-26T00:36:51+00:00
SNDK,2026-04-15,891.7200,Sandisk Corporation,USD,2026-09-26T00:36:51+00:00
SNDK,2026-04-16,919.4700,Sandisk Corporation,USD,2026-09-26T00:36:51+00:00
SNDK,2026-04-17,920.9900,Sandisk Corporation,USD,2026-09-26T00:36:51+00:00
SNDK,2026-04-20,913.0200,Sandisk Corporation,USD,2026-09-26T00:36:51+00:00
SNDK,2026-04-21,903.4900,Sandisk Corporation,USD,2026-09-26T00:36:51+00:00
SNDK,2026-04-22,979.0700,Sandisk Corporation,USD,2026-09-26T00:36:51+00:00
SNDK,2026-04-23,932.4300,Sandisk Corporation,USD,2026-09-26T00:36:51+00:00
SNDK,2026-04-24,989.9000,Sandisk Corporation,USD,2026-09-26T00:36:51+00:00
SNDK,2026-04-27,1070.2000,Sandisk Corporation,USD,2026-09-26T00:36:51+00:00
SNDK,2026-04-28,1002.3500,Sandisk Corporation,USD,2026-09-26T00:36:51+00:00
SNDK,2026-04-29,1064.2100,Sandisk Corporation,USD,2026-09-26T00:36:51+00:00
SNDK,2026-04-30,1096.5100,Sandisk Corporation,USD,2026-09-26T00:36:51+00:00
SNDK,2026-05-01,1187.0000,Sandisk Corporation,USD,2026-09-26T00:36:51+00:00
SNDK,2026-05-04,1255.8600,Sandisk Corporation,USD,2026-09-26T00:36:51+00:00
SNDK,2026-05-05,1406.3199,Sandisk Corporation,USD,2026-09-26T00:36:51+00:00
SNDK,2026-05-06,1409.9800,Sandisk Corporation,USD,2026-09-26T00:36:51+00:00
SNDK,2026-05-07,1339.9600,Sandisk Corporation,USD,2026-09-26T00:36:51+00:00
SNDK,2026-05-08,1562.3400,Sandisk Corporation,USD,2026-09-26T00:36:51+00:00
SNDK,2026-05-11,1547.5601,Sandisk Corporation,USD,2026-09-26T00:36:51+00:00
SNDK,2026-05-12,1452.0200,Sandisk Corporation,USD,2026-09-26T00:36:51+00:00
SNDK,2026-05-13,1447.2300,Sandisk Corporation,USD,2026-09-26T00:36:51+00:00
SNDK,2026-05-14,1382.7200,Sandisk Corporation,USD,2026-09-26T00:36:51+00:00
SNDK,2026-05-15,1407.6100,Sandisk Corporation,USD,2026-09-26T00:36:51+00:00
SNDK,2026-05-18,1333.0100,Sandisk Corporation,USD,2026-09-26T00:36:51+00:00
SNDK,2026-05-19,1383.2900,Sandisk Corporation,USD,2026-09-26T00:36:51+00:00
SNDK,2026-05-20,1392.5601,Sandisk Corporation,USD,2026-09-26T00:36:51+00:00
SNDK,2026-05-21,1542.2400,Sandisk Corporation,USD,2026-09-26T00:36:51+00:00
SNDK,2026-05-22,1478.6899,Sandisk Corporation,USD,2026-09-26T00:36:51+00:00
SNDK,2026-05-26,1589.5500,Sandisk Corporation,USD,2026-09-26T00:36:51+00:00
SNDK,2026-05-27,1589.9399,Sandisk Corporation,USD,2026-09-26T00:36:51+00:00
SNDK,2026-05-28,1641.6400,Sandisk Corporation,USD,2026-09-26T00:36:51+00:00
SNDK,2026-05-29,1694.9800,Sandisk Corporation,USD,2026-09-26T00:36:51+00:00
SNDK,2026-06-01,1761.4301,Sandisk Corporation,USD,2026-09-26T00:36:51+00:00
SNDK,2026-06-02,1716.3600,Sandisk Corporation,USD,2026-09-26T00:36:51+00:00
SNDK,2026-06-03,1831.5000,Sandisk Corporation,USD,2026-09-26T00:36:51+00:00
SNDK,2026-06-04,1759.6801,Sandisk Corporation,USD,2026-09-26T00:36:51+00:00
SNDK,2026-06-05,1559.3199,Sandisk Corporation,USD,2026-09-26T00:36:51+00:00
SNDK,2026-06-08,1642.0000,Sandisk Corporation,USD,2026-09-26T00:36:51+00:00
SNDK,2026-06-09,1646.5400,Sandisk Corporation,USD,2026-09-26T00:36:51+00:00
SNDK,2026-06-10,1643.2300,Sandisk Corporation,USD,2026-09-26T00:36:51+00:00
SNDK,2026-06-11,1881.5100,Sandisk Corporation,USD,2026-09-26T00:36:51+00:00
SNDK,2026-06-12,1980.1000,Sandisk Corporation,USD,2026-09-26T00:36:51+00:00
SNDK,2026-06-15,2107.8601,Sandisk Corporation,USD,2026-09-26T00:36:51+00:00
SNDK,2026-06-16,1991.5500,Sandisk Corporation,USD,2026-09-26T00:36:51+00:00
SNDK,2026-06-17,1958.8000,Sandisk Corporation,USD,2026-09-26T00:36:51+00:00
SNDK,2026-06-18,2184.7500,Sandisk Corporation,USD,2026-09-26T00:36:51+00:00
SNDK,2026-06-22,2273.7300,Sandisk Corporation,USD,2026-09-26T00:36:51+00:00
SNDK,2026-06-23,1963.6000,Sandisk Corporation,USD,2026-09-26T00:36:51+00:00
SNDK,2026-06-24,1914.4600,Sandisk Corporation,USD,2026-09-26T00:36:51+00:00
SNDK,2026-06-25,2335.0000,Sandisk Corporation,USD,2026-09-26T00:36:51+00:00
SNDK,2026-06-26,2090.7100,Sandisk Corporation,USD,2026-09-26T00:36:51+00:00
SNDK,2026-06-29,2050.3899,Sandisk Corporation,USD,2026-09-26T00:36:51+00:00
SNDK,2026-06-30,2273.7300,Sandisk Corporation,USD,2026-09-26T00:36:51+00:00
SNDK,2026-07-01,2032.2200,Sandisk Corporation,USD,2026-09-26T00:36:51+00:00
SNDK,2026-07-02,1745.0000,Sandisk Corporation,USD,2026-09-26T00:36:51+00:00
SNDK,2026-07-06,1744.4301,Sandisk Corporation,USD,2026-09-26T00:36:51+00:00
SNDK,2026-07-07,1617.7000,Sandisk Corporation,USD,2026-09-26T00:36:51+00:00
SNDK,2026-07-08,1727.1801,Sandisk Corporation,USD,2026-09-26T00:36:51+00:00
SNDK,2026-07-09,1858.2700,Sandisk Corporation,USD,2026-09-26T00:36:51+00:00
SNDK,2026-07-10,1915.9200,Sandisk Corporation,USD,2026-09-26T00:36:51+00:00
SNDK,2026-07-13,1673.9700,Sandisk Corporation,USD,2026-09-26T00:36:51+00:00
SNDK,2026-07-14,1757.8199,Sandisk Corporation,USD,2026-09-26T00:36:51+00:00
SNDK,2026-07-15,1615.0000,Sandisk Corporation,USD,2026-09-26T00:36:51+00:00
SNDK,2026-07-16,1411.0800,Sandisk Corporation,USD,2026-09-26T00:36:51+00:00
SNDK,2026-07-17,1354.8199,Sandisk Corporation,USD,2026-09-26T00:36:51+00:00
SNDK,2026-07-20,1390.9500,Sandisk Corporation,USD,2026-09-26T00:36:51+00:00
SNDK,2026-07-21,1589.4000,Sandisk Corporation,USD,2026-09-26T00:36:51+00:00
SNDK,2026-07-22,1599.2700,Sandisk Corporation,USD,2026-09-26T00:36:51+00:00
SNDK,2026-07-23,1610.3300,Sandisk Corporation,USD,2026-09-26T00:36:51+00:00
SNDK,2026-07-24,1436.5601,Sandisk Corporation,USD,2026-09-26T00:36:51+00:00
SNDK,2026-07-27,1278.2300,Sandisk Corporation,USD,2026-09-26T00:36:51+00:00
SNDK,2026-07-28,1096.1000,Sandisk Corporation,USD,2026-09-26T00:36:51+00:00
SNDK,2026-07-29,1015.8900,Sandisk Corporation,USD,2026-09-26T00:36:51+00:00
SNDK,2026-07-30,1279.9600,Sandisk Corporation,USD,2026-09-26T00:36:51+00:00
SNDK,2026-07-31,1214.8300,Sandisk Corporation,USD,2026-09-26T00:36:51+00:00
SNDK,2026-08-03,1288.0300,Sandisk Corporation,USD,2026-09-26T00:36:51+00:00
SNDK,2026-08-04,1427.6200,Sandisk Corporation,USD,2026-09-26T00:36:51+00:00
SNDK,2026-08-05,1350.5000,Sandisk Corporation,USD,2026-09-26T00:36:51+00:00
SNDK,2026-08-06,1258.5800,Sandisk Corporation,USD,2026-09-26T00:36:51+00:00
SNDK,2026-08-07,1212.2100,Sandisk Corporation,USD,2026-09-26T00:36:51+00:00
SNDK,2026-08-10,1237.9200,Sandisk Corporation,USD,2026-09-26T00:36:51+00:00
SNDK,2026-08-11,1271.0500,Sandisk Corporation,USD,2026-09-26T00:36:51+00:00
SNDK,2026-08-12,1344.2900,Sandisk Corporation,USD,2026-09-26T00:36:51+00:00
SNDK,2026-08-13,1528.1100,Sandisk Corporation,USD,2026-09-26T00:36:51+00:00
SNDK,2026-08-14,1641.1100,Sandisk Corporation,USD,2026-09-26T00:36:51+00:00
SNDK,2026-08-17,1786.8500,Sandisk Corporation,USD,2026-09-26T00:36:51+00:00
SNDK,2026-08-18,1625.7800,Sandisk Corporation,USD,2026-09-26T00:36:51+00:00
SNDK,2026-08-19,1568.8700,Sandisk Corporation,USD,2026-09-26T00:36:51+00:00
SNDK,2026-08-20,1600.6200,Sandisk Corporation,USD,2026-09-26T00:36:51+00:00
SNDK,2026-08-21,1596.0800,Sandisk Corporation,USD,2026-09-26T00:36:51+00:00
SNDK,2026-08-24,1493.1200,Sandisk Corporation,USD,2026-09-26T00:36:51+00:00
SNDK,2026-08-25,1480.7700,Sandisk Corporation,USD,2026-09-26T00:36:51+00:00
SNDK,2026-08-26,1499.3700,Sandisk Corporation,USD,2026-09-26T00:36:51+00:00
SNDK,2026-08-27,1484.9500,Sandisk Corporation,USD,2026-09-26T00:36:51+00:00
SNDK,2026-08-28,1484.9800,Sandisk Corporation,USD,2026-09-26T00:36:51+00:00
SNDK,2026-08-31,1566.7000,Sandisk Corporation,USD,2026-09-26T00:36:51+00:00
SNDK,2026-09-01,1536.8700,Sandisk Corporation,USD,2026-09-26T00:36:51+00:00
SNDK,2026-09-02,1553.4000,Sandisk Corporation,USD,2026-09-26T00:36:51+00:00
SNDK,2026-09-03,1554.9900,Sandisk Corporation,USD,2026-09-26T00:36:51+00:00
SNDK,2026-09-04,1740.0000,Sandisk Corporation,USD,2026-09-26T00:36:51+00:00
SNDK,2026-09-08,1737.9900,Sandisk Corporation,USD,2026-09-26T00:36:51+00:00
SNDK,2026-09-09,1764.1700,Sandisk Corporation,USD,2026-09-26T00:36:51+00:00
SNDK,2026-09-10,1692.5900,Sandisk Corporation,USD,2026-09-26T00:36:51+00:00
SNDK,2026-09-11,1633.3500,Sandisk Corporation,USD,2026-09-26T00:36:51+00:00
SNDK,2026-09-14,1551.9900,Sandisk Corporation,USD,2026-09-26T00:36:51+00:00
SNDK,2026-09-15,1530.8950,Sandisk Corporation,USD,2026-09-26T00:36:51+00:00
SNDK,2026-09-16,1519.9700,Sandisk Corporation,USD,2026-09-26T00:36:51+00:00
SNDK,2026-09-17,1614.3900,Sandisk Corporation,USD,2026-09-26T00:36:51+00:00
SNDK,2026-09-18,1791.8199,Sandisk Corporation,USD,2026-09-26T00:36:51+00:00
SNDK,2026-09-21,1766.6400,Sandisk Corporation,USD,2026-09-26T00:36:51+00:00
SNDK,2026-09-22,1887.0400,Sandisk Corporation,USD,2026-09-26T00:36:51+00:00
SNDK,2026-09-23,1816.5699,Sandisk Corporation,USD,2026-09-26T00:36:51+00:00
SNDK,2026-09-24,1753.6200,Sandisk Corporation,USD,2026-09-26T00:36:51+00:00
SNDK,2026-09-25,1777.8000,Sandisk Corporation,USD,2026-09-25T23:17:43+00:00
VRT,2025-07-31,145.6000,Vertiv Holdings Co,USD,2026-09-24T23:11:57+00:00
VRT,2025-08-01,141.5900,Vertiv Holdings Co,USD,2026-09-25T23:17:43+00:00
VRT,2025-08-04,140.2000,Vertiv Holdings Co,USD,2026-09-26T00:36:51+00:00
VRT,2025-08-05,138.7600,Vertiv Holdings Co,USD,2026-09-26T00:36:51+00:00
VRT,2025-08-06,139.7500,Vertiv Holdings Co,USD,2026-09-26T00:36:51+00:00
VRT,2025-08-07,139.3900,Vertiv Holdings Co,USD,2026-09-26T00:36:51+00:00
VRT,2025-08-08,139.9300,Vertiv Holdings Co,USD,2026-09-26T00:36:51+00:00
VRT,2025-08-11,139.8300,Vertiv Holdings Co,USD,2026-09-26T00:36:51+00:00
VRT,2025-08-12,143.7200,Vertiv Holdings Co,USD,2026-09-26T00:36:51+00:00
VRT,2025-08-13,137.4000,Vertiv Holdings Co,USD,2026-09-26T00:36:51+00:00
VRT,2025-08-14,132.5200,Vertiv Holdings Co,USD,2026-09-26T00:36:51+00:00
VRT,2025-08-15,133.0700,Vertiv Holdings Co,USD,2026-09-26T00:36:51+00:00
VRT,2025-08-18,135.6900,Vertiv Holdings Co,USD,2026-09-26T00:36:51+00:00
VRT,2025-08-19,129.0500,Vertiv Holdings Co,USD,2026-09-26T00:36:51+00:00
VRT,2025-08-20,127.5400,Vertiv Holdings Co,USD,2026-09-26T00:36:51+00:00
VRT,2025-08-21,126.5800,Vertiv Holdings Co,USD,2026-09-26T00:36:51+00:00
VRT,2025-08-22,125.9700,Vertiv Holdings Co,USD,2026-09-26T00:36:51+00:00
VRT,2025-08-25,125.0200,Vertiv Holdings Co,USD,2026-09-26T00:36:51+00:00
VRT,2025-08-26,127.9300,Vertiv Holdings Co,USD,2026-09-26T00:36:51+00:00
VRT,2025-08-27,129.3100,Vertiv Holdings Co,USD,2026-09-26T00:36:51+00:00
VRT,2025-08-28,134.2300,Vertiv Holdings Co,USD,2026-09-26T00:36:51+00:00
VRT,2025-08-29,127.5500,Vertiv Holdings Co,USD,2026-09-26T00:36:51+00:00
VRT,2025-09-02,124.0100,Vertiv Holdings Co,USD,2026-09-26T00:36:51+00:00
VRT,2025-09-03,125.5900,Vertiv Holdings Co,USD,2026-09-26T00:36:51+00:00
VRT,2025-09-04,125.7000,Vertiv Holdings Co,USD,2026-09-26T00:36:51+00:00
VRT,2025-09-05,124.0000,Vertiv Holdings Co,USD,2026-09-26T00:36:51+00:00
VRT,2025-09-08,121.8200,Vertiv Holdings Co,USD,2026-09-26T00:36:51+00:00
VRT,2025-09-09,125.5800,Vertiv Holdings Co,USD,2026-09-26T00:36:51+00:00
VRT,2025-09-10,136.7400,Vertiv Holdings Co,USD,2026-09-26T00:36:51+00:00
VRT,2025-09-11,135.7100,Vertiv Holdings Co,USD,2026-09-26T00:36:51+00:00
VRT,2025-09-12,134.8400,Vertiv Holdings Co,USD,2026-09-26T00:36:51+00:00
VRT,2025-09-15,138.2600,Vertiv Holdings Co,USD,2026-09-26T00:36:51+00:00
VRT,2025-09-16,136.6500,Vertiv Holdings Co,USD,2026-09-26T00:36:51+00:00
VRT,2025-09-17,136.8300,Vertiv Holdings Co,USD,2026-09-26T00:36:51+00:00
VRT,2025-09-18,141.9600,Vertiv Holdings Co,USD,2026-09-26T00:36:51+00:00
VRT,2025-09-19,143.6000,Vertiv Holdings Co,USD,2026-09-26T00:36:51+00:00
VRT,2025-09-22,151.9600,Vertiv Holdings Co,USD,2026-09-26T00:36:51+00:00
VRT,2025-09-23,142.6100,Vertiv Holdings Co,USD,2026-09-26T00:36:51+00:00
VRT,2025-09-24,141.6200,Vertiv Holdings Co,USD,2026-09-26T00:36:51+00:00
VRT,2025-09-25,139.7700,Vertiv Holdings Co,USD,2026-09-26T00:36:51+00:00
VRT,2025-09-26,138.6200,Vertiv Holdings Co,USD,2026-09-26T00:36:51+00:00
VRT,2025-09-29,143.3100,Vertiv Holdings Co,USD,2026-09-26T00:36:51+00:00
VRT,2025-09-30,150.8600,Vertiv Holdings Co,USD,2026-09-26T00:36:51+00:00
VRT,2025-10-01,161.5900,Vertiv Holdings Co,USD,2026-09-26T00:36:51+00:00
VRT,2025-10-02,161.6400,Vertiv Holdings Co,USD,2026-09-26T00:36:51+00:00
VRT,2025-10-03,160.2000,Vertiv Holdings Co,USD,2026-09-26T00:36:51+00:00
VRT,2025-10-06,162.8000,Vertiv Holdings Co,USD,2026-09-26T00:36:51+00:00
VRT,2025-10-07,158.8700,Vertiv Holdings Co,USD,2026-09-26T00:36:51+00:00
VRT,2025-10-08,167.3800,Vertiv Holdings Co,USD,2026-09-26T00:36:51+00:00
VRT,2025-10-09,168.8800,Vertiv Holdings Co,USD,2026-09-26T00:36:51+00:00
VRT,2025-10-10,169.0100,Vertiv Holdings Co,USD,2026-09-26T00:36:51+00:00
VRT,2025-10-13,179.0000,Vertiv Holdings Co,USD,2026-09-26T00:36:51+00:00
VRT,2025-10-14,175.1500,Vertiv Holdings Co,USD,2026-09-26T00:36:51+00:00
VRT,2025-10-15,180.5100,Vertiv Holdings Co,USD,2026-09-26T00:36:51+00:00
VRT,2025-10-16,177.8200,Vertiv Holdings Co,USD,2026-09-26T00:36:51+00:00
VRT,2025-10-17,174.0000,Vertiv Holdings Co,USD,2026-09-26T00:36:51+00:00
VRT,2025-10-20,175.7300,Vertiv Holdings Co,USD,2026-09-26T00:36:51+00:00
VRT,2025-10-21,174.8000,Vertiv Holdings Co,USD,2026-09-26T00:36:51+00:00
VRT,2025-10-22,171.5900,Vertiv Holdings Co,USD,2026-09-26T00:36:51+00:00
VRT,2025-10-23,183.2000,Vertiv Holdings Co,USD,2026-09-26T00:36:51+00:00
VRT,2025-10-24,186.0600,Vertiv Holdings Co,USD,2026-09-26T00:36:51+00:00
VRT,2025-10-27,192.9000,Vertiv Holdings Co,USD,2026-09-26T00:36:51+00:00
VRT,2025-10-28,190.5700,Vertiv Holdings Co,USD,2026-09-26T00:36:51+00:00
VRT,2025-10-29,199.2700,Vertiv Holdings Co,USD,2026-09-26T00:36:51+00:00
VRT,2025-10-30,193.7600,Vertiv Holdings Co,USD,2026-09-26T00:36:51+00:00
VRT,2025-10-31,192.8600,Vertiv Holdings Co,USD,2026-09-26T00:36:51+00:00
VRT,2025-11-03,191.4000,Vertiv Holdings Co,USD,2026-09-26T00:36:51+00:00
VRT,2025-11-04,180.8200,Vertiv Holdings Co,USD,2026-09-26T00:36:51+00:00
VRT,2025-11-05,190.7100,Vertiv Holdings Co,USD,2026-09-26T00:36:51+00:00
VRT,2025-11-06,183.0200,Vertiv Holdings Co,USD,2026-09-26T00:36:51+00:00
VRT,2025-11-07,179.8000,Vertiv Holdings Co,USD,2026-09-26T00:36:51+00:00
VRT,2025-11-10,187.8400,Vertiv Holdings Co,USD,2026-09-26T00:36:51+00:00
VRT,2025-11-11,179.0500,Vertiv Holdings Co,USD,2026-09-26T00:36:51+00:00
VRT,2025-11-12,173.3700,Vertiv Holdings Co,USD,2026-09-26T00:36:51+00:00
VRT,2025-11-13,163.6400,Vertiv Holdings Co,USD,2026-09-26T00:36:51+00:00
VRT,2025-11-14,170.9700,Vertiv Holdings Co,USD,2026-09-26T00:36:51+00:00
VRT,2025-11-17,166.6500,Vertiv Holdings Co,USD,2026-09-26T00:36:51+00:00
VRT,2025-11-18,164.8600,Vertiv Holdings Co,USD,2026-09-26T00:36:51+00:00
VRT,2025-11-19,170.6500,Vertiv Holdings Co,USD,2026-09-26T00:36:51+00:00
VRT,2025-11-20,159.6100,Vertiv Holdings Co,USD,2026-09-26T00:36:51+00:00
VRT,2025-11-21,159.8300,Vertiv Holdings Co,USD,2026-09-26T00:36:51+00:00
VRT,2025-11-24,168.9100,Vertiv Holdings Co,USD,2026-09-26T00:36:51+00:00
VRT,2025-11-25,169.5700,Vertiv Holdings Co,USD,2026-09-26T00:36:51+00:00
VRT,2025-11-26,172.0200,Vertiv Holdings Co,USD,2026-09-26T00:36:51+00:00
VRT,2025-11-28,179.7300,Vertiv Holdings Co,USD,2026-09-26T00:36:51+00:00
VRT,2025-12-01,179.2200,Vertiv Holdings Co,USD,2026-09-26T00:36:51+00:00
VRT,2025-12-02,180.9100,Vertiv Holdings Co,USD,2026-09-26T00:36:51+00:00
VRT,2025-12-03,178.8800,Vertiv Holdings Co,USD,2026-09-26T00:36:51+00:00
VRT,2025-12-04,182.5400,Vertiv Holdings Co,USD,2026-09-26T00:36:51+00:00
VRT,2025-12-05,189.0200,Vertiv Holdings Co,USD,2026-09-26T00:36:51+00:00
VRT,2025-12-08,185.6100,Vertiv Holdings Co,USD,2026-09-26T00:36:51+00:00
VRT,2025-12-09,178.3800,Vertiv Holdings Co,USD,2026-09-26T00:36:51+00:00
VRT,2025-12-10,181.8200,Vertiv Holdings Co,USD,2026-09-26T00:36:51+00:00
VRT,2025-12-11,178.6600,Vertiv Holdings Co,USD,2026-09-26T00:36:51+00:00
VRT,2025-12-12,161.2700,Vertiv Holdings Co,USD,2026-09-26T00:36:51+00:00
VRT,2025-12-15,161.7400,Vertiv Holdings Co,USD,2026-09-26T00:36:51+00:00
VRT,2025-12-16,160.6600,Vertiv Holdings Co,USD,2026-09-26T00:36:51+00:00
VRT,2025-12-17,149.8300,Vertiv Holdings Co,USD,2026-09-26T00:36:51+00:00
VRT,2025-12-18,154.3900,Vertiv Holdings Co,USD,2026-09-26T00:36:51+00:00
VRT,2025-12-19,159.8200,Vertiv Holdings Co,USD,2026-09-26T00:36:51+00:00
VRT,2025-12-22,166.2500,Vertiv Holdings Co,USD,2026-09-26T00:36:51+00:00
VRT,2025-12-23,166.2600,Vertiv Holdings Co,USD,2026-09-26T00:36:51+00:00
VRT,2025-12-24,166.8700,Vertiv Holdings Co,USD,2026-09-26T00:36:51+00:00
VRT,2025-12-26,167.5800,Vertiv Holdings Co,USD,2026-09-26T00:36:51+00:00
VRT,2025-12-29,165.6200,Vertiv Holdings Co,USD,2026-09-26T00:36:51+00:00
VRT,2025-12-30,164.3400,Vertiv Holdings Co,USD,2026-09-26T00:36:51+00:00
VRT,2025-12-31,162.0100,Vertiv Holdings Co,USD,2026-09-26T00:36:51+00:00
VRT,2026-01-02,175.6100,Vertiv Holdings Co,USD,2026-09-26T00:36:51+00:00
VRT,2026-01-05,173.9500,Vertiv Holdings Co,USD,2026-09-26T00:36:51+00:00
VRT,2026-01-06,174.9500,Vertiv Holdings Co,USD,2026-09-26T00:36:51+00:00
VRT,2026-01-07,171.5400,Vertiv Holdings Co,USD,2026-09-26T00:36:51+00:00
VRT,2026-01-08,160.7800,Vertiv Holdings Co,USD,2026-09-26T00:36:51+00:00
VRT,2026-01-09,163.5800,Vertiv Holdings Co,USD,2026-09-26T00:36:51+00:00
VRT,2026-01-12,170.0300,Vertiv Holdings Co,USD,2026-09-26T00:36:51+00:00
VRT,2026-01-13,172.7200,Vertiv Holdings Co,USD,2026-09-26T00:36:51+00:00
VRT,2026-01-14,170.8600,Vertiv Holdings Co,USD,2026-09-26T00:36:51+00:00
VRT,2026-01-15,172.5400,Vertiv Holdings Co,USD,2026-09-26T00:36:51+00:00
VRT,2026-01-16,176.9300,Vertiv Holdings Co,USD,2026-09-26T00:36:51+00:00
VRT,2026-01-20,175.1800,Vertiv Holdings Co,USD,2026-09-26T00:36:51+00:00
VRT,2026-01-21,181.4700,Vertiv Holdings Co,USD,2026-09-26T00:36:51+00:00
VRT,2026-01-22,181.1200,Vertiv Holdings Co,USD,2026-09-26T00:36:51+00:00
VRT,2026-01-23,182.4900,Vertiv Holdings Co,USD,2026-09-26T00:36:51+00:00
VRT,2026-01-26,181.2300,Vertiv Holdings Co,USD,2026-09-26T00:36:51+00:00
VRT,2026-01-27,189.2100,Vertiv Holdings Co,USD,2026-09-26T00:36:51+00:00
VRT,2026-01-28,193.7600,Vertiv Holdings Co,USD,2026-09-26T00:36:51+00:00
VRT,2026-01-29,195.1000,Vertiv Holdings Co,USD,2026-09-26T00:36:51+00:00
VRT,2026-01-30,186.1800,Vertiv Holdings Co,USD,2026-09-26T00:36:51+00:00
VRT,2026-02-02,190.0100,Vertiv Holdings Co,USD,2026-09-26T00:36:51+00:00
VRT,2026-02-03,190.1500,Vertiv Holdings Co,USD,2026-09-26T00:36:51+00:00
VRT,2026-02-04,182.5600,Vertiv Holdings Co,USD,2026-09-26T00:36:51+00:00
VRT,2026-02-05,177.7500,Vertiv Holdings Co,USD,2026-09-26T00:36:51+00:00
VRT,2026-02-06,195.5800,Vertiv Holdings Co,USD,2026-09-26T00:36:51+00:00
VRT,2026-02-09,202.0000,Vertiv Holdings Co,USD,2026-09-26T00:36:51+00:00
VRT,2026-02-10,199.6200,Vertiv Holdings Co,USD,2026-09-26T00:36:51+00:00
VRT,2026-02-11,248.5100,Vertiv Holdings Co,USD,2026-09-26T00:36:51+00:00
VRT,2026-02-12,236.5100,Vertiv Holdings Co,USD,2026-09-26T00:36:51+00:00
VRT,2026-02-13,234.5300,Vertiv Holdings Co,USD,2026-09-26T00:36:51+00:00
VRT,2026-02-17,243.5300,Vertiv Holdings Co,USD,2026-09-26T00:36:51+00:00
VRT,2026-02-18,243.2100,Vertiv Holdings Co,USD,2026-09-26T00:36:51+00:00
VRT,2026-02-19,243.0600,Vertiv Holdings Co,USD,2026-09-26T00:36:51+00:00
VRT,2026-02-20,243.7500,Vertiv Holdings Co,USD,2026-09-26T00:36:51+00:00
VRT,2026-02-23,245.4200,Vertiv Holdings Co,USD,2026-09-26T00:36:51+00:00
VRT,2026-02-24,253.1500,Vertiv Holdings Co,USD,2026-09-26T00:36:51+00:00
VRT,2026-02-25,262.1900,Vertiv Holdings Co,USD,2026-09-26T00:36:51+00:00
VRT,2026-02-26,259.2300,Vertiv Holdings Co,USD,2026-09-26T00:36:51+00:00
VRT,2026-02-27,254.8900,Vertiv Holdings Co,USD,2026-09-26T00:36:51+00:00
VRT,2026-03-02,257.7500,Vertiv Holdings Co,USD,2026-09-26T00:36:51+00:00
VRT,2026-03-03,244.4400,Vertiv Holdings Co,USD,2026-09-26T00:36:51+00:00
VRT,2026-03-04,251.2800,Vertiv Holdings Co,USD,2026-09-26T00:36:51+00:00
VRT,2026-03-05,249.7500,Vertiv Holdings Co,USD,2026-09-26T00:36:51+00:00
VRT,2026-03-06,241.7800,Vertiv Holdings Co,USD,2026-09-26T00:36:51+00:00
VRT,2026-03-09,264.3500,Vertiv Holdings Co,USD,2026-09-26T00:36:51+00:00
VRT,2026-03-10,270.0600,Vertiv Holdings Co,USD,2026-09-26T00:36:51+00:00
VRT,2026-03-11,268.2600,Vertiv Holdings Co,USD,2026-09-26T00:36:51+00:00
VRT,2026-03-12,265.3800,Vertiv Holdings Co,USD,2026-09-26T00:36:51+00:00
VRT,2026-03-13,258.8800,Vertiv Holdings Co,USD,2026-09-26T00:36:51+00:00
VRT,2026-03-16,264.7400,Vertiv Holdings Co,USD,2026-09-26T00:36:51+00:00
VRT,2026-03-17,268.4100,Vertiv Holdings Co,USD,2026-09-26T00:36:51+00:00
VRT,2026-03-18,264.7100,Vertiv Holdings Co,USD,2026-09-26T00:36:51+00:00
VRT,2026-03-19,269.1700,Vertiv Holdings Co,USD,2026-09-26T00:36:51+00:00
VRT,2026-03-20,255.8800,Vertiv Holdings Co,USD,2026-09-26T00:36:51+00:00
VRT,2026-03-23,256.0000,Vertiv Holdings Co,USD,2026-09-26T00:36:51+00:00
VRT,2026-03-24,270.8900,Vertiv Holdings Co,USD,2026-09-26T00:36:51+00:00
VRT,2026-03-25,276.1600,Vertiv Holdings Co,USD,2026-09-26T00:36:51+00:00
VRT,2026-03-26,252.4000,Vertiv Holdings Co,USD,2026-09-26T00:36:51+00:00
VRT,2026-03-27,251.0700,Vertiv Holdings Co,USD,2026-09-26T00:36:51+00:00
VRT,2026-03-30,234.2200,Vertiv Holdings Co,USD,2026-09-26T00:36:51+00:00
VRT,2026-03-31,250.5800,Vertiv Holdings Co,USD,2026-09-26T00:36:51+00:00
VRT,2026-04-01,259.3700,Vertiv Holdings Co,USD,2026-09-26T00:36:51+00:00
VRT,2026-04-02,261.2900,Vertiv Holdings Co,USD,2026-09-26T00:36:51+00:00
VRT,2026-04-06,258.7300,Vertiv Holdings Co,USD,2026-09-26T00:36:51+00:00
VRT,2026-04-07,262.3000,Vertiv Holdings Co,USD,2026-09-26T00:36:51+00:00
VRT,2026-04-08,281.0300,Vertiv Holdings Co,USD,2026-09-26T00:36:51+00:00
VRT,2026-04-09,287.6400,Vertiv Holdings Co,USD,2026-09-26T00:36:51+00:00
VRT,2026-04-10,295.1100,Vertiv Holdings Co,USD,2026-09-26T00:36:51+00:00
VRT,2026-04-13,299.9600,Vertiv Holdings Co,USD,2026-09-26T00:36:51+00:00
VRT,2026-04-14,310.5100,Vertiv Holdings Co,USD,2026-09-26T00:36:51+00:00
VRT,2026-04-15,301.1600,Vertiv Holdings Co,USD,2026-09-26T00:36:51+00:00
VRT,2026-04-16,294.1300,Vertiv Holdings Co,USD,2026-09-26T00:36:51+00:00
VRT,2026-04-17,307.3400,Vertiv Holdings Co,USD,2026-09-26T00:36:51+00:00
VRT,2026-04-20,314.4100,Vertiv Holdings Co,USD,2026-09-26T00:36:51+00:00
VRT,2026-04-21,312.4400,Vertiv Holdings Co,USD,2026-09-26T00:36:51+00:00
VRT,2026-04-22,305.1400,Vertiv Holdings Co,USD,2026-09-26T00:36:51+00:00
VRT,2026-04-23,321.7500,Vertiv Holdings Co,USD,2026-09-26T00:36:51+00:00
VRT,2026-04-24,323.4600,Vertiv Holdings Co,USD,2026-09-26T00:36:51+00:00
VRT,2026-04-27,322.4300,Vertiv Holdings Co,USD,2026-09-26T00:36:51+00:00
VRT,2026-04-28,305.0300,Vertiv Holdings Co,USD,2026-09-26T00:36:51+00:00
VRT,2026-04-29,306.1800,Vertiv Holdings Co,USD,2026-09-26T00:36:51+00:00
VRT,2026-04-30,328.4900,Vertiv Holdings Co,USD,2026-09-26T00:36:51+00:00
VRT,2026-05-01,328.3100,Vertiv Holdings Co,USD,2026-09-26T00:36:51+00:00
VRT,2026-05-04,330.9700,Vertiv Holdings Co,USD,2026-09-26T00:36:51+00:00
VRT,2026-05-05,341.0200,Vertiv Holdings Co,USD,2026-09-26T00:36:51+00:00
VRT,2026-05-06,358.9200,Vertiv Holdings Co,USD,2026-09-26T00:36:51+00:00
VRT,2026-05-07,340.0100,Vertiv Holdings Co,USD,2026-09-26T00:36:51+00:00
VRT,2026-05-08,339.9700,Vertiv Holdings Co,USD,2026-09-26T00:36:51+00:00
VRT,2026-05-11,367.9200,Vertiv Holdings Co,USD,2026-09-26T00:36:51+00:00
VRT,2026-05-12,367.1300,Vertiv Holdings Co,USD,2026-09-26T00:36:51+00:00
VRT,2026-05-13,369.9900,Vertiv Holdings Co,USD,2026-09-26T00:36:51+00:00
VRT,2026-05-14,376.2300,Vertiv Holdings Co,USD,2026-09-26T00:36:51+00:00
VRT,2026-05-15,370.9400,Vertiv Holdings Co,USD,2026-09-26T00:36:51+00:00
VRT,2026-05-18,339.7300,Vertiv Holdings Co,USD,2026-09-26T00:36:51+00:00
VRT,2026-05-19,322.6300,Vertiv Holdings Co,USD,2026-09-26T00:36:51+00:00
VRT,2026-05-20,315.6700,Vertiv Holdings Co,USD,2026-09-26T00:36:51+00:00
VRT,2026-05-21,323.4000,Vertiv Holdings Co,USD,2026-09-26T00:36:51+00:00
VRT,2026-05-22,327.4600,Vertiv Holdings Co,USD,2026-09-26T00:36:51+00:00
VRT,2026-05-26,323.9100,Vertiv Holdings Co,USD,2026-09-26T00:36:51+00:00
VRT,2026-05-27,319.7800,Vertiv Holdings Co,USD,2026-09-26T00:36:51+00:00
VRT,2026-05-28,314.1800,Vertiv Holdings Co,USD,2026-09-26T00:36:51+00:00
VRT,2026-05-29,315.7100,Vertiv Holdings Co,USD,2026-09-26T00:36:51+00:00
VRT,2026-06-01,323.3900,Vertiv Holdings Co,USD,2026-09-26T00:36:51+00:00
VRT,2026-06-02,334.4900,Vertiv Holdings Co,USD,2026-09-26T00:36:51+00:00
VRT,2026-06-03,331.4400,Vertiv Holdings Co,USD,2026-09-26T00:36:51+00:00
VRT,2026-06-04,323.9200,Vertiv Holdings Co,USD,2026-09-26T00:36:51+00:00
VRT,2026-06-05,300.5100,Vertiv Holdings Co,USD,2026-09-26T00:36:51+00:00
VRT,2026-06-08,300.5700,Vertiv Holdings Co,USD,2026-09-26T00:36:51+00:00
VRT,2026-06-09,289.5200,Vertiv Holdings Co,USD,2026-09-26T00:36:51+00:00
VRT,2026-06-10,280.9800,Vertiv Holdings Co,USD,2026-09-26T00:36:51+00:00
VRT,2026-06-11,297.8800,Vertiv Holdings Co,USD,2026-09-26T00:36:51+00:00
VRT,2026-06-12,302.8700,Vertiv Holdings Co,USD,2026-09-26T00:36:51+00:00
VRT,2026-06-15,311.9300,Vertiv Holdings Co,USD,2026-09-26T00:36:51+00:00
VRT,2026-06-16,299.6000,Vertiv Holdings Co,USD,2026-09-26T00:36:51+00:00
VRT,2026-06-17,317.5800,Vertiv Holdings Co,USD,2026-09-26T00:36:51+00:00
VRT,2026-06-18,333.0500,Vertiv Holdings Co,USD,2026-09-26T00:36:51+00:00
VRT,2026-06-22,357.9600,Vertiv Holdings Co,USD,2026-09-26T00:36:51+00:00
VRT,2026-06-23,318.3200,Vertiv Holdings Co,USD,2026-09-26T00:36:51+00:00
VRT,2026-06-24,316.4300,Vertiv Holdings Co,USD,2026-09-26T00:36:51+00:00
VRT,2026-06-25,325.5700,Vertiv Holdings Co,USD,2026-09-26T00:36:51+00:00
VRT,2026-06-26,303.9500,Vertiv Holdings Co,USD,2026-09-26T00:36:51+00:00
VRT,2026-06-29,306.9700,Vertiv Holdings Co,USD,2026-09-26T00:36:51+00:00
VRT,2026-06-30,334.8200,Vertiv Holdings Co,USD,2026-09-26T00:36:51+00:00
VRT,2026-07-01,311.4200,Vertiv Holdings Co,USD,2026-09-26T00:36:51+00:00
VRT,2026-07-02,300.5300,Vertiv Holdings Co,USD,2026-09-26T00:36:51+00:00
VRT,2026-07-06,318.4700,Vertiv Holdings Co,USD,2026-09-26T00:36:51+00:00
VRT,2026-07-07,305.5800,Vertiv Holdings Co,USD,2026-09-26T00:36:51+00:00
VRT,2026-07-08,317.8100,Vertiv Holdings Co,USD,2026-09-26T00:36:51+00:00
VRT,2026-07-09,323.9200,Vertiv Holdings Co,USD,2026-09-26T00:36:51+00:00
VRT,2026-07-10,318.8600,Vertiv Holdings Co,USD,2026-09-26T00:36:51+00:00
VRT,2026-07-13,305.8700,Vertiv Holdings Co,USD,2026-09-26T00:36:51+00:00
VRT,2026-07-14,303.5800,Vertiv Holdings Co,USD,2026-09-26T00:36:51+00:00
VRT,2026-07-15,304.5700,Vertiv Holdings Co,USD,2026-09-26T00:36:51+00:00
VRT,2026-07-16,294.1100,Vertiv Holdings Co,USD,2026-09-26T00:36:51+00:00
VRT,2026-07-17,289.5600,Vertiv Holdings Co,USD,2026-09-26T00:36:51+00:00
VRT,2026-07-20,291.6700,Vertiv Holdings Co,USD,2026-09-26T00:36:51+00:00
VRT,2026-07-21,304.5000,Vertiv Holdings Co,USD,2026-09-26T00:36:51+00:00
VRT,2026-07-22,301.1600,Vertiv Holdings Co,USD,2026-09-26T00:36:51+00:00
VRT,2026-07-23,304.0400,Vertiv Holdings Co,USD,2026-09-26T00:36:51+00:00
VRT,2026-07-24,290.3600,Vertiv Holdings Co,USD,2026-09-26T00:36:51+00:00
VRT,2026-07-27,287.6000,Vertiv Holdings Co,USD,2026-09-26T00:36:51+00:00
VRT,2026-07-28,269.5600,Vertiv Holdings Co,USD,2026-09-26T00:36:51+00:00
VRT,2026-07-29,223.0400,Vertiv Holdings Co,USD,2026-09-26T00:36:51+00:00
VRT,2026-07-30,227.5000,Vertiv Holdings Co,USD,2026-09-26T00:36:51+00:00
VRT,2026-07-31,241.5700,Vertiv Holdings Co,USD,2026-09-26T00:36:51+00:00
VRT,2026-08-03,263.0500,Vertiv Holdings Co,USD,2026-09-26T00:36:51+00:00
VRT,2026-08-04,269.9300,Vertiv Holdings Co,USD,2026-09-26T00:36:51+00:00
VRT,2026-08-05,277.9400,Vertiv Holdings Co,USD,2026-09-26T00:36:51+00:00
VRT,2026-08-06,275.1700,Vertiv Holdings Co,USD,2026-09-26T00:36:51+00:00
VRT,2026-08-07,272.4000,Vertiv Holdings Co,USD,2026-09-26T00:36:51+00:00
VRT,2026-08-10,270.1000,Vertiv Holdings Co,USD,2026-09-26T00:36:51+00:00
VRT,2026-08-11,281.8100,Vertiv Holdings Co,USD,2026-09-26T00:36:51+00:00
VRT,2026-08-12,288.3600,Vertiv Holdings Co,USD,2026-09-26T00:36:51+00:00
VRT,2026-08-13,287.0700,Vertiv Holdings Co,USD,2026-09-26T00:36:51+00:00
VRT,2026-08-14,293.8400,Vertiv Holdings Co,USD,2026-09-26T00:36:51+00:00
VRT,2026-08-17,292.4300,Vertiv Holdings Co,USD,2026-09-26T00:36:51+00:00
VRT,2026-08-18,272.5400,Vertiv Holdings Co,USD,2026-09-26T00:36:51+00:00
VRT,2026-08-19,261.0000,Vertiv Holdings Co,USD,2026-09-26T00:36:51+00:00
VRT,2026-08-20,264.6300,Vertiv Holdings Co,USD,2026-09-26T00:36:51+00:00
VRT,2026-08-21,261.9500,Vertiv Holdings Co,USD,2026-09-26T00:36:51+00:00
VRT,2026-08-24,254.9700,Vertiv Holdings Co,USD,2026-09-26T00:36:51+00:00
VRT,2026-08-25,255.7500,Vertiv Holdings Co,USD,2026-09-26T00:36:51+00:00
VRT,2026-08-26,263.8100,Vertiv Holdings Co,USD,2026-09-26T00:36:51+00:00
VRT,2026-08-27,269.2800,Vertiv Holdings Co,USD,2026-09-26T00:36:51+00:00
VRT,2026-08-28,257.0800,Vertiv Holdings Co,USD,2026-09-26T00:36:51+00:00
VRT,2026-08-31,258.7200,Vertiv Holdings Co,USD,2026-09-26T00:36:51+00:00
VRT,2026-09-01,255.9700,Vertiv Holdings Co,USD,2026-09-26T00:36:51+00:00
VRT,2026-09-02,256.7000,Vertiv Holdings Co,USD,2026-09-26T00:36:51+00:00
VRT,2026-09-03,268.8300,Vertiv Holdings Co,USD,2026-09-26T00:36:51+00:00
VRT,2026-09-04,280.5300,Vertiv Holdings Co,USD,2026-09-26T00:36:51+00:00
VRT,2026-09-08,290.8300,Vertiv Holdings Co,USD,2026-09-26T00:36:51+00:00
VRT,2026-09-09,262.8900,Vertiv Holdings Co,USD,2026-09-26T00:36:51+00:00
VRT,2026-09-10,248.1300,Vertiv Holdings Co,USD,2026-09-26T00:36:51+00:00
VRT,2026-09-11,257.0600,Vertiv Holdings Co,USD,2026-09-26T00:36:51+00:00
VRT,2026-09-14,237.3900,Vertiv Holdings Co,USD,2026-09-26T00:36:51+00:00
VRT,2026-09-15,234.6100,Vertiv Holdings Co,USD,2026-09-26T00:36:51+00:00
VRT,2026-09-16,239.4100,Vertiv Holdings Co,USD,2026-09-26T00:36:51+00:00
VRT,2026-09-17,241.4900,Vertiv Holdings Co,USD,2026-09-26T00:36:51+00:00
VRT,2026-09-18,249.3900,Vertiv Holdings Co,USD,2026-09-26T00:36:51+00:00
VRT,2026-09-21,250.8600,Vertiv Holdings Co,USD,2026-09-26T00:36:51+00:00
VRT,2026-09-22,253.4600,Vertiv Holdings Co,USD,2026-09-26T00:36:51+00:00
VRT,2026-09-23,248.7800,Vertiv Holdings Co,USD,2026-09-26T00:36:51+00:00
VRT,2026-09-24,245.3000,Vertiv Holdings Co,USD,2026-09-26T00:36:51+00:00
VRT,2026-09-25,253.2800,Vertiv Holdings Co,USD,2026-09-25T23:17:43+00:00
