date,code,label,close,source,fetched_at
2023-01-02,0001,KOSPI,2225.67,kis_api,2026-08-17T02:56:51+00:00
2023-01-02,000660,SK하이닉스,75700.0,kis_api,2026-08-17T02:56:41+00:00
2023-01-03,0001,KOSPI,2218.68,kis_api,2026-08-17T02:56:51+00:00
2023-01-03,000660,SK하이닉스,75600.0,kis_api,2026-08-17T02:56:41+00:00
2023-01-04,0001,KOSPI,2255.98,kis_api,2026-08-17T02:56:51+00:00
2023-01-04,000660,SK하이닉스,81000.0,kis_api,2026-08-17T02:56:41+00:00
2023-01-05,0001,KOSPI,2264.65,kis_api,2026-08-17T02:56:51+00:00
2023-01-05,000660,SK하이닉스,81400.0,kis_api,2026-08-17T02:56:41+00:00
2023-01-06,0001,KOSPI,2289.97,kis_api,2026-08-17T02:56:51+00:00
2023-01-06,000660,SK하이닉스,83100.0,kis_api,2026-08-17T02:56:41+00:00
2023-01-09,0001,KOSPI,2350.19,kis_api,2026-08-17T02:56:51+00:00
2023-01-09,000660,SK하이닉스,86000.0,kis_api,2026-08-17T02:56:41+00:00
2023-01-10,0001,KOSPI,2351.31,kis_api,2026-08-17T02:56:51+00:00
2023-01-10,000660,SK하이닉스,86500.0,kis_api,2026-08-17T02:56:41+00:00
2023-01-11,0001,KOSPI,2359.53,kis_api,2026-08-17T02:56:51+00:00
2023-01-11,000660,SK하이닉스,87300.0,kis_api,2026-08-17T02:56:41+00:00
2023-01-12,0001,KOSPI,2365.1,kis_api,2026-08-17T02:56:51+00:00
2023-01-12,000660,SK하이닉스,86800.0,kis_api,2026-08-17T02:56:41+00:00
2023-01-13,0001,KOSPI,2386.09,kis_api,2026-08-17T02:56:51+00:00
2023-01-13,000660,SK하이닉스,85700.0,kis_api,2026-08-17T02:56:41+00:00
2023-01-16,0001,KOSPI,2399.86,kis_api,2026-08-17T02:56:51+00:00
2023-01-16,000660,SK하이닉스,85800.0,kis_api,2026-08-17T02:56:41+00:00
2023-01-17,0001,KOSPI,2379.39,kis_api,2026-08-17T02:56:51+00:00
2023-01-17,000660,SK하이닉스,86000.0,kis_api,2026-08-17T02:56:41+00:00
2023-01-18,0001,KOSPI,2368.32,kis_api,2026-08-17T02:56:51+00:00
2023-01-18,000660,SK하이닉스,85100.0,kis_api,2026-08-17T02:56:41+00:00
2023-01-19,0001,KOSPI,2380.34,kis_api,2026-08-17T02:56:51+00:00
2023-01-19,000660,SK하이닉스,85500.0,kis_api,2026-08-17T02:56:41+00:00
2023-01-20,0001,KOSPI,2395.26,kis_api,2026-08-17T02:56:51+00:00
2023-01-20,000660,SK하이닉스,87600.0,kis_api,2026-08-17T02:56:41+00:00
2023-01-25,0001,KOSPI,2428.57,kis_api,2026-08-17T02:56:51+00:00
2023-01-25,000660,SK하이닉스,91400.0,kis_api,2026-08-17T02:56:41+00:00
2023-01-26,0001,KOSPI,2468.65,kis_api,2026-08-17T02:56:51+00:00
2023-01-26,000660,SK하이닉스,92300.0,kis_api,2026-08-17T02:56:41+00:00
2023-01-27,0001,KOSPI,2484.02,kis_api,2026-08-17T02:56:51+00:00
2023-01-27,000660,SK하이닉스,91500.0,kis_api,2026-08-17T02:56:41+00:00
2023-01-30,0001,KOSPI,2450.47,kis_api,2026-08-17T02:56:51+00:00
2023-01-30,000660,SK하이닉스,90700.0,kis_api,2026-08-17T02:56:41+00:00
2023-01-31,0001,KOSPI,2425.08,kis_api,2026-08-17T02:56:51+00:00
2023-01-31,000660,SK하이닉스,88500.0,kis_api,2026-08-17T02:56:41+00:00
2023-02-01,0001,KOSPI,2449.8,kis_api,2026-08-17T02:56:51+00:00
2023-02-01,000660,SK하이닉스,91400.0,kis_api,2026-08-17T02:56:41+00:00
2023-02-02,0001,KOSPI,2468.88,kis_api,2026-08-17T02:56:51+00:00
2023-02-02,000660,SK하이닉스,93400.0,kis_api,2026-08-17T02:56:41+00:00
2023-02-03,0001,KOSPI,2480.4,kis_api,2026-08-17T02:56:51+00:00
2023-02-03,000660,SK하이닉스,92200.0,kis_api,2026-08-17T02:56:41+00:00
2023-02-06,0001,KOSPI,2438.19,kis_api,2026-08-17T02:56:51+00:00
2023-02-06,000660,SK하이닉스,89100.0,kis_api,2026-08-17T02:56:41+00:00
2023-02-07,0001,KOSPI,2451.71,kis_api,2026-08-17T02:56:51+00:00
2023-02-07,000660,SK하이닉스,90800.0,kis_api,2026-08-17T02:56:41+00:00
2023-02-08,0001,KOSPI,2483.64,kis_api,2026-08-17T02:56:51+00:00
2023-02-08,000660,SK하이닉스,94900.0,kis_api,2026-08-17T02:56:41+00:00
2023-02-09,0001,KOSPI,2481.52,kis_api,2026-08-17T02:56:51+00:00
2023-02-09,000660,SK하이닉스,94400.0,kis_api,2026-08-17T02:56:41+00:00
2023-02-10,0001,KOSPI,2469.73,kis_api,2026-08-17T02:56:51+00:00
2023-02-10,000660,SK하이닉스,93500.0,kis_api,2026-08-17T02:56:41+00:00
2023-02-13,0001,KOSPI,2452.7,kis_api,2026-08-17T02:56:51+00:00
2023-02-13,000660,SK하이닉스,90600.0,kis_api,2026-08-17T02:56:41+00:00
2023-02-14,0001,KOSPI,2465.64,kis_api,2026-08-17T02:56:51+00:00
2023-02-14,000660,SK하이닉스,93400.0,kis_api,2026-08-17T02:56:41+00:00
2023-02-15,0001,KOSPI,2427.9,kis_api,2026-08-17T02:56:51+00:00
2023-02-15,000660,SK하이닉스,91700.0,kis_api,2026-08-17T02:56:41+00:00
2023-02-16,0001,KOSPI,2475.48,kis_api,2026-08-17T02:56:51+00:00
2023-02-16,000660,SK하이닉스,92900.0,kis_api,2026-08-17T02:56:41+00:00
2023-02-17,0001,KOSPI,2451.21,kis_api,2026-08-17T02:56:51+00:00
2023-02-17,000660,SK하이닉스,92000.0,kis_api,2026-08-17T02:56:41+00:00
2023-02-20,0001,KOSPI,2455.12,kis_api,2026-08-17T02:56:51+00:00
2023-02-20,000660,SK하이닉스,92500.0,kis_api,2026-08-17T02:56:41+00:00
2023-02-21,0001,KOSPI,2458.96,kis_api,2026-08-17T02:56:51+00:00
2023-02-21,000660,SK하이닉스,91200.0,kis_api,2026-08-17T02:56:41+00:00
2023-02-22,0001,KOSPI,2417.68,kis_api,2026-08-17T02:56:51+00:00
2023-02-22,000660,SK하이닉스,89100.0,kis_api,2026-08-17T02:56:41+00:00
2023-02-23,0001,KOSPI,2439.09,kis_api,2026-08-17T02:56:51+00:00
2023-02-23,000660,SK하이닉스,92700.0,kis_api,2026-08-17T02:56:41+00:00
2023-02-24,0001,KOSPI,2423.61,kis_api,2026-08-17T02:56:51+00:00
2023-02-24,000660,SK하이닉스,91000.0,kis_api,2026-08-17T02:56:41+00:00
2023-02-27,0001,KOSPI,2402.64,kis_api,2026-08-17T02:56:51+00:00
2023-02-27,000660,SK하이닉스,90000.0,kis_api,2026-08-17T02:56:41+00:00
2023-02-28,0001,KOSPI,2412.85,kis_api,2026-08-17T02:56:51+00:00
2023-02-28,000660,SK하이닉스,89400.0,kis_api,2026-08-17T02:56:41+00:00
2023-03-02,0001,KOSPI,2427.85,kis_api,2026-08-17T02:56:51+00:00
2023-03-02,000660,SK하이닉스,88100.0,kis_api,2026-08-17T02:56:41+00:00
2023-03-03,0001,KOSPI,2432.07,kis_api,2026-08-17T02:56:51+00:00
2023-03-03,000660,SK하이닉스,87300.0,kis_api,2026-08-17T02:56:41+00:00
2023-03-06,0001,KOSPI,2462.62,kis_api,2026-08-17T02:56:51+00:00
2023-03-06,000660,SK하이닉스,89700.0,kis_api,2026-08-17T02:56:41+00:00
2023-03-07,0001,KOSPI,2463.35,kis_api,2026-08-17T02:56:51+00:00
2023-03-07,000660,SK하이닉스,88900.0,kis_api,2026-08-17T02:56:41+00:00
2023-03-08,0001,KOSPI,2431.91,kis_api,2026-08-17T02:56:51+00:00
2023-03-08,000660,SK하이닉스,86800.0,kis_api,2026-08-17T02:56:41+00:00
2023-03-09,0001,KOSPI,2419.09,kis_api,2026-08-17T02:56:51+00:00
2023-03-09,000660,SK하이닉스,85600.0,kis_api,2026-08-17T02:56:41+00:00
2023-03-10,0001,KOSPI,2394.59,kis_api,2026-08-17T02:56:51+00:00
2023-03-10,000660,SK하이닉스,83300.0,kis_api,2026-08-17T02:56:41+00:00
2023-03-13,0001,KOSPI,2410.6,kis_api,2026-08-17T02:56:51+00:00
2023-03-13,000660,SK하이닉스,84300.0,kis_api,2026-08-17T02:56:41+00:00
2023-03-14,0001,KOSPI,2348.97,kis_api,2026-08-17T02:56:51+00:00
2023-03-14,000660,SK하이닉스,81100.0,kis_api,2026-08-17T02:56:41+00:00
2023-03-15,0001,KOSPI,2379.72,kis_api,2026-08-17T02:56:51+00:00
2023-03-15,000660,SK하이닉스,79100.0,kis_api,2026-08-17T02:56:41+00:00
2023-03-16,0001,KOSPI,2377.91,kis_api,2026-08-17T02:56:51+00:00
2023-03-16,000660,SK하이닉스,79000.0,kis_api,2026-08-17T02:56:41+00:00
2023-03-17,0001,KOSPI,2395.69,kis_api,2026-08-17T02:56:51+00:00
2023-03-17,000660,SK하이닉스,84000.0,kis_api,2026-08-17T02:56:41+00:00
2023-03-20,0001,KOSPI,2379.2,kis_api,2026-08-17T02:56:51+00:00
2023-03-20,000660,SK하이닉스,83700.0,kis_api,2026-08-17T02:56:41+00:00
2023-03-21,0001,KOSPI,2388.35,kis_api,2026-08-17T02:56:51+00:00
2023-03-21,000660,SK하이닉스,83600.0,kis_api,2026-08-17T02:56:41+00:00
2023-03-22,0001,KOSPI,2416.96,kis_api,2026-08-17T02:56:51+00:00
2023-03-22,000660,SK하이닉스,86900.0,kis_api,2026-08-17T02:56:41+00:00
2023-03-23,0001,KOSPI,2424.48,kis_api,2026-08-17T02:56:51+00:00
2023-03-23,000660,SK하이닉스,88500.0,kis_api,2026-08-17T02:56:41+00:00
2023-03-24,0001,KOSPI,2414.96,kis_api,2026-08-17T02:56:51+00:00
2023-03-24,000660,SK하이닉스,87300.0,kis_api,2026-08-17T02:56:41+00:00
2023-03-27,0001,KOSPI,2409.22,kis_api,2026-08-17T02:56:51+00:00
2023-03-27,000660,SK하이닉스,85500.0,kis_api,2026-08-17T02:56:41+00:00
2023-03-28,0001,KOSPI,2434.94,kis_api,2026-08-17T02:56:51+00:00
2023-03-28,000660,SK하이닉스,88400.0,kis_api,2026-08-17T02:56:41+00:00
2023-03-29,0001,KOSPI,2443.92,kis_api,2026-08-17T02:56:51+00:00
2023-03-29,000660,SK하이닉스,86900.0,kis_api,2026-08-17T02:56:41+00:00
2023-03-30,0001,KOSPI,2453.16,kis_api,2026-08-17T02:56:51+00:00
2023-03-30,000660,SK하이닉스,88800.0,kis_api,2026-08-17T02:56:41+00:00
2023-03-31,0001,KOSPI,2476.86,kis_api,2026-08-17T02:56:51+00:00
2023-03-31,000660,SK하이닉스,88600.0,kis_api,2026-08-17T02:56:41+00:00
2023-04-03,0001,KOSPI,2472.34,kis_api,2026-08-17T02:56:51+00:00
2023-04-03,000660,SK하이닉스,87200.0,kis_api,2026-08-17T02:56:41+00:00
2023-04-04,0001,KOSPI,2480.51,kis_api,2026-08-17T02:56:51+00:00
2023-04-04,000660,SK하이닉스,84500.0,kis_api,2026-08-17T02:56:41+00:00
2023-04-05,0001,KOSPI,2495.21,kis_api,2026-08-17T02:56:51+00:00
2023-04-05,000660,SK하이닉스,84600.0,kis_api,2026-08-17T02:56:41+00:00
2023-04-06,0001,KOSPI,2459.23,kis_api,2026-08-17T02:56:51+00:00
2023-04-06,000660,SK하이닉스,83800.0,kis_api,2026-08-17T02:56:41+00:00
2023-04-07,0001,KOSPI,2490.41,kis_api,2026-08-17T02:56:51+00:00
2023-04-07,000660,SK하이닉스,89100.0,kis_api,2026-08-17T02:56:41+00:00
2023-04-10,0001,KOSPI,2512.08,kis_api,2026-08-17T02:56:51+00:00
2023-04-10,000660,SK하이닉스,90700.0,kis_api,2026-08-17T02:56:41+00:00
2023-04-11,0001,KOSPI,2547.86,kis_api,2026-08-17T02:56:51+00:00
2023-04-11,000660,SK하이닉스,91800.0,kis_api,2026-08-17T02:56:41+00:00
2023-04-12,0001,KOSPI,2550.64,kis_api,2026-08-17T02:56:51+00:00
2023-04-12,000660,SK하이닉스,90300.0,kis_api,2026-08-17T02:56:41+00:00
2023-04-13,0001,KOSPI,2561.66,kis_api,2026-08-17T02:56:51+00:00
2023-04-13,000660,SK하이닉스,88700.0,kis_api,2026-08-17T02:56:41+00:00
2023-04-14,0001,KOSPI,2571.49,kis_api,2026-08-17T02:56:51+00:00
2023-04-14,000660,SK하이닉스,89300.0,kis_api,2026-08-17T02:56:41+00:00
2023-04-17,0001,KOSPI,2575.91,kis_api,2026-08-17T02:56:51+00:00
2023-04-17,000660,SK하이닉스,88500.0,kis_api,2026-08-17T02:56:41+00:00
2023-04-18,0001,KOSPI,2571.09,kis_api,2026-08-17T02:56:51+00:00
2023-04-18,000660,SK하이닉스,87600.0,kis_api,2026-08-17T02:56:41+00:00
2023-04-19,0001,KOSPI,2575.08,kis_api,2026-08-17T02:56:51+00:00
2023-04-19,000660,SK하이닉스,88200.0,kis_api,2026-08-17T02:56:41+00:00
2023-04-20,0001,KOSPI,2563.11,kis_api,2026-08-17T02:56:51+00:00
2023-04-20,000660,SK하이닉스,87700.0,kis_api,2026-08-17T02:56:41+00:00
2023-04-21,0001,KOSPI,2544.4,kis_api,2026-08-17T02:56:51+00:00
2023-04-21,000660,SK하이닉스,89100.0,kis_api,2026-08-17T02:56:41+00:00
2023-04-24,0001,KOSPI,2523.5,kis_api,2026-08-17T02:56:51+00:00
2023-04-24,000660,SK하이닉스,87200.0,kis_api,2026-08-17T02:56:41+00:00
2023-04-25,0001,KOSPI,2489.02,kis_api,2026-08-17T02:56:51+00:00
2023-04-25,000660,SK하이닉스,85500.0,kis_api,2026-08-17T02:56:41+00:00
2023-04-26,0001,KOSPI,2484.83,kis_api,2026-08-17T02:56:51+00:00
2023-04-26,000660,SK하이닉스,87400.0,kis_api,2026-08-17T02:56:41+00:00
2023-04-27,0001,KOSPI,2495.81,kis_api,2026-08-17T02:56:51+00:00
2023-04-27,000660,SK하이닉스,88800.0,kis_api,2026-08-17T02:56:41+00:00
2023-04-28,0001,KOSPI,2501.53,kis_api,2026-08-17T02:56:51+00:00
2023-04-28,000660,SK하이닉스,89500.0,kis_api,2026-08-17T02:56:41+00:00
2023-05-02,0001,KOSPI,2524.39,kis_api,2026-08-17T02:56:51+00:00
2023-05-02,000660,SK하이닉스,90200.0,kis_api,2026-08-17T02:56:41+00:00
2023-05-03,0001,KOSPI,2501.4,kis_api,2026-08-17T02:56:51+00:00
2023-05-03,000660,SK하이닉스,89800.0,kis_api,2026-08-17T02:56:41+00:00
2023-05-04,0001,KOSPI,2500.94,kis_api,2026-08-17T02:56:51+00:00
2023-05-04,000660,SK하이닉스,88700.0,kis_api,2026-08-17T02:56:41+00:00
2023-05-08,0001,KOSPI,2513.21,kis_api,2026-08-17T02:56:51+00:00
2023-05-08,000660,SK하이닉스,88700.0,kis_api,2026-08-17T02:56:41+00:00
2023-05-09,0001,KOSPI,2510.06,kis_api,2026-08-17T02:56:51+00:00
2023-05-09,000660,SK하이닉스,87300.0,kis_api,2026-08-17T02:56:41+00:00
2023-05-10,0001,KOSPI,2496.51,kis_api,2026-08-17T02:56:51+00:00
2023-05-10,000660,SK하이닉스,86900.0,kis_api,2026-08-17T02:56:41+00:00
2023-05-11,0001,KOSPI,2491.0,kis_api,2026-08-17T02:56:51+00:00
2023-05-11,000660,SK하이닉스,86300.0,kis_api,2026-08-17T02:56:41+00:00
2023-05-12,0001,KOSPI,2475.42,kis_api,2026-08-17T02:56:51+00:00
2023-05-12,000660,SK하이닉스,87200.0,kis_api,2026-08-17T02:56:41+00:00
2023-05-15,0001,KOSPI,2479.35,kis_api,2026-08-17T02:56:51+00:00
2023-05-15,000660,SK하이닉스,86400.0,kis_api,2026-08-17T02:56:41+00:00
2023-05-16,0001,KOSPI,2480.24,kis_api,2026-08-17T02:56:51+00:00
2023-05-16,000660,SK하이닉스,90400.0,kis_api,2026-08-17T02:56:41+00:00
2023-05-17,0001,KOSPI,2494.66,kis_api,2026-08-17T02:56:51+00:00
2023-05-17,000660,SK하이닉스,91900.0,kis_api,2026-08-17T02:56:41+00:00
2023-05-18,0001,KOSPI,2515.4,kis_api,2026-08-17T02:56:51+00:00
2023-05-18,000660,SK하이닉스,93600.0,kis_api,2026-08-17T02:56:41+00:00
2023-05-19,0001,KOSPI,2537.79,kis_api,2026-08-17T02:56:51+00:00
2023-05-19,000660,SK하이닉스,97300.0,kis_api,2026-08-17T02:56:41+00:00
2023-05-22,0001,KOSPI,2557.08,kis_api,2026-08-17T02:56:51+00:00
2023-05-22,000660,SK하이닉스,98200.0,kis_api,2026-08-17T02:56:41+00:00
2023-05-23,0001,KOSPI,2567.55,kis_api,2026-08-17T02:56:51+00:00
2023-05-23,000660,SK하이닉스,97900.0,kis_api,2026-08-17T02:56:41+00:00
2023-05-24,0001,KOSPI,2567.45,kis_api,2026-08-17T02:56:51+00:00
2023-05-24,000660,SK하이닉스,97700.0,kis_api,2026-08-17T02:56:41+00:00
2023-05-25,0001,KOSPI,2554.69,kis_api,2026-08-17T02:56:51+00:00
2023-05-25,000660,SK하이닉스,103500.0,kis_api,2026-08-17T02:56:41+00:00
2023-05-26,0001,KOSPI,2558.81,kis_api,2026-08-17T02:56:51+00:00
2023-05-26,000660,SK하이닉스,109200.0,kis_api,2026-08-17T02:56:41+00:00
2023-05-30,0001,KOSPI,2585.52,kis_api,2026-08-17T02:56:51+00:00
2023-05-30,000660,SK하이닉스,110300.0,kis_api,2026-08-17T02:56:41+00:00
2023-05-31,0001,KOSPI,2577.12,kis_api,2026-08-17T02:56:51+00:00
2023-05-31,000660,SK하이닉스,108600.0,kis_api,2026-08-17T02:56:41+00:00
2023-06-01,0001,KOSPI,2569.17,kis_api,2026-08-17T02:56:51+00:00
2023-06-01,000660,SK하이닉스,110300.0,kis_api,2026-08-17T02:56:41+00:00
2023-06-02,0001,KOSPI,2601.36,kis_api,2026-08-17T02:56:51+00:00
2023-06-02,000660,SK하이닉스,110300.0,kis_api,2026-08-17T02:56:41+00:00
2023-06-05,0001,KOSPI,2615.41,kis_api,2026-08-17T02:56:51+00:00
2023-06-05,000660,SK하이닉스,108700.0,kis_api,2026-08-17T02:56:41+00:00
2023-06-07,0001,KOSPI,2615.6,kis_api,2026-08-17T02:56:51+00:00
2023-06-07,000660,SK하이닉스,108000.0,kis_api,2026-08-17T02:56:41+00:00
2023-06-08,0001,KOSPI,2610.85,kis_api,2026-08-17T02:56:51+00:00
2023-06-08,000660,SK하이닉스,109700.0,kis_api,2026-08-17T02:56:41+00:00
2023-06-09,0001,KOSPI,2641.16,kis_api,2026-08-17T02:56:51+00:00
2023-06-09,000660,SK하이닉스,115400.0,kis_api,2026-08-17T02:56:41+00:00
2023-06-12,0001,KOSPI,2629.35,kis_api,2026-08-17T02:56:51+00:00
2023-06-12,000660,SK하이닉스,114800.0,kis_api,2026-08-17T02:56:41+00:00
2023-06-13,0001,KOSPI,2637.95,kis_api,2026-08-17T02:56:51+00:00
2023-06-13,000660,SK하이닉스,119500.0,kis_api,2026-08-17T02:56:41+00:00
2023-06-14,0001,KOSPI,2619.08,kis_api,2026-08-17T02:56:51+00:00
2023-06-14,000660,SK하이닉스,118800.0,kis_api,2026-08-17T02:56:41+00:00
2023-06-15,0001,KOSPI,2608.54,kis_api,2026-08-17T02:56:51+00:00
2023-06-15,000660,SK하이닉스,119000.0,kis_api,2026-08-17T02:56:41+00:00
2023-06-16,0001,KOSPI,2625.79,kis_api,2026-08-17T02:56:51+00:00
2023-06-16,000660,SK하이닉스,118900.0,kis_api,2026-08-17T02:56:41+00:00
2023-06-19,0001,KOSPI,2609.5,kis_api,2026-08-17T02:56:51+00:00
2023-06-19,000660,SK하이닉스,114800.0,kis_api,2026-08-17T02:56:41+00:00
2023-06-20,0001,KOSPI,2604.91,kis_api,2026-08-17T02:56:51+00:00
2023-06-20,000660,SK하이닉스,116100.0,kis_api,2026-08-17T02:56:41+00:00
2023-06-21,0001,KOSPI,2582.63,kis_api,2026-08-17T02:56:51+00:00
2023-06-21,000660,SK하이닉스,115100.0,kis_api,2026-08-17T02:56:41+00:00
2023-06-22,0001,KOSPI,2593.7,kis_api,2026-08-17T02:56:51+00:00
2023-06-22,000660,SK하이닉스,114000.0,kis_api,2026-08-17T02:56:41+00:00
2023-06-23,0001,KOSPI,2570.1,kis_api,2026-08-17T02:56:51+00:00
2023-06-23,000660,SK하이닉스,113600.0,kis_api,2026-08-17T02:56:41+00:00
2023-06-26,0001,KOSPI,2582.2,kis_api,2026-08-17T02:56:51+00:00
2023-06-26,000660,SK하이닉스,113500.0,kis_api,2026-08-17T02:56:41+00:00
2023-06-27,0001,KOSPI,2581.39,kis_api,2026-08-17T02:56:51+00:00
2023-06-27,000660,SK하이닉스,113000.0,kis_api,2026-08-17T02:56:41+00:00
2023-06-28,0001,KOSPI,2564.19,kis_api,2026-08-17T02:56:51+00:00
2023-06-28,000660,SK하이닉스,114300.0,kis_api,2026-08-17T02:56:41+00:00
2023-06-29,0001,KOSPI,2550.02,kis_api,2026-08-17T02:56:51+00:00
2023-06-29,000660,SK하이닉스,116200.0,kis_api,2026-08-17T02:56:41+00:00
2023-06-30,0001,KOSPI,2564.28,kis_api,2026-08-17T02:56:51+00:00
2023-06-30,000660,SK하이닉스,115200.0,kis_api,2026-08-17T02:56:41+00:00
2023-07-03,0001,KOSPI,2602.47,kis_api,2026-08-17T02:56:51+00:00
2023-07-03,000660,SK하이닉스,117600.0,kis_api,2026-08-17T02:56:41+00:00
2023-07-04,0001,KOSPI,2593.31,kis_api,2026-08-17T02:56:51+00:00
2023-07-04,000660,SK하이닉스,117900.0,kis_api,2026-08-17T02:56:41+00:00
2023-07-05,0001,KOSPI,2579.0,kis_api,2026-08-17T02:56:51+00:00
2023-07-05,000660,SK하이닉스,116700.0,kis_api,2026-08-17T02:56:41+00:00
2023-07-06,0001,KOSPI,2556.29,kis_api,2026-08-17T02:56:51+00:00
2023-07-06,000660,SK하이닉스,113800.0,kis_api,2026-08-17T02:56:41+00:00
2023-07-07,0001,KOSPI,2526.71,kis_api,2026-08-17T02:56:51+00:00
2023-07-07,000660,SK하이닉스,111800.0,kis_api,2026-08-17T02:56:41+00:00
2023-07-10,0001,KOSPI,2520.7,kis_api,2026-08-17T02:56:51+00:00
2023-07-10,000660,SK하이닉스,110300.0,kis_api,2026-08-17T02:56:41+00:00
2023-07-11,0001,KOSPI,2562.49,kis_api,2026-08-17T02:56:51+00:00
2023-07-11,000660,SK하이닉스,113400.0,kis_api,2026-08-17T02:56:41+00:00
2023-07-12,0001,KOSPI,2574.72,kis_api,2026-08-17T02:56:51+00:00
2023-07-12,000660,SK하이닉스,115400.0,kis_api,2026-08-17T02:56:41+00:00
2023-07-13,0001,KOSPI,2591.23,kis_api,2026-08-17T02:56:51+00:00
2023-07-13,000660,SK하이닉스,114100.0,kis_api,2026-08-17T02:56:41+00:00
2023-07-14,0001,KOSPI,2628.3,kis_api,2026-08-17T02:56:51+00:00
2023-07-14,000660,SK하이닉스,118000.0,kis_api,2026-08-17T02:56:41+00:00
2023-07-17,0001,KOSPI,2619.0,kis_api,2026-08-17T02:56:51+00:00
2023-07-17,000660,SK하이닉스,117200.0,kis_api,2026-08-17T02:56:41+00:00
2023-07-18,0001,KOSPI,2607.62,kis_api,2026-08-17T02:56:51+00:00
2023-07-18,000660,SK하이닉스,117800.0,kis_api,2026-08-17T02:56:41+00:00
2023-07-19,0001,KOSPI,2608.24,kis_api,2026-08-17T02:56:51+00:00
2023-07-19,000660,SK하이닉스,117500.0,kis_api,2026-08-17T02:56:41+00:00
2023-07-20,0001,KOSPI,2600.23,kis_api,2026-08-17T02:56:51+00:00
2023-07-20,000660,SK하이닉스,116900.0,kis_api,2026-08-17T02:56:41+00:00
2023-07-21,0001,KOSPI,2609.76,kis_api,2026-08-17T02:56:51+00:00
2023-07-21,000660,SK하이닉스,115100.0,kis_api,2026-08-17T02:56:41+00:00
2023-07-24,0001,KOSPI,2628.53,kis_api,2026-08-17T02:56:51+00:00
2023-07-24,000660,SK하이닉스,114000.0,kis_api,2026-08-17T02:56:41+00:00
2023-07-25,0001,KOSPI,2636.46,kis_api,2026-08-17T02:56:51+00:00
2023-07-25,000660,SK하이닉스,113400.0,kis_api,2026-08-17T02:56:41+00:00
2023-07-26,0001,KOSPI,2592.36,kis_api,2026-08-17T02:56:51+00:00
2023-07-26,000660,SK하이닉스,113000.0,kis_api,2026-08-17T02:56:41+00:00
2023-07-27,0001,KOSPI,2603.81,kis_api,2026-08-17T02:56:51+00:00
2023-07-27,000660,SK하이닉스,124000.0,kis_api,2026-08-17T02:56:41+00:00
2023-07-28,0001,KOSPI,2608.32,kis_api,2026-08-17T02:56:51+00:00
2023-07-28,000660,SK하이닉스,128000.0,kis_api,2026-08-17T02:56:41+00:00
2023-07-31,0001,KOSPI,2632.58,kis_api,2026-08-17T02:56:51+00:00
2023-07-31,000660,SK하이닉스,123400.0,kis_api,2026-08-17T02:56:41+00:00
2023-08-01,0001,KOSPI,2667.07,kis_api,2026-08-17T02:56:51+00:00
2023-08-01,000660,SK하이닉스,125100.0,kis_api,2026-08-17T02:56:41+00:00
2023-08-02,0001,KOSPI,2616.47,kis_api,2026-08-17T02:56:51+00:00
2023-08-02,000660,SK하이닉스,119500.0,kis_api,2026-08-17T02:56:41+00:00
2023-08-03,0001,KOSPI,2605.39,kis_api,2026-08-17T02:56:51+00:00
2023-08-03,000660,SK하이닉스,120000.0,kis_api,2026-08-17T02:56:41+00:00
2023-08-04,0001,KOSPI,2602.8,kis_api,2026-08-17T02:56:51+00:00
2023-08-04,000660,SK하이닉스,120100.0,kis_api,2026-08-17T02:56:41+00:00
2023-08-07,0001,KOSPI,2580.71,kis_api,2026-08-17T02:56:51+00:00
2023-08-07,000660,SK하이닉스,121900.0,kis_api,2026-08-17T02:56:41+00:00
2023-08-08,0001,KOSPI,2573.98,kis_api,2026-08-17T02:56:51+00:00
2023-08-08,000660,SK하이닉스,118600.0,kis_api,2026-08-17T02:56:41+00:00
2023-08-09,0001,KOSPI,2605.12,kis_api,2026-08-17T02:56:51+00:00
2023-08-09,000660,SK하이닉스,118500.0,kis_api,2026-08-17T02:56:41+00:00
2023-08-10,0001,KOSPI,2601.56,kis_api,2026-08-17T02:56:51+00:00
2023-08-10,000660,SK하이닉스,118500.0,kis_api,2026-08-17T02:56:41+00:00
2023-08-11,0001,KOSPI,2591.26,kis_api,2026-08-17T02:56:51+00:00
2023-08-11,000660,SK하이닉스,115300.0,kis_api,2026-08-17T02:56:41+00:00
2023-08-14,0001,KOSPI,2570.87,kis_api,2026-08-17T02:56:51+00:00
2023-08-14,000660,SK하이닉스,114900.0,kis_api,2026-08-17T02:56:41+00:00
2023-08-16,0001,KOSPI,2525.64,kis_api,2026-08-17T02:56:51+00:00
2023-08-16,000660,SK하이닉스,115800.0,kis_api,2026-08-17T02:56:41+00:00
2023-08-17,0001,KOSPI,2519.85,kis_api,2026-08-17T02:56:51+00:00
2023-08-17,000660,SK하이닉스,114800.0,kis_api,2026-08-17T02:56:41+00:00
2023-08-18,0001,KOSPI,2504.5,kis_api,2026-08-17T02:56:51+00:00
2023-08-18,000660,SK하이닉스,117200.0,kis_api,2026-08-17T02:56:41+00:00
2023-08-21,0001,KOSPI,2508.8,kis_api,2026-08-17T02:56:51+00:00
2023-08-21,000660,SK하이닉스,116400.0,kis_api,2026-08-17T02:56:41+00:00
2023-08-22,0001,KOSPI,2515.74,kis_api,2026-08-17T02:56:51+00:00
2023-08-22,000660,SK하이닉스,116500.0,kis_api,2026-08-17T02:56:41+00:00
2023-08-23,0001,KOSPI,2505.5,kis_api,2026-08-17T02:56:51+00:00
2023-08-23,000660,SK하이닉스,116000.0,kis_api,2026-08-17T02:56:41+00:00
2023-08-24,0001,KOSPI,2537.68,kis_api,2026-08-17T02:56:51+00:00
2023-08-24,000660,SK하이닉스,120900.0,kis_api,2026-08-17T02:56:41+00:00
2023-08-25,0001,KOSPI,2519.14,kis_api,2026-08-17T02:56:51+00:00
2023-08-25,000660,SK하이닉스,116500.0,kis_api,2026-08-17T02:56:41+00:00
2023-08-28,0001,KOSPI,2543.41,kis_api,2026-08-17T02:56:51+00:00
2023-08-28,000660,SK하이닉스,115900.0,kis_api,2026-08-17T02:56:41+00:00
2023-08-29,0001,KOSPI,2552.16,kis_api,2026-08-17T02:56:51+00:00
2023-08-29,000660,SK하이닉스,118600.0,kis_api,2026-08-17T02:56:41+00:00
2023-08-30,0001,KOSPI,2561.22,kis_api,2026-08-17T02:56:51+00:00
2023-08-30,000660,SK하이닉스,119400.0,kis_api,2026-08-17T02:56:41+00:00
2023-08-31,0001,KOSPI,2556.27,kis_api,2026-08-17T02:56:51+00:00
2023-08-31,000660,SK하이닉스,121800.0,kis_api,2026-08-17T02:56:41+00:00
2023-09-01,0001,KOSPI,2563.71,kis_api,2026-08-17T02:56:51+00:00
2023-09-01,000660,SK하이닉스,120000.0,kis_api,2026-08-17T02:56:41+00:00
2023-09-04,0001,KOSPI,2584.55,kis_api,2026-08-17T02:56:51+00:00
2023-09-04,000660,SK하이닉스,119200.0,kis_api,2026-08-17T02:56:41+00:00
2023-09-05,0001,KOSPI,2582.18,kis_api,2026-08-17T02:56:51+00:00
2023-09-05,000660,SK하이닉스,119400.0,kis_api,2026-08-17T02:56:41+00:00
2023-09-06,0001,KOSPI,2563.34,kis_api,2026-08-17T02:56:51+00:00
2023-09-06,000660,SK하이닉스,118200.0,kis_api,2026-08-17T02:56:41+00:00
2023-09-07,0001,KOSPI,2548.26,kis_api,2026-08-17T02:56:51+00:00
2023-09-07,000660,SK하이닉스,118500.0,kis_api,2026-08-17T02:56:41+00:00
2023-09-08,0001,KOSPI,2547.68,kis_api,2026-08-17T02:56:51+00:00
2023-09-08,000660,SK하이닉스,113700.0,kis_api,2026-08-17T02:56:41+00:00
2023-09-11,0001,KOSPI,2556.88,kis_api,2026-08-17T02:56:51+00:00
2023-09-11,000660,SK하이닉스,115900.0,kis_api,2026-08-17T02:56:41+00:00
2023-09-12,0001,KOSPI,2536.58,kis_api,2026-08-17T02:56:51+00:00
2023-09-12,000660,SK하이닉스,116700.0,kis_api,2026-08-17T02:56:41+00:00
2023-09-13,0001,KOSPI,2534.7,kis_api,2026-08-17T02:56:51+00:00
2023-09-13,000660,SK하이닉스,118500.0,kis_api,2026-08-17T02:56:41+00:00
2023-09-14,0001,KOSPI,2572.89,kis_api,2026-08-17T02:56:51+00:00
2023-09-14,000660,SK하이닉스,122200.0,kis_api,2026-08-17T02:56:41+00:00
2023-09-15,0001,KOSPI,2601.28,kis_api,2026-08-17T02:56:51+00:00
2023-09-15,000660,SK하이닉스,122400.0,kis_api,2026-08-17T02:56:41+00:00
2023-09-18,0001,KOSPI,2574.72,kis_api,2026-08-17T02:56:51+00:00
2023-09-18,000660,SK하이닉스,119000.0,kis_api,2026-08-17T02:56:41+00:00
2023-09-19,0001,KOSPI,2559.21,kis_api,2026-08-17T02:56:51+00:00
2023-09-19,000660,SK하이닉스,119200.0,kis_api,2026-08-17T02:56:41+00:00
2023-09-20,0001,KOSPI,2559.74,kis_api,2026-08-17T02:56:51+00:00
2023-09-20,000660,SK하이닉스,118000.0,kis_api,2026-08-17T02:56:41+00:00
2023-09-21,0001,KOSPI,2514.97,kis_api,2026-08-17T02:56:51+00:00
2023-09-21,000660,SK하이닉스,116500.0,kis_api,2026-08-17T02:56:41+00:00
2023-09-22,0001,KOSPI,2508.13,kis_api,2026-08-17T02:56:51+00:00
2023-09-22,000660,SK하이닉스,117300.0,kis_api,2026-08-17T02:56:41+00:00
2023-09-25,0001,KOSPI,2495.76,kis_api,2026-08-17T02:56:51+00:00
2023-09-25,000660,SK하이닉스,117000.0,kis_api,2026-08-17T02:56:41+00:00
2023-09-26,0001,KOSPI,2462.97,kis_api,2026-08-17T02:56:51+00:00
2023-09-26,000660,SK하이닉스,115000.0,kis_api,2026-08-17T02:56:41+00:00
2023-09-27,0001,KOSPI,2465.07,kis_api,2026-08-17T02:56:51+00:00
2023-09-27,000660,SK하이닉스,114700.0,kis_api,2026-08-17T02:56:41+00:00
2023-10-04,0001,KOSPI,2405.69,kis_api,2026-08-17T02:56:51+00:00
2023-10-04,000660,SK하이닉스,115400.0,kis_api,2026-08-17T02:56:41+00:00
2023-10-05,0001,KOSPI,2403.6,kis_api,2026-08-17T02:56:51+00:00
2023-10-05,000660,SK하이닉스,120200.0,kis_api,2026-08-17T02:56:41+00:00
2023-10-06,0001,KOSPI,2408.73,kis_api,2026-08-17T02:56:51+00:00
2023-10-06,000660,SK하이닉스,120400.0,kis_api,2026-08-17T02:56:41+00:00
2023-10-10,0001,KOSPI,2402.58,kis_api,2026-08-17T02:56:51+00:00
2023-10-10,000660,SK하이닉스,119500.0,kis_api,2026-08-17T02:56:41+00:00
2023-10-11,0001,KOSPI,2450.08,kis_api,2026-08-17T02:56:51+00:00
2023-10-11,000660,SK하이닉스,119200.0,kis_api,2026-08-17T02:56:41+00:00
2023-10-12,0001,KOSPI,2479.82,kis_api,2026-08-17T02:56:51+00:00
2023-10-12,000660,SK하이닉스,124200.0,kis_api,2026-08-17T02:56:41+00:00
2023-10-13,0001,KOSPI,2456.15,kis_api,2026-08-17T02:56:51+00:00
2023-10-13,000660,SK하이닉스,124700.0,kis_api,2026-08-17T02:56:41+00:00
2023-10-16,0001,KOSPI,2436.24,kis_api,2026-08-17T02:56:51+00:00
2023-10-16,000660,SK하이닉스,124100.0,kis_api,2026-08-17T02:56:41+00:00
2023-10-17,0001,KOSPI,2460.17,kis_api,2026-08-17T02:56:51+00:00
2023-10-17,000660,SK하이닉스,130000.0,kis_api,2026-08-17T02:56:41+00:00
2023-10-18,0001,KOSPI,2462.6,kis_api,2026-08-17T02:56:51+00:00
2023-10-18,000660,SK하이닉스,130000.0,kis_api,2026-08-17T02:56:41+00:00
2023-10-19,0001,KOSPI,2415.8,kis_api,2026-08-17T02:56:51+00:00
2023-10-19,000660,SK하이닉스,125700.0,kis_api,2026-08-17T02:56:41+00:00
2023-10-20,0001,KOSPI,2375.0,kis_api,2026-08-17T02:56:51+00:00
2023-10-20,000660,SK하이닉스,126200.0,kis_api,2026-08-17T02:56:41+00:00
2023-10-23,0001,KOSPI,2357.02,kis_api,2026-08-17T02:56:51+00:00
2023-10-23,000660,SK하이닉스,124000.0,kis_api,2026-08-17T02:56:41+00:00
2023-10-24,0001,KOSPI,2383.51,kis_api,2026-08-17T02:56:51+00:00
2023-10-24,000660,SK하이닉스,126800.0,kis_api,2026-08-17T02:56:41+00:00
2023-10-25,0001,KOSPI,2363.17,kis_api,2026-08-17T02:56:51+00:00
2023-10-25,000660,SK하이닉스,127500.0,kis_api,2026-08-17T02:56:41+00:00
2023-10-26,0001,KOSPI,2299.08,kis_api,2026-08-17T02:56:51+00:00
2023-10-26,000660,SK하이닉스,120000.0,kis_api,2026-08-17T02:56:41+00:00
2023-10-27,0001,KOSPI,2302.81,kis_api,2026-08-17T02:56:51+00:00
2023-10-27,000660,SK하이닉스,119100.0,kis_api,2026-08-17T02:56:41+00:00
2023-10-30,0001,KOSPI,2310.55,kis_api,2026-08-17T02:56:51+00:00
2023-10-30,000660,SK하이닉스,119100.0,kis_api,2026-08-17T02:56:41+00:00
2023-10-31,0001,KOSPI,2277.99,kis_api,2026-08-17T02:56:51+00:00
2023-10-31,000660,SK하이닉스,116300.0,kis_api,2026-08-17T02:56:41+00:00
2023-11-01,0001,KOSPI,2301.56,kis_api,2026-08-17T02:56:51+00:00
2023-11-01,000660,SK하이닉스,120300.0,kis_api,2026-08-17T02:56:41+00:00
2023-11-02,0001,KOSPI,2343.12,kis_api,2026-08-17T02:56:51+00:00
2023-11-02,000660,SK하이닉스,125300.0,kis_api,2026-08-17T02:56:41+00:00
2023-11-03,0001,KOSPI,2368.34,kis_api,2026-08-17T02:56:51+00:00
2023-11-03,000660,SK하이닉스,125800.0,kis_api,2026-08-17T02:56:41+00:00
2023-11-06,0001,KOSPI,2502.37,kis_api,2026-08-17T02:56:51+00:00
2023-11-06,000660,SK하이닉스,133000.0,kis_api,2026-08-17T02:56:41+00:00
2023-11-07,0001,KOSPI,2443.96,kis_api,2026-08-17T02:56:51+00:00
2023-11-07,000660,SK하이닉스,130400.0,kis_api,2026-08-17T02:56:41+00:00
2023-11-08,0001,KOSPI,2421.62,kis_api,2026-08-17T02:56:51+00:00
2023-11-08,000660,SK하이닉스,127600.0,kis_api,2026-08-17T02:56:41+00:00
2023-11-09,0001,KOSPI,2427.08,kis_api,2026-08-17T02:56:51+00:00
2023-11-09,000660,SK하이닉스,128000.0,kis_api,2026-08-17T02:56:41+00:00
2023-11-10,0001,KOSPI,2409.66,kis_api,2026-08-17T02:56:51+00:00
2023-11-10,000660,SK하이닉스,130500.0,kis_api,2026-08-17T02:56:41+00:00
2023-11-13,0001,KOSPI,2403.76,kis_api,2026-08-17T02:56:51+00:00
2023-11-13,000660,SK하이닉스,131800.0,kis_api,2026-08-17T02:56:41+00:00
2023-11-14,0001,KOSPI,2433.25,kis_api,2026-08-17T02:56:51+00:00
2023-11-14,000660,SK하이닉스,130000.0,kis_api,2026-08-17T02:56:41+00:00
2023-11-15,0001,KOSPI,2486.67,kis_api,2026-08-17T02:56:51+00:00
2023-11-15,000660,SK하이닉스,134100.0,kis_api,2026-08-17T02:56:41+00:00
2023-11-16,0001,KOSPI,2488.18,kis_api,2026-08-17T02:56:51+00:00
2023-11-16,000660,SK하이닉스,132300.0,kis_api,2026-08-17T02:56:41+00:00
2023-11-17,0001,KOSPI,2469.85,kis_api,2026-08-17T02:56:51+00:00
2023-11-17,000660,SK하이닉스,129900.0,kis_api,2026-08-17T02:56:41+00:00
2023-11-20,0001,KOSPI,2491.2,kis_api,2026-08-17T02:56:51+00:00
2023-11-20,000660,SK하이닉스,131400.0,kis_api,2026-08-17T02:56:41+00:00
2023-11-21,0001,KOSPI,2510.42,kis_api,2026-08-17T02:56:51+00:00
2023-11-21,000660,SK하이닉스,132000.0,kis_api,2026-08-17T02:56:41+00:00
2023-11-22,0001,KOSPI,2511.7,kis_api,2026-08-17T02:56:51+00:00
2023-11-22,000660,SK하이닉스,131300.0,kis_api,2026-08-17T02:56:41+00:00
2023-11-23,0001,KOSPI,2514.96,kis_api,2026-08-17T02:56:51+00:00
2023-11-23,000660,SK하이닉스,130100.0,kis_api,2026-08-17T02:56:41+00:00
2023-11-24,0001,KOSPI,2496.63,kis_api,2026-08-17T02:56:51+00:00
2023-11-24,000660,SK하이닉스,128000.0,kis_api,2026-08-17T02:56:41+00:00
2023-11-27,0001,KOSPI,2495.66,kis_api,2026-08-17T02:56:51+00:00
2023-11-27,000660,SK하이닉스,130700.0,kis_api,2026-08-17T02:56:41+00:00
2023-11-28,0001,KOSPI,2521.76,kis_api,2026-08-17T02:56:51+00:00
2023-11-28,000660,SK하이닉스,131400.0,kis_api,2026-08-17T02:56:41+00:00
2023-11-29,0001,KOSPI,2519.81,kis_api,2026-08-17T02:56:51+00:00
2023-11-29,000660,SK하이닉스,130400.0,kis_api,2026-08-17T02:56:41+00:00
2023-11-30,0001,KOSPI,2535.29,kis_api,2026-08-17T02:56:51+00:00
2023-11-30,000660,SK하이닉스,133900.0,kis_api,2026-08-17T02:56:41+00:00
2023-12-01,0001,KOSPI,2505.01,kis_api,2026-08-17T02:56:51+00:00
2023-12-01,000660,SK하이닉스,132600.0,kis_api,2026-08-17T02:56:41+00:00
2023-12-04,0001,KOSPI,2514.95,kis_api,2026-08-17T02:56:51+00:00
2023-12-04,000660,SK하이닉스,131100.0,kis_api,2026-08-17T02:56:41+00:00
2023-12-05,0001,KOSPI,2494.28,kis_api,2026-08-17T02:56:51+00:00
2023-12-05,000660,SK하이닉스,125900.0,kis_api,2026-08-17T02:56:41+00:00
2023-12-06,0001,KOSPI,2495.38,kis_api,2026-08-17T02:56:51+00:00
2023-12-06,000660,SK하이닉스,125600.0,kis_api,2026-08-17T02:56:41+00:00
2023-12-07,0001,KOSPI,2492.07,kis_api,2026-08-17T02:56:51+00:00
2023-12-07,000660,SK하이닉스,125600.0,kis_api,2026-08-17T02:56:41+00:00
2023-12-08,0001,KOSPI,2517.85,kis_api,2026-08-17T02:56:51+00:00
2023-12-08,000660,SK하이닉스,127500.0,kis_api,2026-08-17T02:56:41+00:00
2023-12-11,0001,KOSPI,2525.36,kis_api,2026-08-17T02:56:51+00:00
2023-12-11,000660,SK하이닉스,128900.0,kis_api,2026-08-17T02:56:41+00:00
2023-12-12,0001,KOSPI,2535.27,kis_api,2026-08-17T02:56:51+00:00
2023-12-12,000660,SK하이닉스,131000.0,kis_api,2026-08-17T02:56:41+00:00
2023-12-13,0001,KOSPI,2510.66,kis_api,2026-08-17T02:56:51+00:00
2023-12-13,000660,SK하이닉스,131200.0,kis_api,2026-08-17T02:56:41+00:00
2023-12-14,0001,KOSPI,2544.18,kis_api,2026-08-17T02:56:51+00:00
2023-12-14,000660,SK하이닉스,136700.0,kis_api,2026-08-17T02:56:41+00:00
2023-12-15,0001,KOSPI,2563.56,kis_api,2026-08-17T02:56:51+00:00
2023-12-15,000660,SK하이닉스,140000.0,kis_api,2026-08-17T02:56:41+00:00
2023-12-18,0001,KOSPI,2566.86,kis_api,2026-08-17T02:56:51+00:00
2023-12-18,000660,SK하이닉스,140000.0,kis_api,2026-08-17T02:56:41+00:00
2023-12-19,0001,KOSPI,2568.55,kis_api,2026-08-17T02:56:51+00:00
2023-12-19,000660,SK하이닉스,138200.0,kis_api,2026-08-17T02:56:41+00:00
2023-12-20,0001,KOSPI,2614.3,kis_api,2026-08-17T02:56:51+00:00
2023-12-20,000660,SK하이닉스,140500.0,kis_api,2026-08-17T02:56:41+00:00
2023-12-21,0001,KOSPI,2600.02,kis_api,2026-08-17T02:56:51+00:00
2023-12-21,000660,SK하이닉스,140500.0,kis_api,2026-08-17T02:56:41+00:00
2023-12-22,0001,KOSPI,2599.51,kis_api,2026-08-17T02:56:51+00:00
2023-12-22,000660,SK하이닉스,140600.0,kis_api,2026-08-17T02:56:41+00:00
2023-12-26,0001,KOSPI,2602.59,kis_api,2026-08-17T02:56:51+00:00
2023-12-26,000660,SK하이닉스,140900.0,kis_api,2026-08-17T02:56:41+00:00
2023-12-27,0001,KOSPI,2613.5,kis_api,2026-08-17T02:56:51+00:00
2023-12-27,000660,SK하이닉스,140400.0,kis_api,2026-08-17T02:56:41+00:00
2023-12-28,0001,KOSPI,2655.28,kis_api,2026-08-17T02:56:51+00:00
2023-12-28,000660,SK하이닉스,141500.0,kis_api,2026-08-17T02:56:41+00:00
2024-01-02,0001,KOSPI,2669.81,kis_api,2026-08-17T02:56:51+00:00
2024-01-02,000660,SK하이닉스,142400.0,kis_api,2026-08-17T02:56:41+00:00
2024-01-03,0001,KOSPI,2607.31,kis_api,2026-08-17T02:56:51+00:00
2024-01-03,000660,SK하이닉스,136800.0,kis_api,2026-08-17T02:56:41+00:00
2024-01-04,0001,KOSPI,2587.02,kis_api,2026-08-17T02:56:51+00:00
2024-01-04,000660,SK하이닉스,136400.0,kis_api,2026-08-17T02:56:41+00:00
2024-01-05,0001,KOSPI,2578.08,kis_api,2026-08-17T02:56:51+00:00
2024-01-05,000660,SK하이닉스,137500.0,kis_api,2026-08-17T02:56:41+00:00
2024-01-08,0001,KOSPI,2567.82,kis_api,2026-08-17T02:56:51+00:00
2024-01-08,000660,SK하이닉스,136000.0,kis_api,2026-08-17T02:56:41+00:00
2024-01-09,0001,KOSPI,2561.24,kis_api,2026-08-17T02:56:51+00:00
2024-01-09,000660,SK하이닉스,137400.0,kis_api,2026-08-17T02:56:41+00:00
2024-01-10,0001,KOSPI,2541.98,kis_api,2026-08-17T02:56:51+00:00
2024-01-10,000660,SK하이닉스,133500.0,kis_api,2026-08-17T02:56:41+00:00
2024-01-11,0001,KOSPI,2540.27,kis_api,2026-08-17T02:56:51+00:00
2024-01-11,000660,SK하이닉스,136000.0,kis_api,2026-08-17T02:56:41+00:00
2024-01-12,0001,KOSPI,2525.05,kis_api,2026-08-17T02:56:51+00:00
2024-01-12,000660,SK하이닉스,134100.0,kis_api,2026-08-17T02:56:41+00:00
2024-01-15,0001,KOSPI,2525.99,kis_api,2026-08-17T02:56:51+00:00
2024-01-15,000660,SK하이닉스,134100.0,kis_api,2026-08-17T02:56:41+00:00
2024-01-16,0001,KOSPI,2497.59,kis_api,2026-08-17T02:56:51+00:00
2024-01-16,000660,SK하이닉스,132100.0,kis_api,2026-08-17T02:56:41+00:00
2024-01-17,0001,KOSPI,2435.9,kis_api,2026-08-17T02:56:51+00:00
2024-01-17,000660,SK하이닉스,131000.0,kis_api,2026-08-17T02:56:41+00:00
2024-01-18,0001,KOSPI,2440.04,kis_api,2026-08-17T02:56:51+00:00
2024-01-18,000660,SK하이닉스,136200.0,kis_api,2026-08-17T02:56:41+00:00
2024-01-19,0001,KOSPI,2472.74,kis_api,2026-08-17T02:56:51+00:00
2024-01-19,000660,SK하이닉스,141300.0,kis_api,2026-08-17T02:56:41+00:00
2024-01-22,0001,KOSPI,2464.35,kis_api,2026-08-17T02:56:51+00:00
2024-01-22,000660,SK하이닉스,142600.0,kis_api,2026-08-17T02:56:41+00:00
2024-01-23,0001,KOSPI,2478.61,kis_api,2026-08-17T02:56:51+00:00
2024-01-23,000660,SK하이닉스,140800.0,kis_api,2026-08-17T02:56:41+00:00
2024-01-24,0001,KOSPI,2469.69,kis_api,2026-08-17T02:56:51+00:00
2024-01-24,000660,SK하이닉스,141500.0,kis_api,2026-08-17T02:56:41+00:00
2024-01-25,0001,KOSPI,2470.34,kis_api,2026-08-17T02:56:51+00:00
2024-01-25,000660,SK하이닉스,137400.0,kis_api,2026-08-17T02:56:41+00:00
2024-01-26,0001,KOSPI,2478.56,kis_api,2026-08-17T02:56:51+00:00
2024-01-26,000660,SK하이닉스,136000.0,kis_api,2026-08-17T02:56:41+00:00
2024-01-29,0001,KOSPI,2500.65,kis_api,2026-08-17T02:56:51+00:00
2024-01-29,000660,SK하이닉스,135000.0,kis_api,2026-08-17T02:56:41+00:00
2024-01-30,0001,KOSPI,2498.81,kis_api,2026-08-17T02:56:51+00:00
2024-01-30,000660,SK하이닉스,136900.0,kis_api,2026-08-17T02:56:41+00:00
2024-01-31,0001,KOSPI,2497.09,kis_api,2026-08-17T02:56:51+00:00
2024-01-31,000660,SK하이닉스,134700.0,kis_api,2026-08-17T02:56:41+00:00
2024-02-01,0001,KOSPI,2542.46,kis_api,2026-08-17T02:56:51+00:00
2024-02-01,000660,SK하이닉스,132700.0,kis_api,2026-08-17T02:56:41+00:00
2024-02-02,0001,KOSPI,2615.31,kis_api,2026-08-17T02:56:51+00:00
2024-02-02,000660,SK하이닉스,134900.0,kis_api,2026-08-17T02:56:41+00:00
2024-02-05,0001,KOSPI,2591.31,kis_api,2026-08-17T02:56:51+00:00
2024-02-05,000660,SK하이닉스,132300.0,kis_api,2026-08-17T02:56:41+00:00
2024-02-06,0001,KOSPI,2576.2,kis_api,2026-08-17T02:56:51+00:00
2024-02-06,000660,SK하이닉스,138000.0,kis_api,2026-08-17T02:56:41+00:00
2024-02-07,0001,KOSPI,2609.58,kis_api,2026-08-17T02:56:51+00:00
2024-02-07,000660,SK하이닉스,138000.0,kis_api,2026-08-17T02:56:41+00:00
2024-02-08,0001,KOSPI,2620.32,kis_api,2026-08-17T02:56:51+00:00
2024-02-08,000660,SK하이닉스,142800.0,kis_api,2026-08-17T02:56:41+00:00
2024-02-13,0001,KOSPI,2649.64,kis_api,2026-08-17T02:56:51+00:00
2024-02-13,000660,SK하이닉스,150000.0,kis_api,2026-08-17T02:56:41+00:00
2024-02-14,0001,KOSPI,2620.42,kis_api,2026-08-17T02:56:51+00:00
2024-02-14,000660,SK하이닉스,148700.0,kis_api,2026-08-17T02:56:41+00:00
2024-02-15,0001,KOSPI,2613.8,kis_api,2026-08-17T02:56:51+00:00
2024-02-15,000660,SK하이닉스,148700.0,kis_api,2026-08-17T02:56:41+00:00
2024-02-16,0001,KOSPI,2648.76,kis_api,2026-08-17T02:56:51+00:00
2024-02-16,000660,SK하이닉스,146800.0,kis_api,2026-08-17T02:56:41+00:00
2024-02-19,0001,KOSPI,2680.26,kis_api,2026-08-17T02:56:51+00:00
2024-02-19,000660,SK하이닉스,151300.0,kis_api,2026-08-17T02:56:41+00:00
2024-02-20,0001,KOSPI,2657.79,kis_api,2026-08-17T02:56:51+00:00
2024-02-20,000660,SK하이닉스,149600.0,kis_api,2026-08-17T02:56:41+00:00
2024-02-21,0001,KOSPI,2653.31,kis_api,2026-08-17T02:56:51+00:00
2024-02-21,000660,SK하이닉스,149000.0,kis_api,2026-08-17T02:56:41+00:00
2024-02-22,0001,KOSPI,2664.27,kis_api,2026-08-17T02:56:51+00:00
2024-02-22,000660,SK하이닉스,156500.0,kis_api,2026-08-17T02:56:41+00:00
2024-02-23,0001,KOSPI,2667.7,kis_api,2026-08-17T02:56:51+00:00
2024-02-23,000660,SK하이닉스,161400.0,kis_api,2026-08-17T02:56:41+00:00
2024-02-26,0001,KOSPI,2647.08,kis_api,2026-08-17T02:56:51+00:00
2024-02-26,000660,SK하이닉스,161800.0,kis_api,2026-08-17T02:56:41+00:00
2024-02-27,0001,KOSPI,2625.05,kis_api,2026-08-17T02:56:51+00:00
2024-02-27,000660,SK하이닉스,153800.0,kis_api,2026-08-17T02:56:41+00:00
2024-02-28,0001,KOSPI,2652.29,kis_api,2026-08-17T02:56:51+00:00
2024-02-28,000660,SK하이닉스,158000.0,kis_api,2026-08-17T02:56:41+00:00
2024-02-29,0001,KOSPI,2642.36,kis_api,2026-08-17T02:56:51+00:00
2024-02-29,000660,SK하이닉스,156200.0,kis_api,2026-08-17T02:56:41+00:00
2024-03-04,0001,KOSPI,2674.27,kis_api,2026-08-17T02:56:51+00:00
2024-03-04,000660,SK하이닉스,166500.0,kis_api,2026-08-17T02:56:41+00:00
2024-03-05,0001,KOSPI,2649.4,kis_api,2026-08-17T02:56:51+00:00
2024-03-05,000660,SK하이닉스,165800.0,kis_api,2026-08-17T02:56:41+00:00
2024-03-06,0001,KOSPI,2641.49,kis_api,2026-08-17T02:56:51+00:00
2024-03-06,000660,SK하이닉스,162900.0,kis_api,2026-08-17T02:56:41+00:00
2024-03-07,0001,KOSPI,2647.62,kis_api,2026-08-17T02:56:51+00:00
2024-03-07,000660,SK하이닉스,164900.0,kis_api,2026-08-17T02:56:41+00:00
2024-03-08,0001,KOSPI,2680.35,kis_api,2026-08-17T02:56:51+00:00
2024-03-08,000660,SK하이닉스,171900.0,kis_api,2026-08-17T02:56:41+00:00
2024-03-11,0001,KOSPI,2659.84,kis_api,2026-08-17T02:56:51+00:00
2024-03-11,000660,SK하이닉스,166600.0,kis_api,2026-08-17T02:56:41+00:00
2024-03-12,0001,KOSPI,2681.81,kis_api,2026-08-17T02:56:51+00:00
2024-03-12,000660,SK하이닉스,165700.0,kis_api,2026-08-17T02:56:41+00:00
2024-03-13,0001,KOSPI,2693.57,kis_api,2026-08-17T02:56:51+00:00
2024-03-13,000660,SK하이닉스,163600.0,kis_api,2026-08-17T02:56:41+00:00
2024-03-14,0001,KOSPI,2718.76,kis_api,2026-08-17T02:56:51+00:00
2024-03-14,000660,SK하이닉스,161900.0,kis_api,2026-08-17T02:56:41+00:00
2024-03-15,0001,KOSPI,2666.84,kis_api,2026-08-17T02:56:51+00:00
2024-03-15,000660,SK하이닉스,161200.0,kis_api,2026-08-17T02:56:41+00:00
2024-03-18,0001,KOSPI,2685.84,kis_api,2026-08-17T02:56:51+00:00
2024-03-18,000660,SK하이닉스,164300.0,kis_api,2026-08-17T02:56:41+00:00
2024-03-19,0001,KOSPI,2656.17,kis_api,2026-08-17T02:56:51+00:00
2024-03-19,000660,SK하이닉스,160200.0,kis_api,2026-08-17T02:56:41+00:00
2024-03-20,0001,KOSPI,2690.14,kis_api,2026-08-17T02:56:51+00:00
2024-03-20,000660,SK하이닉스,156500.0,kis_api,2026-08-17T02:56:41+00:00
2024-03-21,0001,KOSPI,2754.86,kis_api,2026-08-17T02:56:51+00:00
2024-03-21,000660,SK하이닉스,170000.0,kis_api,2026-08-17T02:56:41+00:00
2024-03-22,0001,KOSPI,2748.56,kis_api,2026-08-17T02:56:51+00:00
2024-03-22,000660,SK하이닉스,169800.0,kis_api,2026-08-17T02:56:41+00:00
2024-03-25,0001,KOSPI,2737.57,kis_api,2026-08-17T02:56:51+00:00
2024-03-25,000660,SK하이닉스,169400.0,kis_api,2026-08-17T02:56:41+00:00
2024-03-26,0001,KOSPI,2757.09,kis_api,2026-08-17T02:56:51+00:00
2024-03-26,000660,SK하이닉스,176600.0,kis_api,2026-08-17T02:56:41+00:00
2024-03-27,0001,KOSPI,2755.11,kis_api,2026-08-17T02:56:51+00:00
2024-03-27,000660,SK하이닉스,181200.0,kis_api,2026-08-17T02:56:41+00:00
2024-03-28,0001,KOSPI,2745.82,kis_api,2026-08-17T02:56:51+00:00
2024-03-28,000660,SK하이닉스,178200.0,kis_api,2026-08-17T02:56:41+00:00
2024-03-29,0001,KOSPI,2746.63,kis_api,2026-08-17T02:56:51+00:00
2024-03-29,000660,SK하이닉스,183000.0,kis_api,2026-08-17T02:56:41+00:00
2024-04-01,0001,KOSPI,2747.86,kis_api,2026-08-17T02:56:51+00:00
2024-04-01,000660,SK하이닉스,185500.0,kis_api,2026-08-17T02:56:41+00:00
2024-04-02,0001,KOSPI,2753.16,kis_api,2026-08-17T02:56:51+00:00
2024-04-02,000660,SK하이닉스,186300.0,kis_api,2026-08-17T02:56:41+00:00
2024-04-03,0001,KOSPI,2706.97,kis_api,2026-08-17T02:56:51+00:00
2024-04-03,000660,SK하이닉스,179200.0,kis_api,2026-08-17T02:56:41+00:00
2024-04-04,0001,KOSPI,2742.0,kis_api,2026-08-17T02:56:51+00:00
2024-04-04,000660,SK하이닉스,188000.0,kis_api,2026-08-17T02:56:41+00:00
2024-04-05,0001,KOSPI,2714.21,kis_api,2026-08-17T02:56:51+00:00
2024-04-05,000660,SK하이닉스,182800.0,kis_api,2026-08-17T02:56:41+00:00
2024-04-08,0001,KOSPI,2717.65,kis_api,2026-08-17T02:56:51+00:00
2024-04-08,000660,SK하이닉스,181200.0,kis_api,2026-08-17T02:56:41+00:00
2024-04-09,0001,KOSPI,2705.16,kis_api,2026-08-17T02:56:51+00:00
2024-04-09,000660,SK하이닉스,182900.0,kis_api,2026-08-17T02:56:41+00:00
2024-04-11,0001,KOSPI,2706.96,kis_api,2026-08-17T02:56:51+00:00
2024-04-11,000660,SK하이닉스,188400.0,kis_api,2026-08-17T02:56:41+00:00
2024-04-12,0001,KOSPI,2681.82,kis_api,2026-08-17T02:56:51+00:00
2024-04-12,000660,SK하이닉스,187400.0,kis_api,2026-08-17T02:56:41+00:00
2024-04-15,0001,KOSPI,2670.43,kis_api,2026-08-17T02:56:51+00:00
2024-04-15,000660,SK하이닉스,188200.0,kis_api,2026-08-17T02:56:41+00:00
2024-04-16,0001,KOSPI,2609.63,kis_api,2026-08-17T02:56:51+00:00
2024-04-16,000660,SK하이닉스,179100.0,kis_api,2026-08-17T02:56:41+00:00
2024-04-17,0001,KOSPI,2584.18,kis_api,2026-08-17T02:56:51+00:00
2024-04-17,000660,SK하이닉스,178700.0,kis_api,2026-08-17T02:56:41+00:00
2024-04-18,0001,KOSPI,2634.7,kis_api,2026-08-17T02:56:51+00:00
2024-04-18,000660,SK하이닉스,182300.0,kis_api,2026-08-17T02:56:41+00:00
2024-04-19,0001,KOSPI,2591.86,kis_api,2026-08-17T02:56:51+00:00
2024-04-19,000660,SK하이닉스,173300.0,kis_api,2026-08-17T02:56:41+00:00
2024-04-22,0001,KOSPI,2629.44,kis_api,2026-08-17T02:56:51+00:00
2024-04-22,000660,SK하이닉스,171600.0,kis_api,2026-08-17T02:56:41+00:00
2024-04-23,0001,KOSPI,2623.02,kis_api,2026-08-17T02:56:51+00:00
2024-04-23,000660,SK하이닉스,171000.0,kis_api,2026-08-17T02:56:41+00:00
2024-04-24,0001,KOSPI,2675.75,kis_api,2026-08-17T02:56:51+00:00
2024-04-24,000660,SK하이닉스,179800.0,kis_api,2026-08-17T02:56:41+00:00
2024-04-25,0001,KOSPI,2628.62,kis_api,2026-08-17T02:56:51+00:00
2024-04-25,000660,SK하이닉스,170600.0,kis_api,2026-08-17T02:56:41+00:00
2024-04-26,0001,KOSPI,2656.33,kis_api,2026-08-17T02:56:51+00:00
2024-04-26,000660,SK하이닉스,177800.0,kis_api,2026-08-17T02:56:41+00:00
2024-04-29,0001,KOSPI,2687.44,kis_api,2026-08-17T02:56:51+00:00
2024-04-29,000660,SK하이닉스,175900.0,kis_api,2026-08-17T02:56:41+00:00
2024-04-30,0001,KOSPI,2692.06,kis_api,2026-08-17T02:56:51+00:00
2024-04-30,000660,SK하이닉스,174200.0,kis_api,2026-08-17T02:56:41+00:00
2024-05-02,0001,KOSPI,2683.65,kis_api,2026-08-17T02:56:51+00:00
2024-05-02,000660,SK하이닉스,173600.0,kis_api,2026-08-17T02:56:41+00:00
2024-05-03,0001,KOSPI,2676.63,kis_api,2026-08-17T02:56:51+00:00
2024-05-03,000660,SK하이닉스,173200.0,kis_api,2026-08-17T02:56:41+00:00
2024-05-07,0001,KOSPI,2734.36,kis_api,2026-08-17T02:56:51+00:00
2024-05-07,000660,SK하이닉스,179600.0,kis_api,2026-08-17T02:56:41+00:00
2024-05-08,0001,KOSPI,2745.05,kis_api,2026-08-17T02:56:51+00:00
2024-05-08,000660,SK하이닉스,178000.0,kis_api,2026-08-17T02:56:41+00:00
2024-05-09,0001,KOSPI,2712.14,kis_api,2026-08-17T02:56:51+00:00
2024-05-09,000660,SK하이닉스,175400.0,kis_api,2026-08-17T02:56:41+00:00
2024-05-10,0001,KOSPI,2727.63,kis_api,2026-08-17T02:56:51+00:00
2024-05-10,000660,SK하이닉스,179900.0,kis_api,2026-08-17T02:56:41+00:00
2024-05-13,0001,KOSPI,2727.21,kis_api,2026-08-17T02:56:51+00:00
2024-05-13,000660,SK하이닉스,183800.0,kis_api,2026-08-17T02:56:41+00:00
2024-05-14,0001,KOSPI,2730.34,kis_api,2026-08-17T02:56:51+00:00
2024-05-14,000660,SK하이닉스,185300.0,kis_api,2026-08-17T02:56:41+00:00
2024-05-16,0001,KOSPI,2753.0,kis_api,2026-08-17T02:56:51+00:00
2024-05-16,000660,SK하이닉스,193000.0,kis_api,2026-08-17T02:56:41+00:00
2024-05-17,0001,KOSPI,2724.62,kis_api,2026-08-17T02:56:51+00:00
2024-05-17,000660,SK하이닉스,189900.0,kis_api,2026-08-17T02:56:41+00:00
2024-05-20,0001,KOSPI,2742.14,kis_api,2026-08-17T02:56:51+00:00
2024-05-20,000660,SK하이닉스,190100.0,kis_api,2026-08-17T02:56:41+00:00
2024-05-21,0001,KOSPI,2724.18,kis_api,2026-08-17T02:56:51+00:00
2024-05-21,000660,SK하이닉스,192000.0,kis_api,2026-08-17T02:56:41+00:00
2024-05-22,0001,KOSPI,2723.46,kis_api,2026-08-17T02:56:51+00:00
2024-05-22,000660,SK하이닉스,197700.0,kis_api,2026-08-17T02:56:41+00:00
2024-05-23,0001,KOSPI,2721.81,kis_api,2026-08-17T02:56:51+00:00
2024-05-23,000660,SK하이닉스,200000.0,kis_api,2026-08-17T02:56:41+00:00
2024-05-24,0001,KOSPI,2687.6,kis_api,2026-08-17T02:56:51+00:00
2024-05-24,000660,SK하이닉스,198600.0,kis_api,2026-08-17T02:56:41+00:00
2024-05-27,0001,KOSPI,2722.99,kis_api,2026-08-17T02:56:51+00:00
2024-05-27,000660,SK하이닉스,201500.0,kis_api,2026-08-17T02:56:41+00:00
2024-05-28,0001,KOSPI,2722.85,kis_api,2026-08-17T02:56:51+00:00
2024-05-28,000660,SK하이닉스,202500.0,kis_api,2026-08-17T02:56:41+00:00
2024-05-29,0001,KOSPI,2677.3,kis_api,2026-08-17T02:56:51+00:00
2024-05-29,000660,SK하이닉스,202500.0,kis_api,2026-08-17T02:56:41+00:00
2024-05-30,0001,KOSPI,2635.44,kis_api,2026-08-17T02:56:51+00:00
2024-05-30,000660,SK하이닉스,195700.0,kis_api,2026-08-17T02:56:41+00:00
2024-05-31,0001,KOSPI,2636.52,kis_api,2026-08-17T02:56:51+00:00
2024-05-31,000660,SK하이닉스,189200.0,kis_api,2026-08-17T02:56:41+00:00
2024-06-03,0001,KOSPI,2682.52,kis_api,2026-08-17T02:56:51+00:00
2024-06-03,000660,SK하이닉스,194200.0,kis_api,2026-08-17T02:56:41+00:00
2024-06-04,0001,KOSPI,2662.1,kis_api,2026-08-17T02:56:51+00:00
2024-06-04,000660,SK하이닉스,193300.0,kis_api,2026-08-17T02:56:41+00:00
2024-06-05,0001,KOSPI,2689.5,kis_api,2026-08-17T02:56:51+00:00
2024-06-05,000660,SK하이닉스,193700.0,kis_api,2026-08-17T02:56:41+00:00
2024-06-07,0001,KOSPI,2722.67,kis_api,2026-08-17T02:56:51+00:00
2024-06-07,000660,SK하이닉스,207500.0,kis_api,2026-08-17T02:56:41+00:00
2024-06-10,0001,KOSPI,2701.17,kis_api,2026-08-17T02:56:51+00:00
2024-06-10,000660,SK하이닉스,208000.0,kis_api,2026-08-17T02:56:41+00:00
2024-06-11,0001,KOSPI,2705.32,kis_api,2026-08-17T02:56:51+00:00
2024-06-11,000660,SK하이닉스,212500.0,kis_api,2026-08-17T02:56:41+00:00
2024-06-12,0001,KOSPI,2728.17,kis_api,2026-08-17T02:56:51+00:00
2024-06-12,000660,SK하이닉스,215000.0,kis_api,2026-08-17T02:56:41+00:00
2024-06-13,0001,KOSPI,2754.89,kis_api,2026-08-17T02:56:51+00:00
2024-06-13,000660,SK하이닉스,222000.0,kis_api,2026-08-17T02:56:41+00:00
2024-06-14,0001,KOSPI,2758.42,kis_api,2026-08-17T02:56:51+00:00
2024-06-14,000660,SK하이닉스,221000.0,kis_api,2026-08-17T02:56:41+00:00
2024-06-17,0001,KOSPI,2744.1,kis_api,2026-08-17T02:56:51+00:00
2024-06-17,000660,SK하이닉스,223000.0,kis_api,2026-08-17T02:56:41+00:00
2024-06-18,0001,KOSPI,2763.92,kis_api,2026-08-17T02:56:51+00:00
2024-06-18,000660,SK하이닉스,234500.0,kis_api,2026-08-17T02:56:41+00:00
2024-06-19,0001,KOSPI,2797.33,kis_api,2026-08-17T02:56:51+00:00
2024-06-19,000660,SK하이닉스,233500.0,kis_api,2026-08-17T02:56:41+00:00
2024-06-20,0001,KOSPI,2807.63,kis_api,2026-08-17T02:56:51+00:00
2024-06-20,000660,SK하이닉스,237500.0,kis_api,2026-08-17T02:56:41+00:00
2024-06-21,0001,KOSPI,2784.26,kis_api,2026-08-17T02:56:51+00:00
2024-06-21,000660,SK하이닉스,234000.0,kis_api,2026-08-17T02:56:41+00:00
2024-06-24,0001,KOSPI,2764.73,kis_api,2026-08-17T02:56:51+00:00
2024-06-24,000660,SK하이닉스,223000.0,kis_api,2026-08-17T02:56:41+00:00
2024-06-25,0001,KOSPI,2774.39,kis_api,2026-08-17T02:56:51+00:00
2024-06-25,000660,SK하이닉스,225000.0,kis_api,2026-08-17T02:56:41+00:00
2024-06-26,0001,KOSPI,2792.05,kis_api,2026-08-17T02:56:51+00:00
2024-06-26,000660,SK하이닉스,237000.0,kis_api,2026-08-17T02:56:41+00:00
2024-06-27,0001,KOSPI,2784.06,kis_api,2026-08-17T02:56:51+00:00
2024-06-27,000660,SK하이닉스,236500.0,kis_api,2026-08-17T02:56:41+00:00
2024-06-28,0001,KOSPI,2797.82,kis_api,2026-08-17T02:56:51+00:00
2024-06-28,000660,SK하이닉스,236500.0,kis_api,2026-08-17T02:56:41+00:00
2024-07-01,0001,KOSPI,2804.31,kis_api,2026-08-17T02:56:51+00:00
2024-07-01,000660,SK하이닉스,235500.0,kis_api,2026-08-17T02:56:41+00:00
2024-07-02,0001,KOSPI,2780.86,kis_api,2026-08-17T02:56:51+00:00
2024-07-02,000660,SK하이닉스,232000.0,kis_api,2026-08-17T02:56:41+00:00
2024-07-03,0001,KOSPI,2794.01,kis_api,2026-08-17T02:56:51+00:00
2024-07-03,000660,SK하이닉스,236000.0,kis_api,2026-08-17T02:56:41+00:00
2024-07-04,0001,KOSPI,2824.94,kis_api,2026-08-17T02:56:51+00:00
2024-07-04,000660,SK하이닉스,230000.0,kis_api,2026-08-17T02:56:41+00:00
2024-07-05,0001,KOSPI,2862.23,kis_api,2026-08-17T02:56:51+00:00
2024-07-05,000660,SK하이닉스,236000.0,kis_api,2026-08-17T02:56:41+00:00
2024-07-08,0001,KOSPI,2857.76,kis_api,2026-08-17T02:56:51+00:00
2024-07-08,000660,SK하이닉스,233500.0,kis_api,2026-08-17T02:56:41+00:00
2024-07-09,0001,KOSPI,2867.38,kis_api,2026-08-17T02:56:51+00:00
2024-07-09,000660,SK하이닉스,238500.0,kis_api,2026-08-17T02:56:41+00:00
2024-07-10,0001,KOSPI,2867.99,kis_api,2026-08-17T02:56:51+00:00
2024-07-10,000660,SK하이닉스,239000.0,kis_api,2026-08-17T02:56:41+00:00
2024-07-11,0001,KOSPI,2891.35,kis_api,2026-08-17T02:56:51+00:00
2024-07-11,000660,SK하이닉스,241000.0,kis_api,2026-08-17T02:56:41+00:00
2024-07-12,0001,KOSPI,2857.0,kis_api,2026-08-17T02:56:51+00:00
2024-07-12,000660,SK하이닉스,233000.0,kis_api,2026-08-17T02:56:41+00:00
2024-07-15,0001,KOSPI,2860.92,kis_api,2026-08-17T02:56:51+00:00
2024-07-15,000660,SK하이닉스,230000.0,kis_api,2026-08-17T02:56:41+00:00
2024-07-16,0001,KOSPI,2866.09,kis_api,2026-08-17T02:56:51+00:00
2024-07-16,000660,SK하이닉스,233000.0,kis_api,2026-08-17T02:56:41+00:00
2024-07-17,0001,KOSPI,2843.29,kis_api,2026-08-17T02:56:51+00:00
2024-07-17,000660,SK하이닉스,220500.0,kis_api,2026-08-17T02:56:41+00:00
2024-07-18,0001,KOSPI,2824.35,kis_api,2026-08-17T02:56:51+00:00
2024-07-18,000660,SK하이닉스,212500.0,kis_api,2026-08-17T02:56:41+00:00
2024-07-19,0001,KOSPI,2795.46,kis_api,2026-08-17T02:56:51+00:00
2024-07-19,000660,SK하이닉스,209500.0,kis_api,2026-08-17T02:56:41+00:00
2024-07-22,0001,KOSPI,2763.51,kis_api,2026-08-17T02:56:51+00:00
2024-07-22,000660,SK하이닉스,205000.0,kis_api,2026-08-17T02:56:41+00:00
2024-07-23,0001,KOSPI,2774.29,kis_api,2026-08-17T02:56:51+00:00
2024-07-23,000660,SK하이닉스,205000.0,kis_api,2026-08-17T02:56:41+00:00
2024-07-24,0001,KOSPI,2758.71,kis_api,2026-08-17T02:56:51+00:00
2024-07-24,000660,SK하이닉스,208500.0,kis_api,2026-08-17T02:56:41+00:00
2024-07-25,0001,KOSPI,2710.65,kis_api,2026-08-17T02:56:51+00:00
2024-07-25,000660,SK하이닉스,190000.0,kis_api,2026-08-17T02:56:41+00:00
2024-07-26,0001,KOSPI,2731.9,kis_api,2026-08-17T02:56:51+00:00
2024-07-26,000660,SK하이닉스,191800.0,kis_api,2026-08-17T02:56:41+00:00
2024-07-29,0001,KOSPI,2765.53,kis_api,2026-08-17T02:56:51+00:00
2024-07-29,000660,SK하이닉스,195600.0,kis_api,2026-08-17T02:56:41+00:00
2024-07-30,0001,KOSPI,2738.19,kis_api,2026-08-17T02:56:51+00:00
2024-07-30,000660,SK하이닉스,188900.0,kis_api,2026-08-17T02:56:41+00:00
2024-07-31,0001,KOSPI,2770.69,kis_api,2026-08-17T02:56:51+00:00
2024-07-31,000660,SK하이닉스,194600.0,kis_api,2026-08-17T02:56:41+00:00
2024-08-01,0001,KOSPI,2777.68,kis_api,2026-08-17T02:56:51+00:00
2024-08-01,000660,SK하이닉스,193300.0,kis_api,2026-08-17T02:56:41+00:00
2024-08-02,0001,KOSPI,2676.19,kis_api,2026-08-17T02:56:51+00:00
2024-08-02,000660,SK하이닉스,173200.0,kis_api,2026-08-17T02:56:41+00:00
2024-08-05,0001,KOSPI,2441.55,kis_api,2026-08-17T02:56:51+00:00
2024-08-05,000660,SK하이닉스,156100.0,kis_api,2026-08-17T02:56:41+00:00
2024-08-06,0001,KOSPI,2522.15,kis_api,2026-08-17T02:56:51+00:00
2024-08-06,000660,SK하이닉스,163700.0,kis_api,2026-08-17T02:56:41+00:00
2024-08-07,0001,KOSPI,2568.41,kis_api,2026-08-17T02:56:51+00:00
2024-08-07,000660,SK하이닉스,169300.0,kis_api,2026-08-17T02:56:41+00:00
2024-08-08,0001,KOSPI,2556.73,kis_api,2026-08-17T02:56:51+00:00
2024-08-08,000660,SK하이닉스,163400.0,kis_api,2026-08-17T02:56:41+00:00
2024-08-09,0001,KOSPI,2588.43,kis_api,2026-08-17T02:56:51+00:00
2024-08-09,000660,SK하이닉스,171500.0,kis_api,2026-08-17T02:56:41+00:00
2024-08-12,0001,KOSPI,2618.3,kis_api,2026-08-17T02:56:51+00:00
2024-08-12,000660,SK하이닉스,177000.0,kis_api,2026-08-17T02:56:41+00:00
2024-08-13,0001,KOSPI,2621.5,kis_api,2026-08-17T02:56:51+00:00
2024-08-13,000660,SK하이닉스,181900.0,kis_api,2026-08-17T02:56:41+00:00
2024-08-14,0001,KOSPI,2644.5,kis_api,2026-08-17T02:56:51+00:00
2024-08-14,000660,SK하이닉스,186700.0,kis_api,2026-08-17T02:56:41+00:00
2024-08-16,0001,KOSPI,2697.23,kis_api,2026-08-17T02:56:51+00:00
2024-08-16,000660,SK하이닉스,199700.0,kis_api,2026-08-17T02:56:41+00:00
2024-08-19,0001,KOSPI,2674.36,kis_api,2026-08-17T02:56:51+00:00
2024-08-19,000660,SK하이닉스,193900.0,kis_api,2026-08-17T02:56:41+00:00
2024-08-20,0001,KOSPI,2696.63,kis_api,2026-08-17T02:56:51+00:00
2024-08-20,000660,SK하이닉스,199700.0,kis_api,2026-08-17T02:56:41+00:00
2024-08-21,0001,KOSPI,2701.13,kis_api,2026-08-17T02:56:51+00:00
2024-08-21,000660,SK하이닉스,192600.0,kis_api,2026-08-17T02:56:41+00:00
2024-08-22,0001,KOSPI,2707.67,kis_api,2026-08-17T02:56:51+00:00
2024-08-22,000660,SK하이닉스,191100.0,kis_api,2026-08-17T02:56:41+00:00
2024-08-23,0001,KOSPI,2701.69,kis_api,2026-08-17T02:56:51+00:00
2024-08-23,000660,SK하이닉스,185500.0,kis_api,2026-08-17T02:56:41+00:00
2024-08-26,0001,KOSPI,2698.01,kis_api,2026-08-17T02:56:51+00:00
2024-08-26,000660,SK하이닉스,179600.0,kis_api,2026-08-17T02:56:41+00:00
2024-08-27,0001,KOSPI,2689.25,kis_api,2026-08-17T02:56:51+00:00
2024-08-27,000660,SK하이닉스,175000.0,kis_api,2026-08-17T02:56:41+00:00
2024-08-28,0001,KOSPI,2689.83,kis_api,2026-08-17T02:56:51+00:00
2024-08-28,000660,SK하이닉스,179300.0,kis_api,2026-08-17T02:56:41+00:00
2024-08-29,0001,KOSPI,2662.28,kis_api,2026-08-17T02:56:51+00:00
2024-08-29,000660,SK하이닉스,169700.0,kis_api,2026-08-17T02:56:41+00:00
2024-08-30,0001,KOSPI,2674.31,kis_api,2026-08-17T02:56:51+00:00
2024-08-30,000660,SK하이닉스,173700.0,kis_api,2026-08-17T02:56:41+00:00
2024-09-02,0001,KOSPI,2681.0,kis_api,2026-08-17T02:56:51+00:00
2024-09-02,000660,SK하이닉스,174000.0,kis_api,2026-08-17T02:56:41+00:00
2024-09-03,0001,KOSPI,2664.63,kis_api,2026-08-17T02:56:51+00:00
2024-09-03,000660,SK하이닉스,168300.0,kis_api,2026-08-17T02:56:41+00:00
2024-09-04,0001,KOSPI,2580.8,kis_api,2026-08-17T02:56:51+00:00
2024-09-04,000660,SK하이닉스,154800.0,kis_api,2026-08-17T02:56:41+00:00
2024-09-05,0001,KOSPI,2575.5,kis_api,2026-08-17T02:56:51+00:00
2024-09-05,000660,SK하이닉스,159400.0,kis_api,2026-08-17T02:56:41+00:00
2024-09-06,0001,KOSPI,2544.28,kis_api,2026-08-17T02:56:51+00:00
2024-09-06,000660,SK하이닉스,156400.0,kis_api,2026-08-17T02:56:41+00:00
2024-09-09,0001,KOSPI,2535.93,kis_api,2026-08-17T02:56:51+00:00
2024-09-09,000660,SK하이닉스,157000.0,kis_api,2026-08-17T02:56:41+00:00
2024-09-10,0001,KOSPI,2523.43,kis_api,2026-08-17T02:56:51+00:00
2024-09-10,000660,SK하이닉스,155500.0,kis_api,2026-08-17T02:56:41+00:00
2024-09-11,0001,KOSPI,2513.37,kis_api,2026-08-17T02:56:51+00:00
2024-09-11,000660,SK하이닉스,157200.0,kis_api,2026-08-17T02:56:41+00:00
2024-09-12,0001,KOSPI,2572.09,kis_api,2026-08-17T02:56:51+00:00
2024-09-12,000660,SK하이닉스,168800.0,kis_api,2026-08-17T02:56:41+00:00
2024-09-13,0001,KOSPI,2575.41,kis_api,2026-08-17T02:56:51+00:00
2024-09-13,000660,SK하이닉스,162800.0,kis_api,2026-08-17T02:56:41+00:00
2024-09-19,0001,KOSPI,2580.8,kis_api,2026-08-17T02:56:51+00:00
2024-09-19,000660,SK하이닉스,152800.0,kis_api,2026-08-17T02:56:41+00:00
2024-09-20,0001,KOSPI,2593.37,kis_api,2026-08-17T02:56:51+00:00
2024-09-20,000660,SK하이닉스,157100.0,kis_api,2026-08-17T02:56:41+00:00
2024-09-23,0001,KOSPI,2602.01,kis_api,2026-08-17T02:56:51+00:00
2024-09-23,000660,SK하이닉스,162000.0,kis_api,2026-08-17T02:56:41+00:00
2024-09-24,0001,KOSPI,2631.68,kis_api,2026-08-17T02:56:51+00:00
2024-09-24,000660,SK하이닉스,163500.0,kis_api,2026-08-17T02:56:41+00:00
2024-09-25,0001,KOSPI,2596.32,kis_api,2026-08-17T02:56:51+00:00
2024-09-25,000660,SK하이닉스,165300.0,kis_api,2026-08-17T02:56:41+00:00
2024-09-26,0001,KOSPI,2671.57,kis_api,2026-08-17T02:56:51+00:00
2024-09-26,000660,SK하이닉스,180900.0,kis_api,2026-08-17T02:56:41+00:00
2024-09-27,0001,KOSPI,2649.78,kis_api,2026-08-17T02:56:51+00:00
2024-09-27,000660,SK하이닉스,183800.0,kis_api,2026-08-17T02:56:41+00:00
2024-09-30,0001,KOSPI,2593.27,kis_api,2026-08-17T02:56:51+00:00
2024-09-30,000660,SK하이닉스,174600.0,kis_api,2026-08-17T02:56:41+00:00
2024-10-02,0001,KOSPI,2561.69,kis_api,2026-08-17T02:56:51+00:00
2024-10-02,000660,SK하이닉스,169100.0,kis_api,2026-08-17T02:56:41+00:00
2024-10-04,0001,KOSPI,2569.71,kis_api,2026-08-17T02:56:51+00:00
2024-10-04,000660,SK하이닉스,174100.0,kis_api,2026-08-17T02:56:41+00:00
2024-10-07,0001,KOSPI,2610.38,kis_api,2026-08-17T02:56:51+00:00
2024-10-07,000660,SK하이닉스,184900.0,kis_api,2026-08-17T02:56:41+00:00
2024-10-08,0001,KOSPI,2594.36,kis_api,2026-08-17T02:56:51+00:00
2024-10-08,000660,SK하이닉스,178000.0,kis_api,2026-08-17T02:56:41+00:00
2024-10-10,0001,KOSPI,2599.16,kis_api,2026-08-17T02:56:51+00:00
2024-10-10,000660,SK하이닉스,186700.0,kis_api,2026-08-17T02:56:41+00:00
2024-10-11,0001,KOSPI,2596.91,kis_api,2026-08-17T02:56:51+00:00
2024-10-11,000660,SK하이닉스,186000.0,kis_api,2026-08-17T02:56:41+00:00
2024-10-14,0001,KOSPI,2623.29,kis_api,2026-08-17T02:56:51+00:00
2024-10-14,000660,SK하이닉스,187500.0,kis_api,2026-08-17T02:56:41+00:00
2024-10-15,0001,KOSPI,2633.45,kis_api,2026-08-17T02:56:51+00:00
2024-10-15,000660,SK하이닉스,192900.0,kis_api,2026-08-17T02:56:41+00:00
2024-10-16,0001,KOSPI,2610.36,kis_api,2026-08-17T02:56:51+00:00
2024-10-16,000660,SK하이닉스,188700.0,kis_api,2026-08-17T02:56:41+00:00
2024-10-17,0001,KOSPI,2609.3,kis_api,2026-08-17T02:56:51+00:00
2024-10-17,000660,SK하이닉스,196000.0,kis_api,2026-08-17T02:56:41+00:00
2024-10-18,0001,KOSPI,2593.82,kis_api,2026-08-17T02:56:51+00:00
2024-10-18,000660,SK하이닉스,187300.0,kis_api,2026-08-17T02:56:41+00:00
2024-10-21,0001,KOSPI,2604.92,kis_api,2026-08-17T02:56:51+00:00
2024-10-21,000660,SK하이닉스,190900.0,kis_api,2026-08-17T02:56:41+00:00
2024-10-22,0001,KOSPI,2570.7,kis_api,2026-08-17T02:56:51+00:00
2024-10-22,000660,SK하이닉스,187800.0,kis_api,2026-08-17T02:56:41+00:00
2024-10-23,0001,KOSPI,2599.62,kis_api,2026-08-17T02:56:51+00:00
2024-10-23,000660,SK하이닉스,196000.0,kis_api,2026-08-17T02:56:41+00:00
2024-10-24,0001,KOSPI,2581.03,kis_api,2026-08-17T02:56:51+00:00
2024-10-24,000660,SK하이닉스,198200.0,kis_api,2026-08-17T02:56:41+00:00
2024-10-25,0001,KOSPI,2583.27,kis_api,2026-08-17T02:56:51+00:00
2024-10-25,000660,SK하이닉스,201000.0,kis_api,2026-08-17T02:56:41+00:00
2024-10-28,0001,KOSPI,2612.43,kis_api,2026-08-17T02:56:51+00:00
2024-10-28,000660,SK하이닉스,196000.0,kis_api,2026-08-17T02:56:41+00:00
2024-10-29,0001,KOSPI,2617.8,kis_api,2026-08-17T02:56:51+00:00
2024-10-29,000660,SK하이닉스,190300.0,kis_api,2026-08-17T02:56:41+00:00
2024-10-30,0001,KOSPI,2593.79,kis_api,2026-08-17T02:56:51+00:00
2024-10-30,000660,SK하이닉스,195000.0,kis_api,2026-08-17T02:56:41+00:00
2024-10-31,0001,KOSPI,2556.15,kis_api,2026-08-17T02:56:51+00:00
2024-10-31,000660,SK하이닉스,186300.0,kis_api,2026-08-17T02:56:41+00:00
2024-11-01,0001,KOSPI,2542.36,kis_api,2026-08-17T02:56:51+00:00
2024-11-01,000660,SK하이닉스,182200.0,kis_api,2026-08-17T02:56:41+00:00
2024-11-04,0001,KOSPI,2588.97,kis_api,2026-08-17T02:56:51+00:00
2024-11-04,000660,SK하이닉스,194000.0,kis_api,2026-08-17T02:56:41+00:00
2024-11-05,0001,KOSPI,2576.88,kis_api,2026-08-17T02:56:51+00:00
2024-11-05,000660,SK하이닉스,193200.0,kis_api,2026-08-17T02:56:41+00:00
2024-11-06,0001,KOSPI,2563.51,kis_api,2026-08-17T02:56:51+00:00
2024-11-06,000660,SK하이닉스,195800.0,kis_api,2026-08-17T02:56:41+00:00
2024-11-07,0001,KOSPI,2564.63,kis_api,2026-08-17T02:56:51+00:00
2024-11-07,000660,SK하이닉스,197400.0,kis_api,2026-08-17T02:56:41+00:00
2024-11-08,0001,KOSPI,2561.15,kis_api,2026-08-17T02:56:51+00:00
2024-11-08,000660,SK하이닉스,200500.0,kis_api,2026-08-17T02:56:41+00:00
2024-11-11,0001,KOSPI,2531.66,kis_api,2026-08-17T02:56:51+00:00
2024-11-11,000660,SK하이닉스,192600.0,kis_api,2026-08-17T02:56:41+00:00
2024-11-12,0001,KOSPI,2482.57,kis_api,2026-08-17T02:56:51+00:00
2024-11-12,000660,SK하이닉스,185800.0,kis_api,2026-08-17T02:56:41+00:00
2024-11-13,0001,KOSPI,2417.08,kis_api,2026-08-17T02:56:51+00:00
2024-11-13,000660,SK하이닉스,182900.0,kis_api,2026-08-17T02:56:41+00:00
2024-11-14,0001,KOSPI,2418.86,kis_api,2026-08-17T02:56:51+00:00
2024-11-14,000660,SK하이닉스,173000.0,kis_api,2026-08-17T02:56:41+00:00
2024-11-15,0001,KOSPI,2416.86,kis_api,2026-08-17T02:56:51+00:00
2024-11-15,000660,SK하이닉스,178200.0,kis_api,2026-08-17T02:56:41+00:00
2024-11-18,0001,KOSPI,2469.07,kis_api,2026-08-17T02:56:51+00:00
2024-11-18,000660,SK하이닉스,171700.0,kis_api,2026-08-17T02:56:41+00:00
2024-11-19,0001,KOSPI,2471.95,kis_api,2026-08-17T02:56:51+00:00
2024-11-19,000660,SK하이닉스,170600.0,kis_api,2026-08-17T02:56:41+00:00
2024-11-20,0001,KOSPI,2482.29,kis_api,2026-08-17T02:56:51+00:00
2024-11-20,000660,SK하이닉스,170600.0,kis_api,2026-08-17T02:56:41+00:00
2024-11-21,0001,KOSPI,2480.63,kis_api,2026-08-17T02:56:51+00:00
2024-11-21,000660,SK하이닉스,168800.0,kis_api,2026-08-17T02:56:41+00:00
2024-11-22,0001,KOSPI,2501.24,kis_api,2026-08-17T02:56:51+00:00
2024-11-22,000660,SK하이닉스,176700.0,kis_api,2026-08-17T02:56:41+00:00
2024-11-25,0001,KOSPI,2534.34,kis_api,2026-08-17T02:56:51+00:00
2024-11-25,000660,SK하이닉스,177000.0,kis_api,2026-08-17T02:56:41+00:00
2024-11-26,0001,KOSPI,2520.36,kis_api,2026-08-17T02:56:51+00:00
2024-11-26,000660,SK하이닉스,177100.0,kis_api,2026-08-17T02:56:41+00:00
2024-11-27,0001,KOSPI,2503.06,kis_api,2026-08-17T02:56:51+00:00
2024-11-27,000660,SK하이닉스,168300.0,kis_api,2026-08-17T02:56:41+00:00
2024-11-28,0001,KOSPI,2504.67,kis_api,2026-08-17T02:56:51+00:00
2024-11-28,000660,SK하이닉스,161100.0,kis_api,2026-08-17T02:56:41+00:00
2024-11-29,0001,KOSPI,2455.91,kis_api,2026-08-17T02:56:51+00:00
2024-11-29,000660,SK하이닉스,159900.0,kis_api,2026-08-17T02:56:41+00:00
2024-12-02,0001,KOSPI,2454.48,kis_api,2026-08-17T02:56:51+00:00
2024-12-02,000660,SK하이닉스,158800.0,kis_api,2026-08-17T02:56:41+00:00
2024-12-03,0001,KOSPI,2500.1,kis_api,2026-08-17T02:56:51+00:00
2024-12-03,000660,SK하이닉스,164900.0,kis_api,2026-08-17T02:56:41+00:00
2024-12-04,0001,KOSPI,2464.0,kis_api,2026-08-17T02:56:51+00:00
2024-12-04,000660,SK하이닉스,168000.0,kis_api,2026-08-17T02:56:41+00:00
2024-12-05,0001,KOSPI,2441.85,kis_api,2026-08-17T02:56:51+00:00
2024-12-05,000660,SK하이닉스,173000.0,kis_api,2026-08-17T02:56:41+00:00
2024-12-06,0001,KOSPI,2428.16,kis_api,2026-08-17T02:56:51+00:00
2024-12-06,000660,SK하이닉스,167100.0,kis_api,2026-08-17T02:56:41+00:00
2024-12-09,0001,KOSPI,2360.58,kis_api,2026-08-17T02:56:51+00:00
2024-12-09,000660,SK하이닉스,168900.0,kis_api,2026-08-17T02:56:41+00:00
2024-12-10,0001,KOSPI,2417.84,kis_api,2026-08-17T02:56:51+00:00
2024-12-10,000660,SK하이닉스,170400.0,kis_api,2026-08-17T02:56:41+00:00
2024-12-11,0001,KOSPI,2442.51,kis_api,2026-08-17T02:56:51+00:00
2024-12-11,000660,SK하이닉스,171800.0,kis_api,2026-08-17T02:56:41+00:00
2024-12-12,0001,KOSPI,2482.12,kis_api,2026-08-17T02:56:51+00:00
2024-12-12,000660,SK하이닉스,176100.0,kis_api,2026-08-17T02:56:41+00:00
2024-12-13,0001,KOSPI,2494.46,kis_api,2026-08-17T02:56:51+00:00
2024-12-13,000660,SK하이닉스,175500.0,kis_api,2026-08-17T02:56:41+00:00
2024-12-16,0001,KOSPI,2488.97,kis_api,2026-08-17T02:56:51+00:00
2024-12-16,000660,SK하이닉스,179300.0,kis_api,2026-08-17T02:56:41+00:00
2024-12-17,0001,KOSPI,2456.81,kis_api,2026-08-17T02:56:51+00:00
2024-12-17,000660,SK하이닉스,184000.0,kis_api,2026-08-17T02:56:41+00:00
2024-12-18,0001,KOSPI,2484.43,kis_api,2026-08-17T02:56:51+00:00
2024-12-18,000660,SK하이닉스,183500.0,kis_api,2026-08-17T02:56:41+00:00
2024-12-19,0001,KOSPI,2435.93,kis_api,2026-08-17T02:56:51+00:00
2024-12-19,000660,SK하이닉스,175000.0,kis_api,2026-08-17T02:56:41+00:00
2024-12-20,0001,KOSPI,2404.15,kis_api,2026-08-17T02:56:51+00:00
2024-12-20,000660,SK하이닉스,168500.0,kis_api,2026-08-17T02:56:41+00:00
2024-12-23,0001,KOSPI,2442.01,kis_api,2026-08-17T02:56:51+00:00
2024-12-23,000660,SK하이닉스,169600.0,kis_api,2026-08-17T02:56:41+00:00
2024-12-24,0001,KOSPI,2440.52,kis_api,2026-08-17T02:56:51+00:00
2024-12-24,000660,SK하이닉스,168500.0,kis_api,2026-08-17T02:56:41+00:00
2024-12-26,0001,KOSPI,2429.67,kis_api,2026-08-17T02:56:51+00:00
2024-12-26,000660,SK하이닉스,170100.0,kis_api,2026-08-17T02:56:41+00:00
2024-12-27,0001,KOSPI,2404.77,kis_api,2026-08-17T02:56:51+00:00
2024-12-27,000660,SK하이닉스,174500.0,kis_api,2026-08-17T02:56:41+00:00
2024-12-30,0001,KOSPI,2399.49,kis_api,2026-08-17T02:56:51+00:00
2024-12-30,000660,SK하이닉스,173900.0,kis_api,2026-08-17T02:56:41+00:00
2025-01-02,0001,KOSPI,2398.94,kis_api,2026-08-17T02:56:51+00:00
2025-01-02,000660,SK하이닉스,171200.0,kis_api,2026-08-17T02:56:41+00:00
2025-01-03,0001,KOSPI,2441.92,kis_api,2026-08-17T02:56:51+00:00
2025-01-03,000660,SK하이닉스,181900.0,kis_api,2026-08-17T02:56:41+00:00
2025-01-06,0001,KOSPI,2488.64,kis_api,2026-08-17T02:56:51+00:00
2025-01-06,000660,SK하이닉스,199800.0,kis_api,2026-08-17T02:56:41+00:00
2025-01-07,0001,KOSPI,2492.1,kis_api,2026-08-17T02:56:51+00:00
2025-01-07,000660,SK하이닉스,195000.0,kis_api,2026-08-17T02:56:41+00:00
2025-01-08,0001,KOSPI,2521.05,kis_api,2026-08-17T02:56:51+00:00
2025-01-08,000660,SK하이닉스,194700.0,kis_api,2026-08-17T02:56:41+00:00
2025-01-09,0001,KOSPI,2521.9,kis_api,2026-08-17T02:56:51+00:00
2025-01-09,000660,SK하이닉스,205000.0,kis_api,2026-08-17T02:56:41+00:00
2025-01-10,0001,KOSPI,2515.78,kis_api,2026-08-17T02:56:51+00:00
2025-01-10,000660,SK하이닉스,203500.0,kis_api,2026-08-17T02:56:41+00:00
2025-01-13,0001,KOSPI,2489.56,kis_api,2026-08-17T02:56:51+00:00
2025-01-13,000660,SK하이닉스,194300.0,kis_api,2026-08-17T02:56:41+00:00
2025-01-14,0001,KOSPI,2497.4,kis_api,2026-08-17T02:56:51+00:00
2025-01-14,000660,SK하이닉스,195000.0,kis_api,2026-08-17T02:56:41+00:00
2025-01-15,0001,KOSPI,2496.81,kis_api,2026-08-17T02:56:51+00:00
2025-01-15,000660,SK하이닉스,198200.0,kis_api,2026-08-17T02:56:41+00:00
2025-01-16,0001,KOSPI,2527.49,kis_api,2026-08-17T02:56:51+00:00
2025-01-16,000660,SK하이닉스,210000.0,kis_api,2026-08-17T02:56:41+00:00
2025-01-17,0001,KOSPI,2523.55,kis_api,2026-08-17T02:56:51+00:00
2025-01-17,000660,SK하이닉스,214500.0,kis_api,2026-08-17T02:56:41+00:00
2025-01-20,0001,KOSPI,2520.05,kis_api,2026-08-17T02:56:51+00:00
2025-01-20,000660,SK하이닉스,212000.0,kis_api,2026-08-17T02:56:41+00:00
2025-01-21,0001,KOSPI,2518.03,kis_api,2026-08-17T02:56:51+00:00
2025-01-21,000660,SK하이닉스,218000.0,kis_api,2026-08-17T02:56:41+00:00
2025-01-22,0001,KOSPI,2547.06,kis_api,2026-08-17T02:56:51+00:00
2025-01-22,000660,SK하이닉스,225500.0,kis_api,2026-08-17T02:56:41+00:00
2025-01-23,0001,KOSPI,2515.49,kis_api,2026-08-17T02:56:51+00:00
2025-01-23,000660,SK하이닉스,219500.0,kis_api,2026-08-17T02:56:41+00:00
2025-01-24,0001,KOSPI,2536.8,kis_api,2026-08-17T02:56:51+00:00
2025-01-24,000660,SK하이닉스,221000.0,kis_api,2026-08-17T02:56:41+00:00
2025-01-31,0001,KOSPI,2517.37,kis_api,2026-08-17T02:56:51+00:00
2025-01-31,000660,SK하이닉스,199200.0,kis_api,2026-08-17T02:56:41+00:00
2025-02-03,0001,KOSPI,2453.95,kis_api,2026-08-17T02:56:51+00:00
2025-02-03,000660,SK하이닉스,190900.0,kis_api,2026-08-17T02:56:41+00:00
2025-02-04,0001,KOSPI,2481.69,kis_api,2026-08-17T02:56:51+00:00
2025-02-04,000660,SK하이닉스,191100.0,kis_api,2026-08-17T02:56:41+00:00
2025-02-05,0001,KOSPI,2509.27,kis_api,2026-08-17T02:56:51+00:00
2025-02-05,000660,SK하이닉스,198800.0,kis_api,2026-08-17T02:56:41+00:00
2025-02-06,0001,KOSPI,2536.75,kis_api,2026-08-17T02:56:51+00:00
2025-02-06,000660,SK하이닉스,203500.0,kis_api,2026-08-17T02:56:41+00:00
2025-02-07,0001,KOSPI,2521.92,kis_api,2026-08-17T02:56:51+00:00
2025-02-07,000660,SK하이닉스,203000.0,kis_api,2026-08-17T02:56:41+00:00
2025-02-10,0001,KOSPI,2521.27,kis_api,2026-08-17T02:56:51+00:00
2025-02-10,000660,SK하이닉스,198100.0,kis_api,2026-08-17T02:56:41+00:00
2025-02-11,0001,KOSPI,2539.05,kis_api,2026-08-17T02:56:51+00:00
2025-02-11,000660,SK하이닉스,199700.0,kis_api,2026-08-17T02:56:41+00:00
2025-02-12,0001,KOSPI,2548.39,kis_api,2026-08-17T02:56:51+00:00
2025-02-12,000660,SK하이닉스,198900.0,kis_api,2026-08-17T02:56:41+00:00
2025-02-13,0001,KOSPI,2583.17,kis_api,2026-08-17T02:56:51+00:00
2025-02-13,000660,SK하이닉스,208500.0,kis_api,2026-08-17T02:56:41+00:00
2025-02-14,0001,KOSPI,2591.05,kis_api,2026-08-17T02:56:51+00:00
2025-02-14,000660,SK하이닉스,210000.0,kis_api,2026-08-17T02:56:41+00:00
2025-02-17,0001,KOSPI,2610.42,kis_api,2026-08-17T02:56:51+00:00
2025-02-17,000660,SK하이닉스,212000.0,kis_api,2026-08-17T02:56:41+00:00
2025-02-18,0001,KOSPI,2626.81,kis_api,2026-08-17T02:56:51+00:00
2025-02-18,000660,SK하이닉스,210000.0,kis_api,2026-08-17T02:56:41+00:00
2025-02-19,0001,KOSPI,2671.52,kis_api,2026-08-17T02:56:51+00:00
2025-02-19,000660,SK하이닉스,218500.0,kis_api,2026-08-17T02:56:41+00:00
2025-02-20,0001,KOSPI,2654.06,kis_api,2026-08-17T02:56:51+00:00
2025-02-20,000660,SK하이닉스,212000.0,kis_api,2026-08-17T02:56:41+00:00
2025-02-21,0001,KOSPI,2654.58,kis_api,2026-08-17T02:56:51+00:00
2025-02-21,000660,SK하이닉스,209500.0,kis_api,2026-08-17T02:56:41+00:00
2025-02-24,0001,KOSPI,2645.27,kis_api,2026-08-17T02:56:51+00:00
2025-02-24,000660,SK하이닉스,205000.0,kis_api,2026-08-17T02:56:41+00:00
2025-02-25,0001,KOSPI,2630.29,kis_api,2026-08-17T02:56:51+00:00
2025-02-25,000660,SK하이닉스,200500.0,kis_api,2026-08-17T02:56:41+00:00
2025-02-26,0001,KOSPI,2641.09,kis_api,2026-08-17T02:56:51+00:00
2025-02-26,000660,SK하이닉스,203000.0,kis_api,2026-08-17T02:56:41+00:00
2025-02-27,0001,KOSPI,2621.75,kis_api,2026-08-17T02:56:51+00:00
2025-02-27,000660,SK하이닉스,199200.0,kis_api,2026-08-17T02:56:41+00:00
2025-02-28,0001,KOSPI,2532.78,kis_api,2026-08-17T02:56:51+00:00
2025-02-28,000660,SK하이닉스,190200.0,kis_api,2026-08-17T02:56:41+00:00
2025-03-04,0001,KOSPI,2528.92,kis_api,2026-08-17T02:56:51+00:00
2025-03-04,000660,SK하이닉스,186100.0,kis_api,2026-08-17T02:56:41+00:00
2025-03-05,0001,KOSPI,2558.13,kis_api,2026-08-17T02:56:51+00:00
2025-03-05,000660,SK하이닉스,193100.0,kis_api,2026-08-17T02:56:41+00:00
2025-03-06,0001,KOSPI,2576.16,kis_api,2026-08-17T02:56:51+00:00
2025-03-06,000660,SK하이닉스,192400.0,kis_api,2026-08-17T02:56:41+00:00
2025-03-07,0001,KOSPI,2563.48,kis_api,2026-08-17T02:56:51+00:00
2025-03-07,000660,SK하이닉스,192400.0,kis_api,2026-08-17T02:56:41+00:00
2025-03-10,0001,KOSPI,2570.39,kis_api,2026-08-17T02:56:51+00:00
2025-03-10,000660,SK하이닉스,187900.0,kis_api,2026-08-17T02:56:41+00:00
2025-03-11,0001,KOSPI,2537.6,kis_api,2026-08-17T02:56:51+00:00
2025-03-11,000660,SK하이닉스,187800.0,kis_api,2026-08-17T02:56:41+00:00
2025-03-12,0001,KOSPI,2574.82,kis_api,2026-08-17T02:56:51+00:00
2025-03-12,000660,SK하이닉스,198900.0,kis_api,2026-08-17T02:56:41+00:00
2025-03-13,0001,KOSPI,2573.64,kis_api,2026-08-17T02:56:51+00:00
2025-03-13,000660,SK하이닉스,199700.0,kis_api,2026-08-17T02:56:41+00:00
2025-03-14,0001,KOSPI,2566.36,kis_api,2026-08-17T02:56:51+00:00
2025-03-14,000660,SK하이닉스,204500.0,kis_api,2026-08-17T02:56:41+00:00
2025-03-17,0001,KOSPI,2610.69,kis_api,2026-08-17T02:56:51+00:00
2025-03-17,000660,SK하이닉스,206000.0,kis_api,2026-08-17T02:56:41+00:00
2025-03-18,0001,KOSPI,2612.34,kis_api,2026-08-17T02:56:51+00:00
2025-03-18,000660,SK하이닉스,203000.0,kis_api,2026-08-17T02:56:41+00:00
2025-03-19,0001,KOSPI,2628.62,kis_api,2026-08-17T02:56:51+00:00
2025-03-19,000660,SK하이닉스,205500.0,kis_api,2026-08-17T02:56:41+00:00
2025-03-20,0001,KOSPI,2637.1,kis_api,2026-08-17T02:56:51+00:00
2025-03-20,000660,SK하이닉스,210000.0,kis_api,2026-08-17T02:56:41+00:00
2025-03-21,0001,KOSPI,2643.13,kis_api,2026-08-17T02:56:51+00:00
2025-03-21,000660,SK하이닉스,215500.0,kis_api,2026-08-17T02:56:41+00:00
2025-03-24,0001,KOSPI,2632.07,kis_api,2026-08-17T02:56:51+00:00
2025-03-24,000660,SK하이닉스,211500.0,kis_api,2026-08-17T02:56:41+00:00
2025-03-25,0001,KOSPI,2615.81,kis_api,2026-08-17T02:56:51+00:00
2025-03-25,000660,SK하이닉스,208000.0,kis_api,2026-08-17T02:56:41+00:00
2025-03-26,0001,KOSPI,2643.94,kis_api,2026-08-17T02:56:51+00:00
2025-03-26,000660,SK하이닉스,214000.0,kis_api,2026-08-17T02:56:41+00:00
2025-03-27,0001,KOSPI,2607.15,kis_api,2026-08-17T02:56:51+00:00
2025-03-27,000660,SK하이닉스,207000.0,kis_api,2026-08-17T02:56:41+00:00
2025-03-28,0001,KOSPI,2557.98,kis_api,2026-08-17T02:56:51+00:00
2025-03-28,000660,SK하이닉스,199300.0,kis_api,2026-08-17T02:56:41+00:00
2025-03-31,0001,KOSPI,2481.12,kis_api,2026-08-17T02:56:51+00:00
2025-03-31,000660,SK하이닉스,190700.0,kis_api,2026-08-17T02:56:41+00:00
2025-04-01,0001,KOSPI,2521.39,kis_api,2026-08-17T02:56:51+00:00
2025-04-01,000660,SK하이닉스,197000.0,kis_api,2026-08-17T02:56:41+00:00
2025-04-02,0001,KOSPI,2505.86,kis_api,2026-08-17T02:56:51+00:00
2025-04-02,000660,SK하이닉스,197900.0,kis_api,2026-08-17T02:56:41+00:00
2025-04-03,0001,KOSPI,2486.7,kis_api,2026-08-17T02:56:51+00:00
2025-04-03,000660,SK하이닉스,194600.0,kis_api,2026-08-17T02:56:41+00:00
2025-04-04,0001,KOSPI,2465.42,kis_api,2026-08-17T02:56:51+00:00
2025-04-04,000660,SK하이닉스,182200.0,kis_api,2026-08-17T02:56:41+00:00
2025-04-07,0001,KOSPI,2328.2,kis_api,2026-08-17T02:56:51+00:00
2025-04-07,000660,SK하이닉스,164800.0,kis_api,2026-08-17T02:56:41+00:00
2025-04-08,0001,KOSPI,2334.23,kis_api,2026-08-17T02:56:51+00:00
2025-04-08,000660,SK하이닉스,169500.0,kis_api,2026-08-17T02:56:41+00:00
2025-04-09,0001,KOSPI,2293.7,kis_api,2026-08-17T02:56:51+00:00
2025-04-09,000660,SK하이닉스,165000.0,kis_api,2026-08-17T02:56:41+00:00
2025-04-10,0001,KOSPI,2445.06,kis_api,2026-08-17T02:56:51+00:00
2025-04-10,000660,SK하이닉스,183200.0,kis_api,2026-08-17T02:56:41+00:00
2025-04-11,0001,KOSPI,2432.72,kis_api,2026-08-17T02:56:51+00:00
2025-04-11,000660,SK하이닉스,180800.0,kis_api,2026-08-17T02:56:41+00:00
2025-04-14,0001,KOSPI,2455.89,kis_api,2026-08-17T02:56:51+00:00
2025-04-14,000660,SK하이닉스,180200.0,kis_api,2026-08-17T02:56:41+00:00
2025-04-15,0001,KOSPI,2477.41,kis_api,2026-08-17T02:56:51+00:00
2025-04-15,000660,SK하이닉스,180600.0,kis_api,2026-08-17T02:56:41+00:00
2025-04-16,0001,KOSPI,2447.43,kis_api,2026-08-17T02:56:51+00:00
2025-04-16,000660,SK하이닉스,174000.0,kis_api,2026-08-17T02:56:41+00:00
2025-04-17,0001,KOSPI,2470.41,kis_api,2026-08-17T02:56:51+00:00
2025-04-17,000660,SK하이닉스,175000.0,kis_api,2026-08-17T02:56:41+00:00
2025-04-18,0001,KOSPI,2483.42,kis_api,2026-08-17T02:56:51+00:00
2025-04-18,000660,SK하이닉스,175000.0,kis_api,2026-08-17T02:56:41+00:00
2025-04-21,0001,KOSPI,2488.42,kis_api,2026-08-17T02:56:51+00:00
2025-04-21,000660,SK하이닉스,176600.0,kis_api,2026-08-17T02:56:41+00:00
2025-04-22,0001,KOSPI,2486.64,kis_api,2026-08-17T02:56:51+00:00
2025-04-22,000660,SK하이닉스,173800.0,kis_api,2026-08-17T02:56:41+00:00
2025-04-23,0001,KOSPI,2525.56,kis_api,2026-08-17T02:56:51+00:00
2025-04-23,000660,SK하이닉스,181000.0,kis_api,2026-08-17T02:56:41+00:00
2025-04-24,0001,KOSPI,2522.33,kis_api,2026-08-17T02:56:51+00:00
2025-04-24,000660,SK하이닉스,178300.0,kis_api,2026-08-17T02:56:41+00:00
2025-04-25,0001,KOSPI,2546.3,kis_api,2026-08-17T02:56:51+00:00
2025-04-25,000660,SK하이닉스,184400.0,kis_api,2026-08-17T02:56:41+00:00
2025-04-28,0001,KOSPI,2548.86,kis_api,2026-08-17T02:56:51+00:00
2025-04-28,000660,SK하이닉스,182000.0,kis_api,2026-08-17T02:56:41+00:00
2025-04-29,0001,KOSPI,2565.42,kis_api,2026-08-17T02:56:51+00:00
2025-04-29,000660,SK하이닉스,180800.0,kis_api,2026-08-17T02:56:41+00:00
2025-04-30,0001,KOSPI,2556.61,kis_api,2026-08-17T02:56:51+00:00
2025-04-30,000660,SK하이닉스,177500.0,kis_api,2026-08-17T02:56:41+00:00
2025-05-02,0001,KOSPI,2559.79,kis_api,2026-08-17T02:56:51+00:00
2025-05-02,000660,SK하이닉스,186000.0,kis_api,2026-08-17T02:56:41+00:00
2025-05-07,0001,KOSPI,2573.8,kis_api,2026-08-17T02:56:51+00:00
2025-05-07,000660,SK하이닉스,190800.0,kis_api,2026-08-17T02:56:41+00:00
2025-05-08,0001,KOSPI,2579.48,kis_api,2026-08-17T02:56:51+00:00
2025-05-08,000660,SK하이닉스,190300.0,kis_api,2026-08-17T02:56:41+00:00
2025-05-09,0001,KOSPI,2577.27,kis_api,2026-08-17T02:56:51+00:00
2025-05-09,000660,SK하이닉스,190100.0,kis_api,2026-08-17T02:56:41+00:00
2025-05-12,0001,KOSPI,2607.33,kis_api,2026-08-17T02:56:51+00:00
2025-05-12,000660,SK하이닉스,195000.0,kis_api,2026-08-17T02:56:41+00:00
2025-05-13,0001,KOSPI,2608.42,kis_api,2026-08-17T02:56:51+00:00
2025-05-13,000660,SK하이닉스,198500.0,kis_api,2026-08-17T02:56:41+00:00
2025-05-14,0001,KOSPI,2640.57,kis_api,2026-08-17T02:56:51+00:00
2025-05-14,000660,SK하이닉스,206000.0,kis_api,2026-08-17T02:56:41+00:00
2025-05-15,0001,KOSPI,2621.36,kis_api,2026-08-17T02:56:51+00:00
2025-05-15,000660,SK하이닉스,200500.0,kis_api,2026-08-17T02:56:41+00:00
2025-05-16,0001,KOSPI,2626.87,kis_api,2026-08-17T02:56:51+00:00
2025-05-16,000660,SK하이닉스,204500.0,kis_api,2026-08-17T02:56:41+00:00
2025-05-19,0001,KOSPI,2603.42,kis_api,2026-08-17T02:56:51+00:00
2025-05-19,000660,SK하이닉스,199400.0,kis_api,2026-08-17T02:56:41+00:00
2025-05-20,0001,KOSPI,2601.8,kis_api,2026-08-17T02:56:51+00:00
2025-05-20,000660,SK하이닉스,202000.0,kis_api,2026-08-17T02:56:41+00:00
2025-05-21,0001,KOSPI,2625.58,kis_api,2026-08-17T02:56:51+00:00
2025-05-21,000660,SK하이닉스,200500.0,kis_api,2026-08-17T02:56:41+00:00
2025-05-22,0001,KOSPI,2593.67,kis_api,2026-08-17T02:56:51+00:00
2025-05-22,000660,SK하이닉스,196900.0,kis_api,2026-08-17T02:56:41+00:00
2025-05-23,0001,KOSPI,2592.09,kis_api,2026-08-17T02:56:51+00:00
2025-05-23,000660,SK하이닉스,200000.0,kis_api,2026-08-17T02:56:41+00:00
2025-05-26,0001,KOSPI,2644.4,kis_api,2026-08-17T02:56:51+00:00
2025-05-26,000660,SK하이닉스,203000.0,kis_api,2026-08-17T02:56:41+00:00
2025-05-27,0001,KOSPI,2637.22,kis_api,2026-08-17T02:56:51+00:00
2025-05-27,000660,SK하이닉스,202500.0,kis_api,2026-08-17T02:56:41+00:00
2025-05-28,0001,KOSPI,2670.15,kis_api,2026-08-17T02:56:51+00:00
2025-05-28,000660,SK하이닉스,208000.0,kis_api,2026-08-17T02:56:41+00:00
2025-05-29,0001,KOSPI,2720.64,kis_api,2026-08-17T02:56:51+00:00
2025-05-29,000660,SK하이닉스,212000.0,kis_api,2026-08-17T02:56:41+00:00
2025-05-30,0001,KOSPI,2697.67,kis_api,2026-08-17T02:56:51+00:00
2025-05-30,000660,SK하이닉스,204500.0,kis_api,2026-08-17T02:56:41+00:00
2025-06-02,0001,KOSPI,2698.97,kis_api,2026-08-17T02:56:51+00:00
2025-06-02,000660,SK하이닉스,207500.0,kis_api,2026-08-17T02:56:41+00:00
2025-06-04,0001,KOSPI,2770.84,kis_api,2026-08-17T02:56:51+00:00
2025-06-04,000660,SK하이닉스,217500.0,kis_api,2026-08-17T02:56:41+00:00
2025-06-05,0001,KOSPI,2812.05,kis_api,2026-08-17T02:56:51+00:00
2025-06-05,000660,SK하이닉스,224500.0,kis_api,2026-08-17T02:56:41+00:00
2025-06-09,0001,KOSPI,2855.77,kis_api,2026-08-17T02:56:51+00:00
2025-06-09,000660,SK하이닉스,229000.0,kis_api,2026-08-17T02:56:41+00:00
2025-06-10,0001,KOSPI,2871.85,kis_api,2026-08-17T02:56:51+00:00
2025-06-10,000660,SK하이닉스,230500.0,kis_api,2026-08-17T02:56:41+00:00
2025-06-11,0001,KOSPI,2907.04,kis_api,2026-08-17T02:56:51+00:00
2025-06-11,000660,SK하이닉스,240000.0,kis_api,2026-08-17T02:56:41+00:00
2025-06-12,0001,KOSPI,2920.03,kis_api,2026-08-17T02:56:51+00:00
2025-06-12,000660,SK하이닉스,235500.0,kis_api,2026-08-17T02:56:41+00:00
2025-06-13,0001,KOSPI,2894.62,kis_api,2026-08-17T02:56:51+00:00
2025-06-13,000660,SK하이닉스,235500.0,kis_api,2026-08-17T02:56:41+00:00
2025-06-16,0001,KOSPI,2946.66,kis_api,2026-08-17T02:56:51+00:00
2025-06-16,000660,SK하이닉스,248000.0,kis_api,2026-08-17T02:56:41+00:00
2025-06-17,0001,KOSPI,2950.3,kis_api,2026-08-17T02:56:51+00:00
2025-06-17,000660,SK하이닉스,249000.0,kis_api,2026-08-17T02:56:41+00:00
2025-06-18,0001,KOSPI,2972.19,kis_api,2026-08-17T02:56:51+00:00
2025-06-18,000660,SK하이닉스,246500.0,kis_api,2026-08-17T02:56:41+00:00
2025-06-19,0001,KOSPI,2977.74,kis_api,2026-08-17T02:56:51+00:00
2025-06-19,000660,SK하이닉스,246000.0,kis_api,2026-08-17T02:56:41+00:00
2025-06-20,0001,KOSPI,3021.84,kis_api,2026-08-17T02:56:51+00:00
2025-06-20,000660,SK하이닉스,257000.0,kis_api,2026-08-17T02:56:41+00:00
2025-06-23,0001,KOSPI,3014.47,kis_api,2026-08-17T02:56:51+00:00
2025-06-23,000660,SK하이닉스,259500.0,kis_api,2026-08-17T02:56:41+00:00
2025-06-24,0001,KOSPI,3103.64,kis_api,2026-08-17T02:56:51+00:00
2025-06-24,000660,SK하이닉스,278500.0,kis_api,2026-08-17T02:56:41+00:00
2025-06-25,0001,KOSPI,3108.25,kis_api,2026-08-17T02:56:51+00:00
2025-06-25,000660,SK하이닉스,286000.0,kis_api,2026-08-17T02:56:41+00:00
2025-06-26,0001,KOSPI,3079.56,kis_api,2026-08-17T02:56:51+00:00
2025-06-26,000660,SK하이닉스,293000.0,kis_api,2026-08-17T02:56:41+00:00
2025-06-27,0001,KOSPI,3055.94,kis_api,2026-08-17T02:56:51+00:00
2025-06-27,000660,SK하이닉스,284000.0,kis_api,2026-08-17T02:56:41+00:00
2025-06-30,0001,KOSPI,3071.7,kis_api,2026-08-17T02:56:51+00:00
2025-06-30,000660,SK하이닉스,292000.0,kis_api,2026-08-17T02:56:41+00:00
2025-07-01,0001,KOSPI,3089.65,kis_api,2026-08-17T02:56:51+00:00
2025-07-01,000660,SK하이닉스,285500.0,kis_api,2026-08-17T02:56:41+00:00
2025-07-02,0001,KOSPI,3075.06,kis_api,2026-08-17T02:56:51+00:00
2025-07-02,000660,SK하이닉스,279000.0,kis_api,2026-08-17T02:56:41+00:00
2025-07-03,0001,KOSPI,3116.27,kis_api,2026-08-17T02:56:51+00:00
2025-07-03,000660,SK하이닉스,278500.0,kis_api,2026-08-17T02:56:41+00:00
2025-07-04,0001,KOSPI,3054.28,kis_api,2026-08-17T02:56:51+00:00
2025-07-04,000660,SK하이닉스,270500.0,kis_api,2026-08-17T02:56:41+00:00
2025-07-07,0001,KOSPI,3059.47,kis_api,2026-08-17T02:56:51+00:00
2025-07-07,000660,SK하이닉스,271000.0,kis_api,2026-08-17T02:56:41+00:00
2025-07-08,0001,KOSPI,3114.95,kis_api,2026-08-17T02:56:51+00:00
2025-07-08,000660,SK하이닉스,282000.0,kis_api,2026-08-17T02:56:41+00:00
2025-07-09,0001,KOSPI,3133.74,kis_api,2026-08-17T02:56:51+00:00
2025-07-09,000660,SK하이닉스,281000.0,kis_api,2026-08-17T02:56:41+00:00
2025-07-10,0001,KOSPI,3183.23,kis_api,2026-08-17T02:56:51+00:00
2025-07-10,000660,SK하이닉스,297000.0,kis_api,2026-08-17T02:56:41+00:00
2025-07-11,0001,KOSPI,3175.77,kis_api,2026-08-17T02:56:51+00:00
2025-07-11,000660,SK하이닉스,294500.0,kis_api,2026-08-17T02:56:41+00:00
2025-07-14,0001,KOSPI,3202.03,kis_api,2026-08-17T02:56:51+00:00
2025-07-14,000660,SK하이닉스,300000.0,kis_api,2026-08-17T02:56:41+00:00
2025-07-15,0001,KOSPI,3215.28,kis_api,2026-08-17T02:56:51+00:00
2025-07-15,000660,SK하이닉스,298500.0,kis_api,2026-08-17T02:56:41+00:00
2025-07-16,0001,KOSPI,3186.38,kis_api,2026-08-17T02:56:51+00:00
2025-07-16,000660,SK하이닉스,296000.0,kis_api,2026-08-17T02:56:41+00:00
2025-07-17,0001,KOSPI,3192.29,kis_api,2026-08-17T02:56:51+00:00
2025-07-17,000660,SK하이닉스,269500.0,kis_api,2026-08-17T02:56:41+00:00
2025-07-18,0001,KOSPI,3188.07,kis_api,2026-08-17T02:56:51+00:00
2025-07-18,000660,SK하이닉스,269000.0,kis_api,2026-08-17T02:56:41+00:00
2025-07-21,0001,KOSPI,3210.81,kis_api,2026-08-17T02:56:51+00:00
2025-07-21,000660,SK하이닉스,272500.0,kis_api,2026-08-17T02:56:41+00:00
2025-07-22,0001,KOSPI,3169.94,kis_api,2026-08-17T02:56:51+00:00
2025-07-22,000660,SK하이닉스,268500.0,kis_api,2026-08-17T02:56:41+00:00
2025-07-23,0001,KOSPI,3183.77,kis_api,2026-08-17T02:56:51+00:00
2025-07-23,000660,SK하이닉스,269000.0,kis_api,2026-08-17T02:56:41+00:00
2025-07-24,0001,KOSPI,3190.45,kis_api,2026-08-17T02:56:51+00:00
2025-07-24,000660,SK하이닉스,269500.0,kis_api,2026-08-17T02:56:41+00:00
2025-07-25,0001,KOSPI,3196.05,kis_api,2026-08-17T02:56:51+00:00
2025-07-25,000660,SK하이닉스,266000.0,kis_api,2026-08-17T02:56:41+00:00
2025-07-28,0001,KOSPI,3209.52,kis_api,2026-08-17T02:56:51+00:00
2025-07-28,000660,SK하이닉스,262000.0,kis_api,2026-08-17T02:56:41+00:00
2025-07-29,0001,KOSPI,3230.57,kis_api,2026-08-17T02:56:51+00:00
2025-07-29,000660,SK하이닉스,262500.0,kis_api,2026-08-17T02:56:41+00:00
2025-07-30,0001,KOSPI,3254.47,kis_api,2026-08-17T02:56:51+00:00
2025-07-30,000660,SK하이닉스,263500.0,kis_api,2026-08-17T02:56:41+00:00
2025-07-31,0001,KOSPI,3245.44,kis_api,2026-08-17T02:56:51+00:00
2025-07-31,000660,SK하이닉스,273500.0,kis_api,2026-08-17T02:56:41+00:00
2025-08-01,0001,KOSPI,3119.41,kis_api,2026-08-17T02:56:51+00:00
2025-08-01,000660,SK하이닉스,258000.0,kis_api,2026-08-17T02:56:41+00:00
2025-08-04,0001,KOSPI,3147.75,kis_api,2026-08-17T02:56:51+00:00
2025-08-04,000660,SK하이닉스,258000.0,kis_api,2026-08-17T02:56:41+00:00
2025-08-05,0001,KOSPI,3198.0,kis_api,2026-08-17T02:56:51+00:00
2025-08-05,000660,SK하이닉스,263500.0,kis_api,2026-08-17T02:56:41+00:00
2025-08-06,0001,KOSPI,3198.14,kis_api,2026-08-17T02:56:51+00:00
2025-08-06,000660,SK하이닉스,258500.0,kis_api,2026-08-17T02:56:41+00:00
2025-08-07,0001,KOSPI,3227.68,kis_api,2026-08-17T02:56:51+00:00
2025-08-07,000660,SK하이닉스,262000.0,kis_api,2026-08-17T02:56:41+00:00
2025-08-08,0001,KOSPI,3210.01,kis_api,2026-08-17T02:56:51+00:00
2025-08-08,000660,SK하이닉스,256500.0,kis_api,2026-08-17T02:56:41+00:00
2025-08-11,0001,KOSPI,3206.77,kis_api,2026-08-17T02:56:51+00:00
2025-08-11,000660,SK하이닉스,267000.0,kis_api,2026-08-17T02:56:41+00:00
2025-08-12,0001,KOSPI,3189.91,kis_api,2026-08-17T02:56:51+00:00
2025-08-12,000660,SK하이닉스,269000.0,kis_api,2026-08-17T02:56:41+00:00
2025-08-13,0001,KOSPI,3224.37,kis_api,2026-08-17T02:56:51+00:00
2025-08-13,000660,SK하이닉스,278000.0,kis_api,2026-08-17T02:56:41+00:00
2025-08-14,0001,KOSPI,3225.66,kis_api,2026-08-17T02:56:51+00:00
2025-08-14,000660,SK하이닉스,276500.0,kis_api,2026-08-17T02:56:41+00:00
2025-08-18,0001,KOSPI,3177.28,kis_api,2026-08-17T02:56:51+00:00
2025-08-18,000660,SK하이닉스,267500.0,kis_api,2026-08-17T02:56:41+00:00
2025-08-19,0001,KOSPI,3151.56,kis_api,2026-08-17T02:56:51+00:00
2025-08-19,000660,SK하이닉스,263000.0,kis_api,2026-08-17T02:56:41+00:00
2025-08-20,0001,KOSPI,3130.09,kis_api,2026-08-17T02:56:51+00:00
2025-08-20,000660,SK하이닉스,255500.0,kis_api,2026-08-17T02:56:41+00:00
2025-08-21,0001,KOSPI,3141.74,kis_api,2026-08-17T02:56:51+00:00
2025-08-21,000660,SK하이닉스,245000.0,kis_api,2026-08-17T02:56:41+00:00
2025-08-22,0001,KOSPI,3168.73,kis_api,2026-08-17T02:56:51+00:00
2025-08-22,000660,SK하이닉스,251000.0,kis_api,2026-08-17T02:56:41+00:00
2025-08-25,0001,KOSPI,3209.86,kis_api,2026-08-17T02:56:51+00:00
2025-08-25,000660,SK하이닉스,259500.0,kis_api,2026-08-17T02:56:41+00:00
2025-08-26,0001,KOSPI,3179.36,kis_api,2026-08-17T02:56:51+00:00
2025-08-26,000660,SK하이닉스,261500.0,kis_api,2026-08-17T02:56:41+00:00
2025-08-27,0001,KOSPI,3187.16,kis_api,2026-08-17T02:56:51+00:00
2025-08-27,000660,SK하이닉스,260000.0,kis_api,2026-08-17T02:56:41+00:00
2025-08-28,0001,KOSPI,3196.32,kis_api,2026-08-17T02:56:51+00:00
2025-08-28,000660,SK하이닉스,268500.0,kis_api,2026-08-17T02:56:41+00:00
2025-08-29,0001,KOSPI,3186.01,kis_api,2026-08-17T02:56:51+00:00
2025-08-29,000660,SK하이닉스,269000.0,kis_api,2026-08-17T02:56:41+00:00
2025-09-01,0001,KOSPI,3142.93,kis_api,2026-08-17T02:56:51+00:00
2025-09-01,000660,SK하이닉스,256000.0,kis_api,2026-08-17T02:56:41+00:00
2025-09-02,0001,KOSPI,3172.35,kis_api,2026-08-17T02:56:51+00:00
2025-09-02,000660,SK하이닉스,260500.0,kis_api,2026-08-17T02:56:41+00:00
2025-09-03,0001,KOSPI,3184.42,kis_api,2026-08-17T02:56:51+00:00
2025-09-03,000660,SK하이닉스,262500.0,kis_api,2026-08-17T02:56:41+00:00
2025-09-04,0001,KOSPI,3200.83,kis_api,2026-08-17T02:56:51+00:00
2025-09-04,000660,SK하이닉스,265500.0,kis_api,2026-08-17T02:56:41+00:00
2025-09-05,0001,KOSPI,3205.12,kis_api,2026-08-17T02:56:51+00:00
2025-09-05,000660,SK하이닉스,273500.0,kis_api,2026-08-17T02:56:41+00:00
2025-09-08,0001,KOSPI,3219.59,kis_api,2026-08-17T02:56:51+00:00
2025-09-08,000660,SK하이닉스,277000.0,kis_api,2026-08-17T02:56:41+00:00
2025-09-09,0001,KOSPI,3260.05,kis_api,2026-08-17T02:56:51+00:00
2025-09-09,000660,SK하이닉스,288000.0,kis_api,2026-08-17T02:56:41+00:00
2025-09-10,0001,KOSPI,3314.53,kis_api,2026-08-17T02:56:51+00:00
2025-09-10,000660,SK하이닉스,304000.0,kis_api,2026-08-17T02:56:41+00:00
2025-09-11,0001,KOSPI,3344.2,kis_api,2026-08-17T02:56:51+00:00
2025-09-11,000660,SK하이닉스,307000.0,kis_api,2026-08-17T02:56:41+00:00
2025-09-12,0001,KOSPI,3395.54,kis_api,2026-08-17T02:56:51+00:00
2025-09-12,000660,SK하이닉스,328500.0,kis_api,2026-08-17T02:56:41+00:00
2025-09-15,0001,KOSPI,3407.31,kis_api,2026-08-17T02:56:51+00:00
2025-09-15,000660,SK하이닉스,331000.0,kis_api,2026-08-17T02:56:41+00:00
2025-09-16,0001,KOSPI,3449.62,kis_api,2026-08-17T02:56:51+00:00
2025-09-16,000660,SK하이닉스,348000.0,kis_api,2026-08-17T02:56:41+00:00
2025-09-17,0001,KOSPI,3413.4,kis_api,2026-08-17T02:56:51+00:00
2025-09-17,000660,SK하이닉스,333500.0,kis_api,2026-08-17T02:56:41+00:00
2025-09-18,0001,KOSPI,3461.3,kis_api,2026-08-17T02:56:51+00:00
2025-09-18,000660,SK하이닉스,353000.0,kis_api,2026-08-17T02:56:41+00:00
2025-09-19,0001,KOSPI,3445.24,kis_api,2026-08-17T02:56:51+00:00
2025-09-19,000660,SK하이닉스,353000.0,kis_api,2026-08-17T02:56:41+00:00
2025-09-22,0001,KOSPI,3468.65,kis_api,2026-08-17T02:56:51+00:00
2025-09-22,000660,SK하이닉스,351000.0,kis_api,2026-08-17T02:56:41+00:00
2025-09-23,0001,KOSPI,3486.19,kis_api,2026-08-17T02:56:51+00:00
2025-09-23,000660,SK하이닉스,361000.0,kis_api,2026-08-17T02:56:41+00:00
2025-09-24,0001,KOSPI,3472.14,kis_api,2026-08-17T02:56:51+00:00
2025-09-24,000660,SK하이닉스,357500.0,kis_api,2026-08-17T02:56:41+00:00
2025-09-25,0001,KOSPI,3471.11,kis_api,2026-08-17T02:56:51+00:00
2025-09-25,000660,SK하이닉스,356500.0,kis_api,2026-08-17T02:56:41+00:00
2025-09-26,0001,KOSPI,3386.05,kis_api,2026-08-17T02:56:51+00:00
2025-09-26,000660,SK하이닉스,336500.0,kis_api,2026-08-17T02:56:41+00:00
2025-09-29,0001,KOSPI,3431.21,kis_api,2026-08-17T02:56:51+00:00
2025-09-29,000660,SK하이닉스,349000.0,kis_api,2026-08-17T02:56:41+00:00
2025-09-30,0001,KOSPI,3424.6,kis_api,2026-08-17T02:56:51+00:00
2025-09-30,000660,SK하이닉스,347500.0,kis_api,2026-08-17T02:56:41+00:00
2025-10-01,0001,KOSPI,3455.83,kis_api,2026-08-17T02:56:51+00:00
2025-10-01,000660,SK하이닉스,360000.0,kis_api,2026-08-17T02:56:41+00:00
2025-10-02,0001,KOSPI,3549.21,kis_api,2026-08-17T02:56:51+00:00
2025-10-02,000660,SK하이닉스,395500.0,kis_api,2026-08-17T02:56:41+00:00
2025-10-10,0001,KOSPI,3610.6,kis_api,2026-08-17T02:56:51+00:00
2025-10-10,000660,SK하이닉스,428000.0,kis_api,2026-08-17T02:56:41+00:00
2025-10-13,0001,KOSPI,3584.55,kis_api,2026-08-17T02:56:51+00:00
2025-10-13,000660,SK하이닉스,415000.0,kis_api,2026-08-17T02:56:41+00:00
2025-10-14,0001,KOSPI,3561.81,kis_api,2026-08-17T02:56:51+00:00
2025-10-14,000660,SK하이닉스,411500.0,kis_api,2026-08-17T02:56:41+00:00
2025-10-15,0001,KOSPI,3657.28,kis_api,2026-08-17T02:56:51+00:00
2025-10-15,000660,SK하이닉스,422500.0,kis_api,2026-08-17T02:56:41+00:00
2025-10-16,0001,KOSPI,3748.37,kis_api,2026-08-17T02:56:51+00:00
2025-10-16,000660,SK하이닉스,452500.0,kis_api,2026-08-17T02:56:41+00:00
2025-10-17,0001,KOSPI,3748.89,kis_api,2026-08-17T02:56:51+00:00
2025-10-17,000660,SK하이닉스,465500.0,kis_api,2026-08-17T02:56:41+00:00
2025-10-20,0001,KOSPI,3814.69,kis_api,2026-08-17T02:56:51+00:00
2025-10-20,000660,SK하이닉스,485500.0,kis_api,2026-08-17T02:56:41+00:00
2025-10-21,0001,KOSPI,3823.84,kis_api,2026-08-17T02:56:51+00:00
2025-10-21,000660,SK하이닉스,479000.0,kis_api,2026-08-17T02:56:41+00:00
2025-10-22,0001,KOSPI,3883.68,kis_api,2026-08-17T02:56:51+00:00
2025-10-22,000660,SK하이닉스,481500.0,kis_api,2026-08-17T02:56:41+00:00
2025-10-23,0001,KOSPI,3845.56,kis_api,2026-08-17T02:56:51+00:00
2025-10-23,000660,SK하이닉스,478500.0,kis_api,2026-08-17T02:56:41+00:00
2025-10-24,0001,KOSPI,3941.59,kis_api,2026-08-17T02:56:51+00:00
2025-10-24,000660,SK하이닉스,510000.0,kis_api,2026-08-17T02:56:41+00:00
2025-10-27,0001,KOSPI,4042.83,kis_api,2026-08-17T02:56:51+00:00
2025-10-27,000660,SK하이닉스,535000.0,kis_api,2026-08-17T02:56:41+00:00
2025-10-28,0001,KOSPI,4010.41,kis_api,2026-08-17T02:56:51+00:00
2025-10-28,000660,SK하이닉스,521000.0,kis_api,2026-08-17T02:56:41+00:00
2025-10-29,0001,KOSPI,4081.15,kis_api,2026-08-17T02:56:51+00:00
2025-10-29,000660,SK하이닉스,558000.0,kis_api,2026-08-17T02:56:41+00:00
2025-10-30,0001,KOSPI,4086.89,kis_api,2026-08-17T02:56:51+00:00
2025-10-30,000660,SK하이닉스,568000.0,kis_api,2026-08-17T02:56:41+00:00
2025-10-31,0001,KOSPI,4107.5,kis_api,2026-08-17T02:56:51+00:00
2025-10-31,000660,SK하이닉스,559000.0,kis_api,2026-08-17T02:56:41+00:00
2025-11-03,0001,KOSPI,4221.87,kis_api,2026-08-17T02:56:51+00:00
2025-11-03,000660,SK하이닉스,620000.0,kis_api,2026-08-17T02:56:41+00:00
2025-11-04,0001,KOSPI,4121.74,kis_api,2026-08-17T02:56:51+00:00
2025-11-04,000660,SK하이닉스,586000.0,kis_api,2026-08-17T02:56:41+00:00
2025-11-05,0001,KOSPI,4004.42,kis_api,2026-08-17T02:56:51+00:00
2025-11-05,000660,SK하이닉스,579000.0,kis_api,2026-08-17T02:56:41+00:00
2025-11-06,0001,KOSPI,4026.45,kis_api,2026-08-17T02:56:51+00:00
2025-11-06,000660,SK하이닉스,593000.0,kis_api,2026-08-17T02:56:41+00:00
2025-11-07,0001,KOSPI,3953.76,kis_api,2026-08-17T02:56:51+00:00
2025-11-07,000660,SK하이닉스,580000.0,kis_api,2026-08-17T02:56:41+00:00
2025-11-10,0001,KOSPI,4073.24,kis_api,2026-08-17T02:56:51+00:00
2025-11-10,000660,SK하이닉스,606000.0,kis_api,2026-08-17T02:56:41+00:00
2025-11-11,0001,KOSPI,4106.39,kis_api,2026-08-17T02:56:51+00:00
2025-11-11,000660,SK하이닉스,619000.0,kis_api,2026-08-17T02:56:41+00:00
2025-11-12,0001,KOSPI,4150.39,kis_api,2026-08-17T02:56:51+00:00
2025-11-12,000660,SK하이닉스,617000.0,kis_api,2026-08-17T02:56:41+00:00
2025-11-13,0001,KOSPI,4170.63,kis_api,2026-08-17T02:56:51+00:00
2025-11-13,000660,SK하이닉스,612000.0,kis_api,2026-08-17T02:56:41+00:00
2025-11-14,0001,KOSPI,4011.57,kis_api,2026-08-17T02:56:51+00:00
2025-11-14,000660,SK하이닉스,560000.0,kis_api,2026-08-17T02:56:41+00:00
2025-11-17,0001,KOSPI,4089.25,kis_api,2026-08-17T02:56:51+00:00
2025-11-17,000660,SK하이닉스,606000.0,kis_api,2026-08-17T02:56:41+00:00
2025-11-18,0001,KOSPI,3953.62,kis_api,2026-08-17T02:56:51+00:00
2025-11-18,000660,SK하이닉스,570000.0,kis_api,2026-08-17T02:56:41+00:00
2025-11-19,0001,KOSPI,3929.51,kis_api,2026-08-17T02:56:51+00:00
2025-11-19,000660,SK하이닉스,562000.0,kis_api,2026-08-17T02:56:41+00:00
2025-11-20,0001,KOSPI,4004.85,kis_api,2026-08-17T02:56:51+00:00
2025-11-20,000660,SK하이닉스,571000.0,kis_api,2026-08-17T02:56:41+00:00
2025-11-21,0001,KOSPI,3853.26,kis_api,2026-08-17T02:56:51+00:00
2025-11-21,000660,SK하이닉스,521000.0,kis_api,2026-08-17T02:56:41+00:00
2025-11-24,0001,KOSPI,3846.06,kis_api,2026-08-17T02:56:51+00:00
2025-11-24,000660,SK하이닉스,520000.0,kis_api,2026-08-17T02:56:41+00:00
2025-11-25,0001,KOSPI,3857.78,kis_api,2026-08-17T02:56:51+00:00
2025-11-25,000660,SK하이닉스,519000.0,kis_api,2026-08-17T02:56:41+00:00
2025-11-26,0001,KOSPI,3960.87,kis_api,2026-08-17T02:56:51+00:00
2025-11-26,000660,SK하이닉스,524000.0,kis_api,2026-08-17T02:56:41+00:00
2025-11-27,0001,KOSPI,3986.91,kis_api,2026-08-17T02:56:51+00:00
2025-11-27,000660,SK하이닉스,544000.0,kis_api,2026-08-17T02:56:41+00:00
2025-11-28,0001,KOSPI,3926.59,kis_api,2026-08-17T02:56:51+00:00
2025-11-28,000660,SK하이닉스,530000.0,kis_api,2026-08-17T02:56:41+00:00
2025-12-01,0001,KOSPI,3920.37,kis_api,2026-08-17T02:56:51+00:00
2025-12-01,000660,SK하이닉스,538000.0,kis_api,2026-08-17T02:56:41+00:00
2025-12-02,0001,KOSPI,3994.93,kis_api,2026-08-17T02:56:51+00:00
2025-12-02,000660,SK하이닉스,558000.0,kis_api,2026-08-17T02:56:41+00:00
2025-12-03,0001,KOSPI,4036.3,kis_api,2026-08-17T02:56:51+00:00
2025-12-03,000660,SK하이닉스,552000.0,kis_api,2026-08-17T02:56:41+00:00
2025-12-04,0001,KOSPI,4028.51,kis_api,2026-08-17T02:56:51+00:00
2025-12-04,000660,SK하이닉스,542000.0,kis_api,2026-08-17T02:56:41+00:00
2025-12-05,0001,KOSPI,4100.05,kis_api,2026-08-17T02:56:51+00:00
2025-12-05,000660,SK하이닉스,544000.0,kis_api,2026-08-17T02:56:41+00:00
2025-12-08,0001,KOSPI,4154.85,kis_api,2026-08-17T02:56:51+00:00
2025-12-08,000660,SK하이닉스,577000.0,kis_api,2026-08-17T02:56:41+00:00
2025-12-09,0001,KOSPI,4143.55,kis_api,2026-08-17T02:56:51+00:00
2025-12-09,000660,SK하이닉스,566000.0,kis_api,2026-08-17T02:56:41+00:00
2025-12-10,0001,KOSPI,4135.0,kis_api,2026-08-17T02:56:51+00:00
2025-12-10,000660,SK하이닉스,587000.0,kis_api,2026-08-17T02:56:41+00:00
2025-12-11,0001,KOSPI,4110.62,kis_api,2026-08-17T02:56:51+00:00
2025-12-11,000660,SK하이닉스,565000.0,kis_api,2026-08-17T02:56:41+00:00
2025-12-12,0001,KOSPI,4167.16,kis_api,2026-08-17T02:56:51+00:00
2025-12-12,000660,SK하이닉스,571000.0,kis_api,2026-08-17T02:56:41+00:00
2025-12-15,0001,KOSPI,4090.59,kis_api,2026-08-17T02:56:51+00:00
2025-12-15,000660,SK하이닉스,554000.0,kis_api,2026-08-17T02:56:41+00:00
2025-12-16,0001,KOSPI,3999.13,kis_api,2026-08-17T02:56:51+00:00
2025-12-16,000660,SK하이닉스,530000.0,kis_api,2026-08-17T02:56:41+00:00
2025-12-17,0001,KOSPI,4056.41,kis_api,2026-08-17T02:56:51+00:00
2025-12-17,000660,SK하이닉스,551000.0,kis_api,2026-08-17T02:56:41+00:00
2025-12-18,0001,KOSPI,3994.51,kis_api,2026-08-17T02:56:51+00:00
2025-12-18,000660,SK하이닉스,552000.0,kis_api,2026-08-17T02:56:41+00:00
2025-12-19,0001,KOSPI,4020.55,kis_api,2026-08-17T02:56:51+00:00
2025-12-19,000660,SK하이닉스,547000.0,kis_api,2026-08-17T02:56:41+00:00
2025-12-22,0001,KOSPI,4105.93,kis_api,2026-08-17T02:56:51+00:00
2025-12-22,000660,SK하이닉스,580000.0,kis_api,2026-08-17T02:56:41+00:00
2025-12-23,0001,KOSPI,4117.32,kis_api,2026-08-17T02:56:51+00:00
2025-12-23,000660,SK하이닉스,584000.0,kis_api,2026-08-17T02:56:41+00:00
2025-12-24,0001,KOSPI,4108.62,kis_api,2026-08-17T02:56:51+00:00
2025-12-24,000660,SK하이닉스,588000.0,kis_api,2026-08-17T02:56:41+00:00
2025-12-26,0001,KOSPI,4129.68,kis_api,2026-08-17T02:56:51+00:00
2025-12-26,000660,SK하이닉스,599000.0,kis_api,2026-08-17T02:56:41+00:00
2025-12-29,0001,KOSPI,4220.56,kis_api,2026-08-17T02:56:51+00:00
2025-12-29,000660,SK하이닉스,640000.0,kis_api,2026-08-17T02:56:41+00:00
2025-12-30,0001,KOSPI,4214.17,kis_api,2026-08-17T02:56:51+00:00
2025-12-30,000660,SK하이닉스,651000.0,kis_api,2026-08-17T02:56:41+00:00
2026-01-02,0001,KOSPI,4309.63,kis_api,2026-08-17T02:56:51+00:00
2026-01-02,000660,SK하이닉스,677000.0,kis_api,2026-08-17T02:56:41+00:00
2026-01-05,0001,KOSPI,4457.52,kis_api,2026-08-17T02:56:51+00:00
2026-01-05,000660,SK하이닉스,696000.0,kis_api,2026-08-17T02:56:41+00:00
2026-01-06,0001,KOSPI,4525.48,kis_api,2026-08-17T02:56:51+00:00
2026-01-06,000660,SK하이닉스,726000.0,kis_api,2026-08-17T02:56:41+00:00
2026-01-07,0001,KOSPI,4551.06,kis_api,2026-08-17T02:56:51+00:00
2026-01-07,000660,SK하이닉스,742000.0,kis_api,2026-08-17T02:56:41+00:00
2026-01-08,0001,KOSPI,4552.37,kis_api,2026-08-17T02:56:51+00:00
2026-01-08,000660,SK하이닉스,756000.0,kis_api,2026-08-17T02:56:41+00:00
2026-01-09,0001,KOSPI,4586.32,kis_api,2026-08-17T02:56:51+00:00
2026-01-09,000660,SK하이닉스,744000.0,kis_api,2026-08-17T02:56:41+00:00
2026-01-12,0001,KOSPI,4624.79,kis_api,2026-08-17T02:56:51+00:00
2026-01-12,000660,SK하이닉스,749000.0,kis_api,2026-08-17T02:56:41+00:00
2026-01-13,0001,KOSPI,4692.64,kis_api,2026-08-17T02:56:51+00:00
2026-01-13,000660,SK하이닉스,738000.0,kis_api,2026-08-17T02:56:41+00:00
2026-01-14,0001,KOSPI,4723.1,kis_api,2026-08-17T02:56:51+00:00
2026-01-14,000660,SK하이닉스,742000.0,kis_api,2026-08-17T02:56:41+00:00
2026-01-15,0001,KOSPI,4797.55,kis_api,2026-08-17T02:56:51+00:00
2026-01-15,000660,SK하이닉스,749000.0,kis_api,2026-08-17T02:56:41+00:00
2026-01-16,0001,KOSPI,4840.74,kis_api,2026-08-17T02:56:51+00:00
2026-01-16,000660,SK하이닉스,756000.0,kis_api,2026-08-17T02:56:41+00:00
2026-01-19,0001,KOSPI,4904.66,kis_api,2026-08-17T02:56:51+00:00
2026-01-19,000660,SK하이닉스,764000.0,kis_api,2026-08-17T02:56:41+00:00
2026-01-20,0001,KOSPI,4885.75,kis_api,2026-08-17T02:56:51+00:00
2026-01-20,000660,SK하이닉스,743000.0,kis_api,2026-08-17T02:56:41+00:00
2026-01-21,0001,KOSPI,4909.93,kis_api,2026-08-17T02:56:51+00:00
2026-01-21,000660,SK하이닉스,740000.0,kis_api,2026-08-17T02:56:41+00:00
2026-01-22,0001,KOSPI,4952.53,kis_api,2026-08-17T02:56:51+00:00
2026-01-22,000660,SK하이닉스,755000.0,kis_api,2026-08-17T02:56:41+00:00
2026-01-23,0001,KOSPI,4990.07,kis_api,2026-08-17T02:56:51+00:00
2026-01-23,000660,SK하이닉스,767000.0,kis_api,2026-08-17T02:56:41+00:00
2026-01-26,0001,KOSPI,4949.59,kis_api,2026-08-17T02:56:51+00:00
2026-01-26,000660,SK하이닉스,736000.0,kis_api,2026-08-17T02:56:41+00:00
2026-01-27,0001,KOSPI,5084.85,kis_api,2026-08-17T02:56:51+00:00
2026-01-27,000660,SK하이닉스,800000.0,kis_api,2026-08-17T02:56:41+00:00
2026-01-28,0001,KOSPI,5170.81,kis_api,2026-08-17T02:56:51+00:00
2026-01-28,000660,SK하이닉스,841000.0,kis_api,2026-08-17T02:56:41+00:00
2026-01-29,0001,KOSPI,5221.25,kis_api,2026-08-17T02:56:51+00:00
2026-01-29,000660,SK하이닉스,861000.0,kis_api,2026-08-17T02:56:41+00:00
2026-01-30,0001,KOSPI,5224.36,kis_api,2026-08-17T02:56:51+00:00
2026-01-30,000660,SK하이닉스,909000.0,kis_api,2026-08-17T02:56:41+00:00
2026-02-02,0001,KOSPI,4949.67,kis_api,2026-08-17T02:56:51+00:00
2026-02-02,000660,SK하이닉스,830000.0,kis_api,2026-08-17T02:56:41+00:00
2026-02-03,0001,KOSPI,5288.08,kis_api,2026-08-17T02:56:51+00:00
2026-02-03,000660,SK하이닉스,907000.0,kis_api,2026-08-17T02:56:41+00:00
2026-02-04,0001,KOSPI,5371.1,kis_api,2026-08-17T02:56:51+00:00
2026-02-04,000660,SK하이닉스,900000.0,kis_api,2026-08-17T02:56:41+00:00
2026-02-05,0001,KOSPI,5163.57,kis_api,2026-08-17T02:56:51+00:00
2026-02-05,000660,SK하이닉스,842000.0,kis_api,2026-08-17T02:56:41+00:00
2026-02-06,0001,KOSPI,5089.14,kis_api,2026-08-17T02:56:51+00:00
2026-02-06,000660,SK하이닉스,839000.0,kis_api,2026-08-17T02:56:41+00:00
2026-02-09,0001,KOSPI,5298.04,kis_api,2026-08-17T02:56:51+00:00
2026-02-09,000660,SK하이닉스,887000.0,kis_api,2026-08-17T02:56:41+00:00
2026-02-10,0001,KOSPI,5301.69,kis_api,2026-08-17T02:56:51+00:00
2026-02-10,000660,SK하이닉스,876000.0,kis_api,2026-08-17T02:56:41+00:00
2026-02-11,0001,KOSPI,5354.49,kis_api,2026-08-17T02:56:51+00:00
2026-02-11,000660,SK하이닉스,860000.0,kis_api,2026-08-17T02:56:41+00:00
2026-02-12,0001,KOSPI,5522.27,kis_api,2026-08-17T02:56:51+00:00
2026-02-12,000660,SK하이닉스,888000.0,kis_api,2026-08-17T02:56:41+00:00
2026-02-13,0001,KOSPI,5507.01,kis_api,2026-08-17T02:56:51+00:00
2026-02-13,000660,SK하이닉스,880000.0,kis_api,2026-08-17T02:56:41+00:00
2026-02-19,0001,KOSPI,5677.25,kis_api,2026-08-17T02:56:51+00:00
2026-02-19,000660,SK하이닉스,894000.0,kis_api,2026-08-17T02:56:41+00:00
2026-02-20,0001,KOSPI,5808.53,kis_api,2026-08-17T02:56:51+00:00
2026-02-20,000660,SK하이닉스,949000.0,kis_api,2026-08-17T02:56:41+00:00
2026-02-23,0001,KOSPI,5846.09,kis_api,2026-08-17T02:56:51+00:00
2026-02-23,000660,SK하이닉스,951000.0,kis_api,2026-08-17T02:56:41+00:00
2026-02-24,0001,KOSPI,5969.64,kis_api,2026-08-17T02:56:51+00:00
2026-02-24,000660,SK하이닉스,1005000.0,kis_api,2026-08-17T02:56:41+00:00
2026-02-25,0001,KOSPI,6083.86,kis_api,2026-08-17T02:56:51+00:00
2026-02-25,000660,SK하이닉스,1018000.0,kis_api,2026-08-17T02:56:41+00:00
2026-02-26,0001,KOSPI,6307.27,kis_api,2026-08-17T02:56:51+00:00
2026-02-26,000660,SK하이닉스,1099000.0,kis_api,2026-08-17T02:56:41+00:00
2026-02-27,0001,KOSPI,6244.13,kis_api,2026-08-17T02:56:51+00:00
2026-02-27,000660,SK하이닉스,1061000.0,kis_api,2026-08-17T02:56:41+00:00
2026-03-03,0001,KOSPI,5791.91,kis_api,2026-08-17T02:56:51+00:00
2026-03-03,000660,SK하이닉스,939000.0,kis_api,2026-08-17T02:56:41+00:00
2026-03-04,0001,KOSPI,5093.54,kis_api,2026-08-17T02:56:51+00:00
2026-03-04,000660,SK하이닉스,849000.0,kis_api,2026-08-17T02:56:41+00:00
2026-03-05,0001,KOSPI,5583.9,kis_api,2026-08-17T02:56:51+00:00
2026-03-05,000660,SK하이닉스,941000.0,kis_api,2026-08-17T02:56:41+00:00
2026-03-06,0001,KOSPI,5584.87,kis_api,2026-08-17T02:56:51+00:00
2026-03-06,000660,SK하이닉스,924000.0,kis_api,2026-08-17T02:56:41+00:00
2026-03-09,0001,KOSPI,5251.87,kis_api,2026-08-17T02:56:51+00:00
2026-03-09,000660,SK하이닉스,836000.0,kis_api,2026-08-17T02:56:41+00:00
2026-03-10,0001,KOSPI,5532.59,kis_api,2026-08-17T02:56:51+00:00
2026-03-10,000660,SK하이닉스,938000.0,kis_api,2026-08-17T02:56:41+00:00
2026-03-11,0001,KOSPI,5609.95,kis_api,2026-08-17T02:56:51+00:00
2026-03-11,000660,SK하이닉스,955000.0,kis_api,2026-08-17T02:56:41+00:00
2026-03-12,0001,KOSPI,5583.25,kis_api,2026-08-17T02:56:51+00:00
2026-03-12,000660,SK하이닉스,930000.0,kis_api,2026-08-17T02:56:41+00:00
2026-03-13,0001,KOSPI,5487.24,kis_api,2026-08-17T02:56:51+00:00
2026-03-13,000660,SK하이닉스,910000.0,kis_api,2026-08-17T02:56:41+00:00
2026-03-16,0001,KOSPI,5549.85,kis_api,2026-08-17T02:56:51+00:00
2026-03-16,000660,SK하이닉스,974000.0,kis_api,2026-08-17T02:56:41+00:00
2026-03-17,0001,KOSPI,5640.48,kis_api,2026-08-17T02:56:51+00:00
2026-03-17,000660,SK하이닉스,970000.0,kis_api,2026-08-17T02:56:41+00:00
2026-03-18,0001,KOSPI,5925.03,kis_api,2026-08-17T02:56:51+00:00
2026-03-18,000660,SK하이닉스,1056000.0,kis_api,2026-08-17T02:56:41+00:00
2026-03-19,0001,KOSPI,5763.22,kis_api,2026-08-17T02:56:51+00:00
2026-03-19,000660,SK하이닉스,1013000.0,kis_api,2026-08-17T02:56:41+00:00
2026-03-20,0001,KOSPI,5781.2,kis_api,2026-08-17T02:56:51+00:00
2026-03-20,000660,SK하이닉스,1007000.0,kis_api,2026-08-17T02:56:41+00:00
2026-03-23,0001,KOSPI,5405.75,kis_api,2026-08-17T02:56:51+00:00
2026-03-23,000660,SK하이닉스,933000.0,kis_api,2026-08-17T02:56:41+00:00
2026-03-24,0001,KOSPI,5553.92,kis_api,2026-08-17T02:56:51+00:00
2026-03-24,000660,SK하이닉스,986000.0,kis_api,2026-08-17T02:56:41+00:00
2026-03-25,0001,KOSPI,5642.21,kis_api,2026-08-17T02:56:51+00:00
2026-03-25,000660,SK하이닉스,995000.0,kis_api,2026-08-17T02:56:41+00:00
2026-03-26,0001,KOSPI,5460.46,kis_api,2026-08-17T02:56:51+00:00
2026-03-26,000660,SK하이닉스,933000.0,kis_api,2026-08-17T02:56:41+00:00
2026-03-27,0001,KOSPI,5438.87,kis_api,2026-08-17T02:56:51+00:00
2026-03-27,000660,SK하이닉스,922000.0,kis_api,2026-08-17T02:56:41+00:00
2026-03-30,0001,KOSPI,5277.3,kis_api,2026-08-17T02:56:51+00:00
2026-03-30,000660,SK하이닉스,873000.0,kis_api,2026-08-17T02:56:41+00:00
2026-03-31,0001,KOSPI,5052.46,kis_api,2026-08-17T02:56:51+00:00
2026-03-31,000660,SK하이닉스,807000.0,kis_api,2026-08-17T02:56:41+00:00
2026-04-01,0001,KOSPI,5478.7,kis_api,2026-08-17T02:56:51+00:00
2026-04-01,000660,SK하이닉스,893000.0,kis_api,2026-08-17T02:56:41+00:00
2026-04-02,0001,KOSPI,5234.05,kis_api,2026-08-17T02:56:51+00:00
2026-04-02,000660,SK하이닉스,830000.0,kis_api,2026-08-17T02:56:41+00:00
2026-04-03,0001,KOSPI,5377.3,kis_api,2026-08-17T02:56:51+00:00
2026-04-03,000660,SK하이닉스,876000.0,kis_api,2026-08-17T02:56:41+00:00
2026-04-06,0001,KOSPI,5450.33,kis_api,2026-08-17T02:56:51+00:00
2026-04-06,000660,SK하이닉스,886000.0,kis_api,2026-08-17T02:56:41+00:00
2026-04-07,0001,KOSPI,5494.78,kis_api,2026-08-17T02:56:51+00:00
2026-04-07,000660,SK하이닉스,916000.0,kis_api,2026-08-17T02:56:41+00:00
2026-04-08,0001,KOSPI,5872.34,kis_api,2026-08-17T02:56:51+00:00
2026-04-08,000660,SK하이닉스,1033000.0,kis_api,2026-08-17T02:56:41+00:00
2026-04-09,0001,KOSPI,5778.01,kis_api,2026-08-17T02:56:51+00:00
2026-04-09,000660,SK하이닉스,998000.0,kis_api,2026-08-17T02:56:41+00:00
2026-04-10,0001,KOSPI,5858.87,kis_api,2026-08-17T02:56:51+00:00
2026-04-10,000660,SK하이닉스,1027000.0,kis_api,2026-08-17T02:56:41+00:00
2026-04-13,0001,KOSPI,5808.62,kis_api,2026-08-17T02:56:51+00:00
2026-04-13,000660,SK하이닉스,1040000.0,kis_api,2026-08-17T02:56:41+00:00
2026-04-14,0001,KOSPI,5967.75,kis_api,2026-08-17T02:56:51+00:00
2026-04-14,000660,SK하이닉스,1103000.0,kis_api,2026-08-17T02:56:41+00:00
2026-04-15,0001,KOSPI,6091.39,kis_api,2026-08-17T02:56:51+00:00
2026-04-15,000660,SK하이닉스,1136000.0,kis_api,2026-08-17T02:56:41+00:00
2026-04-16,0001,KOSPI,6226.05,kis_api,2026-08-17T02:56:51+00:00
2026-04-16,000660,SK하이닉스,1155000.0,kis_api,2026-08-17T02:56:41+00:00
2026-04-17,0001,KOSPI,6191.92,kis_api,2026-08-17T02:56:51+00:00
2026-04-17,000660,SK하이닉스,1128000.0,kis_api,2026-08-17T02:56:41+00:00
2026-04-20,0001,KOSPI,6219.09,kis_api,2026-08-17T02:56:51+00:00
2026-04-20,000660,SK하이닉스,1166000.0,kis_api,2026-08-17T02:56:41+00:00
2026-04-21,0001,KOSPI,6388.47,kis_api,2026-08-17T02:56:51+00:00
2026-04-21,000660,SK하이닉스,1224000.0,kis_api,2026-08-17T02:56:41+00:00
2026-04-22,0001,KOSPI,6417.93,kis_api,2026-08-17T02:56:51+00:00
2026-04-22,000660,SK하이닉스,1223000.0,kis_api,2026-08-17T02:56:41+00:00
2026-04-23,0001,KOSPI,6475.81,kis_api,2026-08-17T02:56:51+00:00
2026-04-23,000660,SK하이닉스,1225000.0,kis_api,2026-08-17T02:56:41+00:00
2026-04-24,0001,KOSPI,6475.63,kis_api,2026-08-17T02:56:51+00:00
2026-04-24,000660,SK하이닉스,1222000.0,kis_api,2026-08-17T02:56:41+00:00
2026-04-27,0001,KOSPI,6615.03,kis_api,2026-08-17T02:56:51+00:00
2026-04-27,000660,SK하이닉스,1292000.0,kis_api,2026-08-17T02:56:41+00:00
2026-04-28,0001,KOSPI,6641.02,kis_api,2026-08-17T02:56:51+00:00
2026-04-28,000660,SK하이닉스,1300000.0,kis_api,2026-08-17T02:56:41+00:00
2026-04-29,0001,KOSPI,6690.9,kis_api,2026-08-17T02:56:51+00:00
2026-04-29,000660,SK하이닉스,1293000.0,kis_api,2026-08-17T02:56:41+00:00
2026-04-30,0001,KOSPI,6598.87,kis_api,2026-08-17T02:56:51+00:00
2026-04-30,000660,SK하이닉스,1286000.0,kis_api,2026-08-17T02:56:41+00:00
2026-05-04,0001,KOSPI,6936.99,kis_api,2026-08-17T02:56:51+00:00
2026-05-04,000660,SK하이닉스,1447000.0,kis_api,2026-08-17T02:56:41+00:00
2026-05-06,0001,KOSPI,7384.56,kis_api,2026-08-17T02:56:51+00:00
2026-05-06,000660,SK하이닉스,1601000.0,kis_api,2026-08-17T02:56:41+00:00
2026-05-07,0001,KOSPI,7490.05,kis_api,2026-08-17T02:56:51+00:00
2026-05-07,000660,SK하이닉스,1654000.0,kis_api,2026-08-17T02:56:41+00:00
2026-05-08,0001,KOSPI,7498.0,kis_api,2026-08-17T02:56:51+00:00
2026-05-08,000660,SK하이닉스,1686000.0,kis_api,2026-08-17T02:56:41+00:00
2026-05-11,0001,KOSPI,7822.24,kis_api,2026-08-17T02:56:51+00:00
2026-05-11,000660,SK하이닉스,1880000.0,kis_api,2026-08-17T02:56:41+00:00
2026-05-12,0001,KOSPI,7643.15,kis_api,2026-08-17T02:56:51+00:00
2026-05-12,000660,SK하이닉스,1835000.0,kis_api,2026-08-17T02:56:41+00:00
2026-05-13,0001,KOSPI,7844.01,kis_api,2026-08-17T02:56:51+00:00
2026-05-13,000660,SK하이닉스,1976000.0,kis_api,2026-08-17T02:56:41+00:00
2026-05-14,0001,KOSPI,7981.41,kis_api,2026-08-17T02:56:51+00:00
2026-05-14,000660,SK하이닉스,1970000.0,kis_api,2026-08-17T02:56:41+00:00
2026-05-15,0001,KOSPI,7493.18,kis_api,2026-08-17T02:56:51+00:00
2026-05-15,000660,SK하이닉스,1819000.0,kis_api,2026-08-17T02:56:41+00:00
2026-05-18,0001,KOSPI,7516.04,kis_api,2026-08-17T02:56:51+00:00
2026-05-18,000660,SK하이닉스,1840000.0,kis_api,2026-08-17T02:56:41+00:00
2026-05-19,0001,KOSPI,7271.66,kis_api,2026-08-17T02:56:51+00:00
2026-05-19,000660,SK하이닉스,1745000.0,kis_api,2026-08-17T02:56:41+00:00
2026-05-20,0001,KOSPI,7208.95,kis_api,2026-08-17T02:56:51+00:00
2026-05-20,000660,SK하이닉스,1745000.0,kis_api,2026-08-17T02:56:41+00:00
2026-05-21,0001,KOSPI,7815.59,kis_api,2026-08-17T02:56:51+00:00
2026-05-21,000660,SK하이닉스,1940000.0,kis_api,2026-08-17T02:56:41+00:00
2026-05-22,0001,KOSPI,7847.71,kis_api,2026-08-17T02:56:51+00:00
2026-05-22,000660,SK하이닉스,1941000.0,kis_api,2026-08-17T02:56:41+00:00
2026-05-26,0001,KOSPI,8047.51,kis_api,2026-08-17T02:56:51+00:00
2026-05-26,000660,SK하이닉스,2052000.0,kis_api,2026-08-17T02:56:41+00:00
2026-05-27,0001,KOSPI,8228.7,kis_api,2026-08-17T02:56:51+00:00
2026-05-27,000660,SK하이닉스,2243000.0,kis_api,2026-08-17T02:56:41+00:00
2026-05-28,0001,KOSPI,8185.29,kis_api,2026-08-17T02:56:51+00:00
2026-05-28,000660,SK하이닉스,2289000.0,kis_api,2026-08-17T02:56:41+00:00
2026-05-29,0001,KOSPI,8476.15,kis_api,2026-08-17T02:56:51+00:00
2026-05-29,000660,SK하이닉스,2333000.0,kis_api,2026-08-17T02:56:41+00:00
2026-06-01,0001,KOSPI,8788.38,kis_api,2026-08-17T02:56:51+00:00
2026-06-01,000660,SK하이닉스,2363000.0,kis_api,2026-08-17T02:56:41+00:00
2026-06-02,0001,KOSPI,8801.49,kis_api,2026-08-17T02:56:51+00:00
2026-06-02,000660,SK하이닉스,2360000.0,kis_api,2026-08-17T02:56:41+00:00
2026-06-04,0001,KOSPI,8639.41,kis_api,2026-08-17T02:56:51+00:00
2026-06-04,000660,SK하이닉스,2298000.0,kis_api,2026-08-17T02:56:41+00:00
2026-06-05,0001,KOSPI,8160.59,kis_api,2026-08-17T02:56:51+00:00
2026-06-05,000660,SK하이닉스,2070000.0,kis_api,2026-08-17T02:56:41+00:00
2026-06-08,0001,KOSPI,7484.41,kis_api,2026-08-17T02:56:51+00:00
2026-06-08,000660,SK하이닉스,1911000.0,kis_api,2026-08-17T02:56:41+00:00
2026-06-09,0001,KOSPI,8096.93,kis_api,2026-08-17T02:56:51+00:00
2026-06-09,000660,SK하이닉스,2215000.0,kis_api,2026-08-17T02:56:41+00:00
2026-06-10,0001,KOSPI,7730.82,kis_api,2026-08-17T02:56:51+00:00
2026-06-10,000660,SK하이닉스,2048000.0,kis_api,2026-08-17T02:56:41+00:00
2026-06-11,0001,KOSPI,7763.95,kis_api,2026-08-17T02:56:51+00:00
2026-06-11,000660,SK하이닉스,2101000.0,kis_api,2026-08-17T02:56:41+00:00
2026-06-12,0001,KOSPI,8123.62,kis_api,2026-08-17T02:56:51+00:00
2026-06-12,000660,SK하이닉스,2150000.0,kis_api,2026-08-17T02:56:41+00:00
2026-06-15,0001,KOSPI,8545.98,kis_api,2026-08-17T02:56:51+00:00
2026-06-15,000660,SK하이닉스,2288000.0,kis_api,2026-08-17T02:56:41+00:00
2026-06-16,0001,KOSPI,8726.6,kis_api,2026-08-17T02:56:51+00:00
2026-06-16,000660,SK하이닉스,2382000.0,kis_api,2026-08-17T02:56:41+00:00
2026-06-17,0001,KOSPI,8864.24,kis_api,2026-08-17T02:56:51+00:00
2026-06-17,000660,SK하이닉스,2521000.0,kis_api,2026-08-17T02:56:41+00:00
2026-06-18,0001,KOSPI,9063.84,kis_api,2026-08-17T02:56:51+00:00
2026-06-18,000660,SK하이닉스,2685000.0,kis_api,2026-08-17T02:56:41+00:00
2026-06-19,0001,KOSPI,9052.42,kis_api,2026-08-17T02:56:51+00:00
2026-06-19,000660,SK하이닉스,2764000.0,kis_api,2026-08-17T02:56:41+00:00
2026-06-22,0001,KOSPI,9114.55,kis_api,2026-08-17T02:56:51+00:00
2026-06-22,000660,SK하이닉스,2919000.0,kis_api,2026-08-17T02:56:41+00:00
2026-06-23,0001,KOSPI,8203.84,kis_api,2026-08-17T02:56:51+00:00
2026-06-23,000660,SK하이닉스,2555000.0,kis_api,2026-08-17T02:56:41+00:00
2026-06-24,0001,KOSPI,8471.02,kis_api,2026-08-17T02:56:51+00:00
2026-06-24,000660,SK하이닉스,2580000.0,kis_api,2026-08-17T02:56:41+00:00
2026-06-25,0001,KOSPI,8930.3,kis_api,2026-08-17T02:56:51+00:00
2026-06-25,000660,SK하이닉스,2917000.0,kis_api,2026-08-17T02:56:41+00:00
2026-06-26,0001,KOSPI,8411.21,kis_api,2026-08-17T02:56:51+00:00
2026-06-26,000660,SK하이닉스,2673000.0,kis_api,2026-08-17T02:56:41+00:00
2026-06-29,0001,KOSPI,8394.65,kis_api,2026-08-17T02:56:51+00:00
2026-06-29,000660,SK하이닉스,2628000.0,kis_api,2026-08-17T02:56:41+00:00
2026-06-30,0001,KOSPI,8476.48,kis_api,2026-08-17T02:56:51+00:00
2026-06-30,000660,SK하이닉스,2650000.0,kis_api,2026-08-17T02:56:41+00:00
2026-07-01,0001,KOSPI,8303.41,kis_api,2026-08-17T02:56:51+00:00
2026-07-01,000660,SK하이닉스,2560000.0,kis_api,2026-08-17T02:56:41+00:00
2026-07-02,0001,KOSPI,7648.09,kis_api,2026-08-17T02:56:51+00:00
2026-07-02,000660,SK하이닉스,2187000.0,kis_api,2026-08-17T02:56:41+00:00
2026-07-03,0001,KOSPI,8088.34,kis_api,2026-08-17T02:56:51+00:00
2026-07-03,000660,SK하이닉스,2425000.0,kis_api,2026-08-17T02:56:41+00:00
2026-07-06,0001,KOSPI,8051.33,kis_api,2026-08-17T02:56:51+00:00
2026-07-06,000660,SK하이닉스,2343000.0,kis_api,2026-08-17T02:56:41+00:00
2026-07-07,0001,KOSPI,7656.31,kis_api,2026-08-17T02:56:51+00:00
2026-07-07,000660,SK하이닉스,2201000.0,kis_api,2026-08-17T02:56:41+00:00
2026-07-08,0001,KOSPI,7246.79,kis_api,2026-08-17T02:56:51+00:00
2026-07-08,000660,SK하이닉스,2076000.0,kis_api,2026-08-17T02:56:41+00:00
2026-07-09,0001,KOSPI,7291.91,kis_api,2026-08-17T02:56:51+00:00
2026-07-09,000660,SK하이닉스,2186000.0,kis_api,2026-08-17T02:56:41+00:00
2026-07-10,0001,KOSPI,7475.94,kis_api,2026-08-17T02:56:51+00:00
2026-07-10,000660,SK하이닉스,2180000.0,kis_api,2026-08-17T02:56:41+00:00
2026-07-13,0001,KOSPI,6806.93,kis_api,2026-08-17T02:56:51+00:00
2026-07-13,000660,SK하이닉스,1845000.0,kis_api,2026-08-17T02:56:41+00:00
2026-07-14,0001,KOSPI,6856.83,kis_api,2026-08-17T02:56:51+00:00
2026-07-14,000660,SK하이닉스,1913000.0,kis_api,2026-08-17T02:56:41+00:00
2026-07-15,0001,KOSPI,7284.41,kis_api,2026-08-17T02:56:51+00:00
2026-07-15,000660,SK하이닉스,2082000.0,kis_api,2026-08-17T02:56:41+00:00
2026-07-16,0001,KOSPI,6820.6,kis_api,2026-08-17T02:56:51+00:00
2026-07-16,000660,SK하이닉스,1842000.0,kis_api,2026-08-17T02:56:41+00:00
2026-07-20,0001,KOSPI,6516.27,kis_api,2026-08-17T02:56:51+00:00
2026-07-20,000660,SK하이닉스,1764000.0,kis_api,2026-08-17T02:56:41+00:00
2026-07-21,0001,KOSPI,6747.95,kis_api,2026-08-17T02:56:51+00:00
2026-07-21,000660,SK하이닉스,1836000.0,kis_api,2026-08-17T02:56:41+00:00
2026-07-22,0001,KOSPI,6797.7,kis_api,2026-08-17T02:56:51+00:00
2026-07-22,000660,SK하이닉스,1830000.0,kis_api,2026-08-17T02:56:41+00:00
2026-07-23,0001,KOSPI,7096.89,kis_api,2026-08-17T02:56:51+00:00
2026-07-23,000660,SK하이닉스,1919000.0,kis_api,2026-08-17T02:56:41+00:00
2026-07-24,0001,KOSPI,6690.62,kis_api,2026-08-17T02:56:51+00:00
2026-07-24,000660,SK하이닉스,1759000.0,kis_api,2026-08-17T02:56:41+00:00
2026-07-27,0001,KOSPI,6755.75,kis_api,2026-08-17T02:56:51+00:00
2026-07-27,000660,SK하이닉스,1816000.0,kis_api,2026-08-17T02:56:41+00:00
2026-07-28,0001,KOSPI,6023.66,kis_api,2026-08-17T02:56:51+00:00
2026-07-28,000660,SK하이닉스,1550000.0,kis_api,2026-08-17T02:56:41+00:00
2026-07-29,0001,KOSPI,5663.24,kis_api,2026-08-17T02:56:51+00:00
2026-07-29,000660,SK하이닉스,1401000.0,kis_api,2026-08-17T02:56:41+00:00
2026-07-30,0001,KOSPI,5593.56,kis_api,2026-08-17T02:56:51+00:00
2026-07-30,000660,SK하이닉스,1322000.0,kis_api,2026-08-17T02:56:41+00:00
2026-07-31,0001,KOSPI,6595.45,kis_api,2026-08-17T02:56:51+00:00
2026-07-31,000660,SK하이닉스,1718000.0,kis_api,2026-08-17T02:56:41+00:00
2026-08-03,0001,KOSPI,6257.45,kis_api,2026-08-17T02:56:51+00:00
2026-08-03,000660,SK하이닉스,1567000.0,kis_api,2026-08-17T02:56:41+00:00
2026-08-04,0001,KOSPI,6358.95,kis_api,2026-08-17T02:56:51+00:00
2026-08-04,000660,SK하이닉스,1577000.0,kis_api,2026-08-17T02:56:41+00:00
2026-08-05,0001,KOSPI,6598.26,kis_api,2026-08-17T02:56:51+00:00
2026-08-05,000660,SK하이닉스,1668000.0,kis_api,2026-08-17T02:56:41+00:00
2026-08-06,0001,KOSPI,6296.38,kis_api,2026-08-17T02:56:51+00:00
2026-08-06,000660,SK하이닉스,1495000.0,kis_api,2026-08-17T02:56:41+00:00
2026-08-07,0001,KOSPI,6258.77,kis_api,2026-08-17T10:59:30+00:00
2026-08-07,000660,SK하이닉스,1422000.0,kis_api,2026-08-17T10:59:30+00:00
2026-08-10,0001,KOSPI,6299.66,kis_api,2026-08-18T10:57:26+00:00
2026-08-10,000660,SK하이닉스,1420000.0,kis_api,2026-08-18T10:57:25+00:00
2026-08-11,0001,KOSPI,6345.53,kis_api,2026-08-18T10:57:26+00:00
2026-08-11,000660,SK하이닉스,1425000.0,kis_api,2026-08-18T10:57:25+00:00
2026-08-12,0001,KOSPI,6579.04,kis_api,2026-08-18T10:57:26+00:00
2026-08-12,000660,SK하이닉스,1504000.0,kis_api,2026-08-18T10:57:25+00:00
2026-08-13,0001,KOSPI,6813.34,kis_api,2026-08-18T10:57:26+00:00
2026-08-13,000660,SK하이닉스,1593000.0,kis_api,2026-08-18T10:57:25+00:00
2026-08-14,0001,KOSPI,6977.94,kis_api,2026-08-18T10:57:26+00:00
2026-08-14,000660,SK하이닉스,1645000.0,kis_api,2026-08-18T10:57:25+00:00
2026-08-18,0001,KOSPI,6869.83,kis_api,2026-08-18T10:57:26+00:00
2026-08-18,000660,SK하이닉스,1662000.0,kis_api,2026-08-18T10:57:25+00:00
