data_asof,growth_value,growth_change_3m,growth_signal,inflation_yoy,inflation_change_3m,inflation_signal,phase,asset,core_cpi_yoy,yield_curve_10y2y,unemployment_rate,last_updated
1955-04-01,102.317423925463,0.8509233889150067,rising,-0.2606105733432673,0.37042134944812455,rising,Overheat,Commodities,,,4.7,2026-09-20
1955-05-01,102.435367109676,0.6154392427390007,rising,-0.5941329372447068,0.035729974944986864,rising,Overheat,Commodities,,,4.3,2026-09-20
1955-06-01,102.473505744512,0.36127239726799587,rising,-0.8537490720118779,-0.33388275192275385,falling,Recovery,Equities,,,4.2,2026-09-20
1955-07-01,102.474214564456,0.1567906389930016,rising,-0.37230081906179935,-0.11169024571853203,falling,Recovery,Equities,,,4.0,2026-09-20
1955-08-01,102.457820817431,0.022453707755005325,rising,-0.484171322160154,0.10996161508455282,rising,Overheat,Commodities,,,4.2,2026-09-20
1955-09-01,102.42964985968,-0.04385588483199854,falling,0.14919806042521522,1.002947132437093,rising,Stagflation,Cash,,,4.1,2026-09-20
1955-10-01,102.373654467066,-0.1005600973900016,falling,0.37425149700598404,0.7465523160677834,rising,Stagflation,Cash,,,4.3,2026-09-20
1955-11-01,102.256345005695,-0.20147581173600315,falling,0.37341299477220424,0.8575843169323583,rising,Stagflation,Cash,,,4.2,2026-09-20
1955-12-01,102.053429339585,-0.3762205200950035,falling,0.37355248412402897,0.22435442369881375,rising,Stagflation,Cash,,,4.2,2026-09-20
1956-01-01,101.75811276854,-0.6155416985260018,falling,0.22413149047439962,-0.15012000653158442,falling,Reflation,Bonds,,,4.0,2026-09-20
1956-02-01,101.415804422452,-0.8405405832429977,falling,0.1491424310216205,-0.22427056375058374,falling,Reflation,Bonds,,,3.9,2026-09-20
1956-03-01,101.080565419595,-0.9728639199899902,falling,0.3732736095558131,-0.0002788745682158478,falling,Reflation,Bonds,,,4.2,2026-09-20
1956-04-01,100.767882374303,-0.9902303942370025,falling,0.5225830533781339,0.2984515629037343,rising,Stagflation,Cash,,,4.0,2026-09-20
1956-05-01,100.496805486257,-0.9189989361949955,falling,0.9712364587224576,0.8220940277008371,rising,Stagflation,Cash,,,4.3,2026-09-20
1956-06-01,100.310357032821,-0.7702083867740015,falling,1.647323099962561,1.2740494904067479,rising,Stagflation,Cash,,,4.3,2026-09-20
1956-07-01,100.242535533174,-0.525346841128993,falling,1.9805680119581393,1.4579849585800053,rising,Stagflation,Cash,,,4.4,2026-09-20
1956-08-01,100.294483300081,-0.20232218617600495,falling,2.208083832335328,1.2368473736128704,rising,Stagflation,Cash,,,4.1,2026-09-20
1956-09-01,100.411574588423,0.1012175556019912,rising,1.862197392923659,0.21487429296109806,rising,Overheat,Commodities,,,3.9,2026-09-20
1956-10-01,100.535408902604,0.29287336942999787,rising,2.572706935123037,0.5921389231648977,rising,Overheat,Commodities,,,3.9,2026-09-20
1956-11-01,100.617127243427,0.32264394334600865,rising,2.34375,0.135666167664672,rising,Overheat,Commodities,,,4.3,2026-09-20
1956-12-01,100.608936412575,0.19736182415201142,rising,2.828433196873825,0.9662358039501662,rising,Overheat,Commodities,,,4.2,2026-09-20
1957-01-01,100.491729063455,-0.043679839149007194,falling,3.130823704808061,0.5581167696850242,rising,Stagflation,Cash,,,4.2,2026-09-20
1957-02-01,100.310111600991,-0.30701564243601354,falling,3.4996276991809516,1.1558776991809516,rising,Stagflation,Cash,,,3.9,2026-09-20
1957-03-01,100.068796067123,-0.5401403454520022,falling,3.607288955001864,0.7788557581280386,rising,Stagflation,Cash,,,3.7,2026-09-20
1957-04-01,99.805830429982,-0.685898633473002,falling,3.713330857779429,0.5825071529713677,rising,Stagflation,Cash,,,3.9,2026-09-20
1957-05-01,99.5498277563711,-0.7602838446198916,falling,3.588605253422128,0.08897755424117637,rising,Stagflation,Cash,,,4.1,2026-09-20
1957-06-01,99.2762194763909,-0.7925765907320965,falling,3.53591160220994,-0.0713773527919237,falling,Reflation,Bonds,,,4.3,2026-09-20
1957-07-01,98.9514713303795,-0.8543590996024903,falling,3.2979113228288837,-0.4154195349505452,falling,Reflation,Bonds,,,4.2,2026-09-20
1957-08-01,98.5546693775191,-0.9951583788519969,falling,3.551812522885389,-0.036792730536738816,falling,Reflation,Bonds,,,4.1,2026-09-20
1957-09-01,98.088927261394,-1.1872922149969014,falling,3.546617915904937,0.010706313694996972,rising,Stagflation,Cash,,,4.4,2026-09-20
1957-10-01,97.5994165504775,-1.352054779902005,falling,2.944383860414379,-0.3535274624145046,falling,Reflation,Bonds,,,4.5,2026-09-20
1957-11-01,97.1563483593011,-1.3983210182179988,falling,3.271537622682663,-0.28027490020272605,falling,Reflation,Bonds,,,5.1,2026-09-20
1957-12-01,96.8137689978643,-1.275158263529704,falling,3.0401737242128135,-0.5064441916921236,falling,Reflation,Bonds,,,5.2,2026-09-20
1958-01-01,96.6332224434711,-0.9661941070064017,falling,3.5056017347307566,0.5612178743163776,rising,Stagflation,Cash,2.807017543859658,,5.8,2026-09-20
1958-02-01,96.6500813437113,-0.506267015589799,falling,3.237410071942448,-0.03412755074021501,falling,Reflation,Bonds,2.7972027972027913,,6.4,2026-09-20
1958-03-01,96.8593252154547,0.04555621759040207,rising,3.6252692031586653,0.5850954789458518,rising,Overheat,Commodities,2.7874564459930307,,6.7,2026-09-20
1958-04-01,97.2361660365861,0.6029435931150005,rising,3.6161833154314316,0.11058158070067492,rising,Overheat,Commodities,2.430555555555558,,7.4,2026-09-20
1958-05-01,97.7649734696345,1.1148921259231912,rising,3.3571428571428585,0.11973278520041042,rising,Overheat,Commodities,2.430555555555558,,7.4,2026-09-20
1958-06-01,98.3960925297284,1.5367673142737033,rising,2.8459622909996485,-0.7793069121590168,falling,Recovery,Equities,2.422145328719738,,7.3,2026-09-20
1958-07-01,99.0631188239892,1.8269527874031013,rising,2.483150053210359,-1.1330332622210726,falling,Recovery,Equities,2.0689655172413834,,7.5,2026-09-20
1958-08-01,99.7229479209705,1.9579744513359998,rising,2.333804809052342,-1.0233380480905163,falling,Recovery,Equities,2.0689655172413834,,7.4,2026-09-20
1958-09-01,100.356204495927,1.9601119661985962,rising,2.083333333333326,-0.7626289576663225,falling,Recovery,Equities,2.0618556701030855,,7.1,2026-09-20
1958-10-01,100.963524768319,1.9004059443298047,rising,2.083333333333326,-0.39981671987703304,falling,Recovery,Equities,1.7123287671232834,,6.7,2026-09-20
1958-11-01,101.532413783325,1.8094658623545001,rising,1.9007391763463444,-0.43306563270599785,falling,Recovery,Equities,1.7064846416382284,,6.2,2026-09-20
1958-12-01,102.050687339809,1.6944828438819997,rising,1.7562346329469625,-0.32709870038636346,falling,Recovery,Equities,2.0477815699658564,,6.2,2026-09-20
1959-01-01,102.518421192643,1.5548964243239993,rising,1.2918994413407825,-0.7914338919925434,falling,Recovery,Equities,2.0477815699658564,,6.0,2026-09-20
1959-02-01,102.891212685627,1.3587989023019986,rising,1.0452961672473782,-0.8554430090989662,falling,Recovery,Equities,1.7006802721088343,,5.9,2026-09-20
1959-03-01,103.127050151602,1.076362811793004,rising,0.3463803255975062,-1.4098543073494563,falling,Recovery,Equities,1.6949152542372836,,5.6,2026-09-20
1959-04-01,103.200691312956,0.6822701203129924,rising,0.13821700069107656,-1.153682440649706,falling,Recovery,Equities,1.6949152542372836,,5.2,2026-09-20
1959-05-01,103.104615524404,0.21340283877700017,rising,0.3455425017277136,-0.6997536655196646,falling,Recovery,Equities,2.033898305084758,,5.1,2026-09-20
1959-06-01,102.849984216666,-0.2770659349360045,falling,0.6918021445866396,0.3454218189891334,rising,Stagflation,Cash,2.0270270270270174,,5.0,2026-09-20
1959-07-01,102.479869154199,-0.7208221587570023,falling,0.8999653859466772,0.7617483852556006,rising,Stagflation,Cash,2.0270270270270174,,5.1,2026-09-20
1959-08-01,102.069615960819,-1.0349995635850036,falling,0.8293020041465038,0.4837595024187902,rising,Stagflation,Cash,2.0270270270270174,,5.2,2026-09-20
1959-09-01,101.691171505413,-1.158812711253006,falling,1.1760636457972984,0.4842615012106588,rising,Stagflation,Cash,2.020202020202033,,5.5,2026-09-20
1959-10-01,101.386580316956,-1.0932888372429943,falling,1.5219647180906293,0.6219993321439521,rising,Stagflation,Cash,2.3569023569023573,,5.7,2026-09-20
1959-11-01,101.1624916264,-0.9071243344189952,falling,1.3816925734024155,0.5523905692559117,rising,Stagflation,Cash,2.0134228187919323,,5.8,2026-09-20
1959-12-01,100.985518040555,-0.7056534648580026,falling,1.5188125647221273,0.34274891892482895,rising,Stagflation,Cash,2.006688963210701,,5.3,2026-09-20
1960-01-01,100.759146047769,-0.6274342691870061,falling,1.2409513960703222,-0.28101332202030704,falling,Reflation,Bonds,2.006688963210701,,5.2,2026-09-20
1960-02-01,100.451712486427,-0.710779139972999,falling,1.4137931034482687,0.032100530045853226,rising,Stagflation,Cash,2.34113712374584,,4.8,2026-09-20
1960-03-01,100.11146511979,-0.8740529207649956,falling,1.5188125647221273,0.0,falling,Reflation,Bonds,2.0000000000000018,,5.4,2026-09-20
1960-04-01,99.7899734224094,-0.9691726253595903,falling,1.9323671497584405,0.6914157536881183,rising,Stagflation,Cash,2.0000000000000018,,5.2,2026-09-20
1960-05-01,99.5092350755761,-0.9424774108508984,falling,1.8250688705234275,0.4112757670751588,rising,Stagflation,Cash,1.661129568106312,,5.1,2026-09-20
1960-06-01,99.2642299340169,-0.8472351857731013,falling,1.7176228100309165,0.1988102453087892,rising,Stagflation,Cash,1.655629139072845,,5.4,2026-09-20
1960-07-01,99.0339460026211,-0.7560274197883103,falling,1.3722126929674117,-0.5601544567910288,falling,Reflation,Bonds,1.324503311258285,,5.5,2026-09-20
1960-08-01,98.8158099501317,-0.6934251254444064,falling,1.473612063056895,-0.3514568074665325,falling,Reflation,Bonds,1.324503311258285,,5.6,2026-09-20
1960-09-01,98.5998775571081,-0.6643523769087949,falling,1.2307692307692353,-0.48685357926168127,falling,Reflation,Bonds,0.990099009900991,,5.5,2026-09-20
1960-10-01,98.4144846868855,-0.6194613157355917,falling,1.3628620102214661,-0.009350682745945527,falling,Reflation,Bonds,1.3157894736842257,,6.1,2026-09-20
1960-11-01,98.2931022298962,-0.5227077202354877,falling,1.4650766609880739,-0.008535402068821085,falling,Reflation,Bonds,1.3157894736842257,,6.1,2026-09-20
1960-12-01,98.2713132211406,-0.32856433596749923,falling,1.3600816048962905,0.1293123741270552,rising,Stagflation,Cash,0.6557377049180246,,6.6,2026-09-20
1961-01-01,98.3687170055242,-0.04576768136129772,falling,1.6002723867892366,0.23741037656777042,rising,Stagflation,Cash,0.9836065573770592,,6.6,2026-09-20
1961-02-01,98.6049958977252,0.31189366782899697,rising,1.4620877252635056,-0.0029889357245682646,falling,Recovery,Equities,0.6535947712418277,,6.9,2026-09-20
1961-03-01,98.965932328732,0.694619107591393,rising,1.4620877252635056,0.10200612036721513,rising,Overheat,Commodities,0.9803921568627416,,6.9,2026-09-20
1961-04-01,99.3992156635664,1.030498658042191,rising,0.9140148950575577,-0.6862574917316788,falling,Recovery,Equities,0.9803921568627416,,7.0,2026-09-20
1961-05-01,99.8407234456741,1.2357275479488976,rising,0.9130875887723988,-0.5490001364911068,falling,Recovery,Equities,0.9803921568627416,,7.1,2026-09-20
1961-06-01,100.251092434436,1.2851601057040085,rising,0.7767646065518496,-0.685323118711656,falling,Recovery,Equities,0.9771986970684043,,6.9,2026-09-20
1961-07-01,100.604231907319,1.2050162437526097,rising,1.25211505922167,0.33810016416411237,rising,Overheat,Commodities,1.3071895424836555,,7.0,2026-09-20
1961-08-01,100.892745256414,1.0520218107399018,rising,1.1144883485309176,0.2014007597585188,rising,Overheat,Commodities,1.6339869281045694,,6.6,2026-09-20
1961-09-01,101.102808472288,0.8517160378520003,rising,1.249577845322536,0.47281323877068626,rising,Overheat,Commodities,1.6339869281045694,,6.7,2026-09-20
1961-10-01,101.231874461301,0.6276425539819996,rising,0.7731092436974896,-0.47900581552418053,falling,Recovery,Equities,0.9740259740259827,,6.5,2026-09-20
1961-11-01,101.286382809287,0.3936375528730025,rising,0.671591672263272,-0.4428966762676456,falling,Recovery,Equities,1.298701298701288,,6.1,2026-09-20
1961-12-01,101.253485151041,0.15067667875300117,rising,0.6709158000671067,-0.5786620452554292,falling,Recovery,Equities,1.6286644951140072,,6.0,2026-09-20
1962-01-01,101.125282824114,-0.10659163718700881,falling,0.6702412868632601,-0.10286795683422945,falling,Reflation,Bonds,1.298701298701288,,5.8,2026-09-20
1962-02-01,100.91999659264,-0.3663862166470011,falling,0.9048257372654245,0.2332340650021525,rising,Stagflation,Cash,1.298701298701288,,5.5,2026-09-20
1962-03-01,100.640468841505,-0.6130163095360075,falling,1.1058981233244003,0.4349823232572936,rising,Stagflation,Cash,1.2944983818770295,,5.6,2026-09-20
1962-04-01,100.312899263338,-0.8123835607759986,falling,1.3418316001341912,0.6715903132709311,rising,Stagflation,Cash,1.2944983818770295,,5.6,2026-09-20
1962-05-01,99.9824468905664,-0.9375497020736105,falling,1.3404825737265424,0.43565683646111797,rising,Stagflation,Cash,1.6181229773462702,,5.5,2026-09-20
1962-06-01,99.6951596750205,-0.9453091664844919,falling,1.2399463806970434,0.13404825737264314,rising,Stagflation,Cash,1.2903225806451646,,5.5,2026-09-20
1962-07-01,99.497644068037,-0.8152551953009919,falling,1.0026737967914423,-0.3391578033427489,falling,Reflation,Bonds,1.2903225806451646,,5.4,2026-09-20
1962-08-01,99.3986691348584,-0.5837777557079988,falling,1.135604542418167,-0.20487803130837534,falling,Reflation,Bonds,1.2861736334405016,,5.7,2026-09-20
1962-09-01,99.3959419889636,-0.299217686056906,falling,1.4676450967311627,0.2276987160341193,rising,Stagflation,Cash,1.2861736334405016,,5.6,2026-09-20
1962-10-01,99.4753497543844,-0.022294313652608366,falling,1.3342228152101399,0.33154901841869755,rising,Stagflation,Cash,1.2861736334405016,,5.4,2026-09-20
1962-11-01,99.6183203055193,0.2196511706609101,rising,1.3342228152101399,0.19861827279197275,rising,Overheat,Commodities,0.9615384615384581,,5.7,2026-09-20
1962-12-01,99.7901586804777,0.394216691514103,rising,1.2329223592135952,-0.23472273751756756,falling,Recovery,Equities,1.2820512820512997,,5.5,2026-09-20
1963-01-01,99.9597380295219,0.4843882751375048,rising,1.331557922769644,-0.0026648924404959473,falling,Recovery,Equities,0.9615384615384581,,5.7,2026-09-20
1963-02-01,100.10674343407,0.4884231285506928,rising,1.2288276320159497,-0.10539518319419017,falling,Recovery,Equities,1.2820512820512997,,5.9,2026-09-20
1963-03-01,100.222797817881,0.4326391374032994,rising,1.1269472986410234,-0.10597506057257178,falling,Recovery,Equities,1.2779552715654896,,5.7,2026-09-20
1963-04-01,100.30398339674,0.3442453672180932,rising,0.893743793445867,-0.43781412932377695,falling,Recovery,Equities,1.2779552715654896,,5.7,2026-09-20
1963-05-01,100.334808178166,0.22806474409600241,rising,0.8928571428571619,-0.3359704891587878,falling,Recovery,Equities,0.9554140127388644,,5.9,2026-09-20
1963-06-01,100.315133221813,0.09233540393199746,rising,1.3240648791790655,0.19711758053804207,rising,Overheat,Commodities,1.273885350318471,,5.6,2026-09-20
1963-07-01,100.266980695352,-0.037002701387990555,falling,1.5552614162806178,0.6615176228347508,rising,Stagflation,Cash,1.273885350318471,,5.6,2026-09-20
1963-08-01,100.217312060391,-0.1174961177750049,falling,1.5521796565389767,0.6593225136818148,rising,Stagflation,Cash,1.2698412698412653,,5.4,2026-09-20
1963-09-01,100.190387431377,-0.12474579043599476,falling,0.9861932938855844,-0.33787158529348105,falling,Reflation,Bonds,1.2698412698412653,,5.5,2026-09-20
1963-10-01,100.181970672342,-0.08501002300999971,falling,1.2179065174456882,-0.33735489883492953,falling,Reflation,Bonds,1.5873015873015817,,5.5,2026-09-20
1963-11-01,100.187106003744,-0.030206056646989055,falling,1.3166556945358954,-0.23552396200308134,falling,Reflation,Bonds,1.5873015873015817,,5.7,2026-09-20
1963-12-01,100.219468641687,0.029081210309996663,rising,1.6458196181698526,0.6596263242842682,rising,Overheat,Commodities,1.5822784810126667,,5.5,2026-09-20
1964-01-01,100.290359665616,0.10838899327399076,rising,1.6425755584756896,0.42466904103000136,rising,Overheat,Commodities,2.2222222222222365,,5.6,2026-09-20
1964-02-01,100.376453404678,0.18934740093399682,rising,1.4107611548556331,0.09410546031973777,rising,Overheat,Commodities,1.8987341772152,,5.4,2026-09-20
1964-03-01,100.47103701389,0.2515683722029962,rising,1.4093739757456536,-0.23644564242419897,falling,Recovery,Equities,1.5772870662460692,,5.4,2026-09-20
1964-04-01,100.56430684953,0.27394718391400374,rising,1.5419947506561726,-0.10058080781951695,falling,Recovery,Equities,1.5772870662460692,,5.3,2026-09-20
1964-05-01,100.649473955881,0.27302055120300395,rising,1.5404785316289749,0.12971737677334172,rising,Overheat,Commodities,1.5772870662460692,,5.1,2026-09-20
1964-06-01,100.725943335864,0.25490632197400487,rising,1.3067624959163693,-0.10261147982928431,falling,Recovery,Equities,1.5723270440251458,,5.2,2026-09-20
1964-07-01,100.789490062866,0.22518321333599545,rising,1.0752688172043001,-0.4667259334518725,falling,Recovery,Equities,1.5723270440251458,,4.9,2026-09-20
1964-08-01,100.831552176251,0.18207822036998778,rising,0.9756097560975618,-0.564868775531413,falling,Recovery,Equities,1.2539184952978122,,5.0,2026-09-20
1964-09-01,100.873461410446,0.1475180745819955,rising,1.171875,-0.13488749591636928,falling,Recovery,Equities,1.2539184952978122,,5.1,2026-09-20
1964-10-01,100.920988403161,0.1314983402950105,rising,1.2032520325203189,0.12798321531601875,rising,Overheat,Commodities,1.2499999999999956,,5.1,2026-09-20
1964-11-01,100.990670520285,0.15911834403399894,rising,1.3970110461338558,0.421401290036294,rising,Overheat,Commodities,1.5625,,4.8,2026-09-20
1964-12-01,101.074181396798,0.2007199863519986,rising,1.1981865284974136,0.026311528497413583,rising,Overheat,Commodities,1.2461059190031154,,5.0,2026-09-20
1965-01-01,101.148190673754,0.22720227059299702,rising,1.098901098901095,-0.10435093361922387,falling,Recovery,Equities,1.2422360248447228,,4.9,2026-09-20
1965-02-01,101.192241576654,0.20157105636900496,rising,1.1970236169524417,-0.1999874291814141,falling,Recovery,Equities,1.2422360248447228,,5.1,2026-09-20
1965-03-01,101.193876724848,0.11969532804999972,rising,1.1958629605688387,-0.00232356792857491,falling,Recovery,Equities,1.2422360248447228,,4.7,2026-09-20
1965-04-01,101.14942167062,0.0012309968659991455,rising,1.3893376413570246,0.29043654245592965,rising,Overheat,Commodities,1.552795031055898,,4.8,2026-09-20
1965-05-01,101.077426757196,-0.11481481945800454,falling,1.6139444803098701,0.4169208633574284,rising,Stagflation,Cash,1.552795031055898,,4.6,2026-09-20
1965-06-01,101.010790816104,-0.18308590874399044,falling,1.9348597226700903,0.7389967621012516,rising,Stagflation,Cash,1.2383900928792713,,4.6,2026-09-20
1965-07-01,100.987118673,-0.162302997620003,falling,1.8052869116698789,0.4159492703128542,rising,Stagflation,Cash,1.2383900928792713,,4.4,2026-09-20
1965-08-01,101.026051242683,-0.05137551451299771,falling,1.6103059581320522,-0.0036385221778179044,falling,Reflation,Bonds,1.2383900928792713,,4.4,2026-09-20
1965-09-01,101.13418290715,0.12339209104600002,rising,1.737451737451745,-0.19740798521834524,falling,Recovery,Equities,1.5479876160990669,,4.3,2026-09-20
1965-10-01,101.299641184638,0.3125225116380079,rising,1.7030848329048665,-0.10220207876501242,falling,Recovery,Equities,1.2345679012345734,,4.2,2026-09-20
1965-11-01,101.495379285722,0.469328043038999,rising,1.7302146747837144,0.11990871665166214,rising,Overheat,Commodities,1.2307692307692353,,4.1,2026-09-20
1965-12-01,101.682348936892,0.5481660297419921,rising,1.9200000000000106,0.1825482625482655,rising,Overheat,Commodities,1.538461538461533,,4.0,2026-09-20
1966-01-01,101.81376700531,0.5141258206719925,rising,1.9181585677749302,0.21507373487006376,rising,Overheat,Commodities,1.2269938650306678,,4.0,2026-09-20
1966-02-01,101.843124826919,0.34774554119699985,rising,2.5575447570332477,0.8273300822495333,rising,Overheat,Commodities,1.5337423312883347,,3.8,2026-09-20
1966-03-01,101.745167715306,0.06281877841399819,rising,2.7786649632705274,0.8586649632705168,rising,Overheat,Commodities,1.5337423312883347,,3.8,2026-09-20
1966-04-01,101.522632938236,-0.29113406707399747,falling,2.8680688336520044,0.9499102658770742,rising,Stagflation,Cash,1.83486238532109,,3.8,2026-09-20
1966-05-01,101.200823649938,-0.6423011769809932,falling,2.763659466327839,0.20611470929459141,rising,Stagflation,Cash,2.1406727828745975,,3.9,2026-09-20
1966-06-01,100.841263160719,-0.903904554587001,falling,2.4359379943056148,-0.3427269689649126,falling,Reflation,Bonds,2.4464831804281273,,3.8,2026-09-20
1966-07-01,100.473625722283,-1.0490072159529973,falling,2.754908169727699,-0.11316066392430546,falling,Reflation,Bonds,2.752293577981657,,3.8,2026-09-20
1966-08-01,100.11772359428,-1.083100055658008,falling,3.4865293185419866,0.7228698522141475,rising,Stagflation,Cash,3.0581039755351647,,3.8,2026-09-20
1966-09-01,99.7785174375628,-1.0627457231561976,falling,3.5736875395319334,1.1377495452263187,rising,Stagflation,Cash,3.0487804878048808,,3.7,2026-09-20
1966-10-01,99.4506381470521,-1.0229875752309,falling,3.791469194312813,1.0365610245851142,rising,Stagflation,Cash,3.658536585365857,,3.7,2026-09-20
1966-11-01,99.1474626733841,-0.9702609208958961,falling,3.5590551181102548,0.07252579956826821,rising,Stagflation,Cash,3.3434650455927084,,3.6,2026-09-20
1966-12-01,98.889593639193,-0.8889237983698024,falling,3.3594976452119285,-0.2141898943200049,falling,Reflation,Bonds,3.3333333333333437,,3.8,2026-09-20
1967-01-01,98.7018725296783,-0.748765617373806,falling,3.19949811794229,-0.5919710763705233,falling,Reflation,Bonds,3.6363636363636376,,3.9,2026-09-20
1967-02-01,98.6021724058226,-0.5452902675614979,falling,2.8678304239401653,-0.6912246941700895,falling,Reflation,Bonds,3.3232628398791597,,3.8,2026-09-20
1967-03-01,98.6208078154243,-0.2687858237686953,falling,2.5481665630826544,-0.8113310821292741,falling,Reflation,Bonds,3.6253776435045237,,3.8,2026-09-20
1967-04-01,98.761445480507,0.05957295082870928,rising,2.5402726146220633,-0.6592255033202266,falling,Recovery,Equities,3.3033033033033066,,3.8,2026-09-20
1967-05-01,99.010442249579,0.4082698437564005,rising,2.3183925811437467,-0.5494378427964186,falling,Recovery,Equities,3.293413173652704,,3.8,2026-09-20
1967-06-01,99.3206373711309,0.6998295557066001,rising,2.8412600370598895,0.29309347397723506,rising,Overheat,Commodities,3.2835820895522394,,3.9,2026-09-20
1967-07-01,99.6525358634097,0.8910903829026893,rising,2.9275808936825687,0.38730827906050536,rising,Overheat,Commodities,3.2738095238095344,,3.8,2026-09-20
1967-08-01,99.9723109292238,0.9618686796447946,rising,2.6033690658499253,0.28497648470617865,rising,Overheat,Commodities,3.5608308605341144,,3.8,2026-09-20
1967-09-01,100.247695289552,0.9270579184210987,rising,2.595419847328251,-0.24584018973163868,falling,Recovery,Equities,3.550295857988184,,3.8,2026-09-20
1967-10-01,100.466749396077,0.8142135326673099,rising,2.5875190258751957,-0.340061867807373,falling,Recovery,Equities,3.2352941176470695,,4.0,2026-09-20
1967-11-01,100.625072969772,0.6527620405482111,rising,3.10218978102188,0.4988207151719548,rising,Overheat,Commodities,3.529411764705892,,3.9,2026-09-20
1967-12-01,100.724027275844,0.4763319862919957,rising,3.280680437424044,0.6852605900957931,rising,Overheat,Commodities,3.8123167155425186,,3.8,2026-09-20
1968-01-01,100.759962823056,0.2932134269789941,rising,3.647416413373872,1.0598973874986761,rising,Overheat,Commodities,3.801169590643272,,3.7,2026-09-20
1968-02-01,100.763319126988,0.13824615721598832,rising,3.6363636363636376,0.5341738553417574,rising,Overheat,Commodities,4.385964912280693,,3.8,2026-09-20
1968-03-01,100.755028152659,0.031000876814999856,rising,3.9393939393939315,0.6587135019698875,rising,Overheat,Commodities,4.37317784256559,,3.7,2026-09-20
1968-04-01,100.747489889122,-0.012472933934006392,falling,3.92749244712991,0.2800760337560382,rising,Stagflation,Cash,4.3604651162790775,,3.5,2026-09-20
1968-05-01,100.749125013175,-0.01419411381299085,falling,4.229607250755274,0.5932436143916364,rising,Stagflation,Cash,4.347826086956519,,3.5,2026-09-20
1968-06-01,100.773871480791,0.018843328132007287,rising,4.2042042042042205,0.264810264810289,rising,Overheat,Commodities,4.6242774566473965,,3.7,2026-09-20
1968-07-01,100.835333613006,0.08784372388400641,rising,4.491017964071853,0.5635255169419429,rising,Overheat,Commodities,4.899135446685876,,3.7,2026-09-20
1968-08-01,100.94501182386,0.19588681068499625,rising,4.477611940298498,0.2480046895432242,rising,Overheat,Commodities,4.5845272206303855,,3.5,2026-09-20
1968-09-01,101.10275793396,0.3288864531690052,rising,4.464285714285721,0.26008151008150016,rising,Overheat,Commodities,4.857142857142871,,3.4,2026-09-20
1968-10-01,101.259783387477,0.4244497744710003,rising,4.7477744807121525,0.25675651664029964,rising,Overheat,Commodities,5.12820512820511,,3.4,2026-09-20
1968-11-01,101.358455268407,0.4134434445469992,rising,4.424778761061954,-0.0528331792365444,falling,Recovery,Equities,5.397727272727271,,3.4,2026-09-20
1968-12-01,101.378354787364,0.27559685340399653,rising,4.705882352941182,0.24159663865546133,rising,Overheat,Commodities,5.084745762711873,,3.4,2026-09-20
1969-01-01,101.324123204523,0.06433981704600455,rising,4.692082111436946,-0.05569236927520649,falling,Recovery,Equities,5.070422535211261,,3.4,2026-09-20
1969-02-01,101.20409013603,-0.154365132376995,falling,4.678362573099393,0.25358381203743896,rising,Stagflation,Cash,5.3221288515406195,,3.4,2026-09-20
1969-03-01,101.027938650269,-0.35041613709501007,falling,5.247813411078739,0.5419310581375569,rising,Stagflation,Cash,5.586592178770955,,3.4,2026-09-20
1969-04-01,100.79729220066,-0.5268310038630091,falling,5.523255813953476,0.83117370251653,rising,Stagflation,Cash,6.1281337047353945,,3.4,2026-09-20
1969-05-01,100.517711794943,-0.686378341087007,falling,5.507246376811592,0.8288838037121993,rising,Stagflation,Cash,5.833333333333335,,3.4,2026-09-20
1969-06-01,100.234382550827,-0.7935560994420001,falling,5.475504322766556,0.22769091168781674,rising,Stagflation,Cash,5.80110497237567,,3.5,2026-09-20
1969-07-01,99.9831832609101,-0.8141089397499002,falling,5.4441260744985565,-0.07912973945491952,falling,Reflation,Bonds,5.769230769230771,,3.5,2026-09-20
1969-08-01,99.7735577991888,-0.7441539957542034,falling,5.428571428571427,-0.07867494824016497,falling,Reflation,Bonds,6.02739726027397,,3.5,2026-09-20
1969-09-01,99.5824128726277,-0.6519696781992934,falling,5.698005698005693,0.22250137523913693,rising,Stagflation,Cash,5.9945504087193235,,3.7,2026-09-20
1969-10-01,99.3747564197216,-0.6084268411884892,falling,5.665722379603411,0.22159630510485417,rising,Stagflation,Cash,5.962059620596216,,3.7,2026-09-20
1969-11-01,99.1310307227541,-0.6425270764346891,falling,5.932203389830515,0.5036319612590878,rising,Stagflation,Cash,5.660377358490565,,3.5,2026-09-20
1969-12-01,98.8472592110824,-0.7351536615452972,falling,5.89887640449438,0.2008707064886872,rising,Stagflation,Cash,5.913978494623651,,3.5,2026-09-20
1970-01-01,98.5321985281581,-0.8425578915635015,falling,6.162464985994376,0.49674260639096524,rising,Stagflation,Cash,6.166219839142095,,3.9,2026-09-20
1970-02-01,98.2205112220079,-0.9105195007462044,falling,6.424581005586605,0.49237761575608996,rising,Stagflation,Cash,5.8510638297872175,,4.2,2026-09-20
1970-03-01,97.9424732898236,-0.9047859212588065,falling,6.094182825484751,0.195306420990371,rising,Stagflation,Cash,6.084656084656093,,4.4,2026-09-20
1970-04-01,97.7242863481392,-0.8079121800189029,falling,6.060606060606077,-0.10185892538829844,falling,Reflation,Bonds,6.036745406824129,,4.6,2026-09-20
1970-05-01,97.5949361868283,-0.6255750351795939,falling,6.043956043956045,-0.38062496163056014,falling,Reflation,Bonds,6.299212598425186,,4.8,2026-09-20
1970-06-01,97.5461438884574,-0.3963294013662022,falling,6.010928961748618,-0.08325386373613242,falling,Reflation,Bonds,6.5274151436031325,,4.9,2026-09-20
1970-07-01,97.548737210935,-0.17554913720420018,falling,5.7065217391304435,-0.35408432147563396,falling,Reflation,Bonds,6.233766233766236,,5.0,2026-09-20
1970-08-01,97.5940575632954,-0.0008786235329125702,falling,5.691056910569103,-0.35289913338694134,falling,Reflation,Bonds,6.201550387596888,,5.1,2026-09-20
1970-09-01,97.7001995420568,0.1540556535994,rising,5.660377358490565,-0.35055160325805357,falling,Recovery,Equities,6.169665809768632,,5.4,2026-09-20
1970-10-01,97.8993591409684,0.35062193003339814,rising,5.630026809651478,-0.07649492947896519,falling,Recovery,Equities,6.13810741687979,,5.5,2026-09-20
1970-11-01,98.229506872137,0.6354493088416007,rising,5.600000000000005,-0.09105691056909837,falling,Recovery,Equities,6.632653061224469,,5.9,2026-09-20
1970-12-01,98.6819663137453,0.9817667716885126,rising,5.570291777188308,-0.09008558130225719,falling,Recovery,Equities,6.598984771573613,,6.1,2026-09-20
1971-01-01,99.1741910478521,1.2748319068837048,rising,5.277044854881274,-0.352981954770204,falling,Recovery,Equities,6.313131313131315,,5.9,2026-09-20
1971-02-01,99.6137240699655,1.3842171978285052,rising,4.724409448818889,-0.8755905511811157,falling,Recovery,Equities,6.030150753768848,,5.9,2026-09-20
1971-03-01,99.942202779827,1.2602364660816932,rising,4.438642297650142,-1.131649479538166,falling,Recovery,Equities,5.2369077306733125,,6.0,2026-09-20
1971-04-01,100.156063642217,0.9818725943649014,rising,4.155844155844157,-1.121200699037117,falling,Recovery,Equities,4.950495049504955,,5.9,2026-09-20
1971-05-01,100.266141772071,0.6524177021054953,rising,4.404145077720201,-0.32026437109868855,falling,Recovery,Equities,5.185185185185182,,5.9,2026-09-20
1971-06-01,100.30505326188,0.3628504820530054,rising,4.381443298969079,-0.05719899868106282,falling,Recovery,Equities,4.90196078431373,,5.9,2026-09-20
1971-07-01,100.314216140829,0.15815249861199732,rising,4.370179948586128,0.2143357927419709,rising,Overheat,Commodities,4.88997555012225,,6.0,2026-09-20
1971-08-01,100.338116767877,0.07197499580600208,rising,4.358974358974366,-0.045170718745835,falling,Recovery,Equities,4.622871046228716,,6.1,2026-09-20
1971-09-01,100.422716921631,0.11766365975098836,rising,4.081632653061207,-0.299810645907872,falling,Recovery,Equities,4.1162227602905554,,6.0,2026-09-20
1971-10-01,100.601792820515,0.28757667968599776,rising,3.8071065989847774,-0.5630733496013507,falling,Recovery,Equities,3.855421686746996,,5.8,2026-09-20
1971-11-01,100.889123834088,0.5510070662109996,rising,3.535353535353525,-0.8236208236208409,falling,Recovery,Equities,3.349282296650724,,6.0,2026-09-20
1971-12-01,101.265885913467,0.8431689918360092,rising,3.266331658291466,-0.8153009947697409,falling,Recovery,Equities,3.0952380952380842,,6.0,2026-09-20
1972-01-01,101.660475892622,1.0586830721070015,rising,3.2581453634085378,-0.5489612355762397,falling,Recovery,Equities,3.325415676959609,,5.8,2026-09-20
1972-02-01,102.012755957109,1.1236321230209967,rising,3.759398496240607,0.22404496088708203,rising,Overheat,Commodities,3.3175355450236976,,5.7,2026-09-20
1972-03-01,102.28831432644,1.0224284129729995,rising,3.499999999999992,0.23366834170852613,rising,Overheat,Commodities,3.3175355450236976,,5.8,2026-09-20
1972-04-01,102.491191190959,0.8307152983369974,rising,3.4912718204488824,0.23312645704034463,rising,Overheat,Commodities,3.301886792452824,,5.7,2026-09-20
1972-05-01,102.646780823214,0.6340248661050083,rising,3.2258064516129226,-0.5335920446276843,falling,Recovery,Equities,3.0516431924882514,,5.7,2026-09-20
1972-06-01,102.784344056466,0.49602973002599526,rising,2.9629629629629672,-0.5370370370370248,falling,Recovery,Equities,2.8037383177570208,,5.7,2026-09-20
1972-07-01,102.94037467377,0.4491834828109944,rising,2.9556650246305383,-0.5356067958183441,falling,Recovery,Equities,2.7972027972028135,,5.6,2026-09-20
1972-08-01,103.138581126184,0.4918003029699918,rising,2.9484029484029284,-0.2774035032099942,falling,Recovery,Equities,3.023255813953485,,5.6,2026-09-20
1972-09-01,103.357664567149,0.5733205106830042,rising,3.1862745098039325,0.2233115468409652,rising,Overheat,Commodities,3.023255813953485,,5.5,2026-09-20
1972-10-01,103.562658547111,0.6222838733410043,rising,3.1784841075794823,0.22281908294894404,rising,Overheat,Commodities,3.0162412993039345,,5.6,2026-09-20
1972-11-01,103.726103806746,0.5875226805620031,rising,3.4146341463414664,0.46623119793853807,rising,Overheat,Commodities,2.777777777777768,,5.3,2026-09-20
1972-12-01,103.812212027781,0.4545474606319999,rising,3.406326034063256,0.22005152425932373,rising,Overheat,Commodities,3.002309468822184,,5.2,2026-09-20
1973-01-01,103.796762403296,0.2341038561850013,rising,3.6407766990291357,0.4622925914496534,rising,Overheat,Commodities,2.5287356321839205,,4.9,2026-09-20
1973-02-01,103.669444906187,-0.05665890055900036,falling,3.864734299516903,0.4501001531754367,rising,Stagflation,Cash,2.752293577981635,,5.0,2026-09-20
1973-03-01,103.427725293557,-0.38448673422399793,falling,4.8309178743961345,1.4245918403328783,rising,Stagflation,Cash,3.2110091743119185,,4.9,2026-09-20
1973-04-01,103.089582104126,-0.7071802991700054,falling,5.301204819277117,1.660428120247981,rising,Stagflation,Cash,2.9680365296803846,,5.0,2026-09-20
1973-05-01,102.693560906755,-0.9758839994319999,falling,5.528846153846145,1.6641118543292421,rising,Stagflation,Cash,3.1890660592255093,,4.9,2026-09-20
1973-06-01,102.287327123484,-1.1403981700729986,falling,5.995203836930463,1.1642859625343283,rising,Stagflation,Cash,3.1818181818181746,,4.9,2026-09-20
1973-07-01,101.909265587125,-1.180316517000989,falling,5.741626794258381,0.44042197498126434,rising,Stagflation,Cash,3.1746031746031633,,4.8,2026-09-20
1973-08-01,101.582236260031,-1.1113246467240003,falling,7.398568019093088,1.8697218652469427,rising,Stagflation,Cash,3.1602708803611934,,4.8,2026-09-20
1973-09-01,101.32115220131,-0.9661749221740052,falling,7.3634204275534465,1.3682165906229837,rising,Stagflation,Cash,3.8374717832957206,,4.8,2026-09-20
1973-10-01,101.109347947947,-0.7999176391780054,falling,8.056872037914697,2.3152452436563165,rising,Stagflation,Cash,4.279279279279269,,4.6,2026-09-20
1973-11-01,100.900983739303,-0.6812525207279947,falling,8.25471698113207,0.8561489620389819,rising,Stagflation,Cash,4.729729729729737,,4.8,2026-09-20
1973-12-01,100.678759082914,-0.6423931183960008,falling,8.94117647058823,1.5777560430347837,rising,Stagflation,Cash,4.7085201793722,,4.9,2026-09-20
1974-01-01,100.452582386248,-0.6567655616990038,falling,9.601873536299754,1.5450014983850568,rising,Stagflation,Cash,5.156950672645744,,5.1,2026-09-20
1974-02-01,100.19608518271,-0.7048985565930082,falling,9.999999999999986,1.7452830188679158,rising,Stagflation,Cash,5.35714285714286,,5.2,2026-09-20
1974-03-01,99.8882860799695,-0.7904730029444949,falling,10.138248847926267,1.1970723773380367,rising,Stagflation,Cash,5.777777777777771,,5.1,2026-09-20
1974-04-01,99.5120399912333,-0.9405423950147025,falling,10.068649885583515,0.46677634928376044,rising,Stagflation,Cash,6.208425720620836,,5.1,2026-09-20
1974-05-01,99.0747570691111,-1.1213281135988922,falling,10.70615034168565,0.7061503416856638,rising,Stagflation,Cash,7.064017660044164,,5.1,2026-09-20
1974-06-01,98.5889545014581,-1.2993315785113992,falling,10.859728506787313,0.7214796588610461,rising,Stagflation,Cash,7.929515418502198,,5.4,2026-09-20
1974-07-01,98.0680333073137,-1.4440066839195964,falling,11.538461538461519,1.469811652878004,rising,Stagflation,Cash,8.791208791208781,,5.5,2026-09-20
1974-08-01,97.5154235513326,-1.559333517778498,falling,10.888888888888882,0.18273854720323257,rising,Stagflation,Cash,9.84682713347922,,5.5,2026-09-20
1974-09-01,96.9426313802272,-1.6463231212309068,falling,11.946902654867241,1.087174148079928,rising,Stagflation,Cash,10.217391304347823,,5.9,2026-09-20
1974-10-01,96.4042403071974,-1.6637930001163,falling,11.842105263157897,0.30364372469637857,rising,Stagflation,Cash,10.583153347732189,,6.0,2026-09-20
1974-11-01,95.9488972890789,-1.5665262622537028,falling,12.200435729847502,1.31154684095862,rising,Stagflation,Cash,10.967741935483865,,6.6,2026-09-20
1974-12-01,95.6439761237439,-1.2986552564833005,falling,12.095032397408211,0.14812974254097,rising,Stagflation,Cash,11.34903640256959,,7.2,2026-09-20
1975-01-01,95.5501413502392,-0.8540989569581967,falling,11.752136752136755,-0.08996851102114256,falling,Reflation,Bonds,11.513859275053306,,8.1,2026-09-20
1975-02-01,95.6570258733087,-0.2918714157702027,falling,11.205073995771686,-0.9953617340758161,falling,Reflation,Bonds,11.864406779661007,,8.1,2026-09-20
1975-03-01,95.9324553880676,0.28847926432369775,rising,10.460251046025103,-1.6347813513831078,falling,Recovery,Equities,11.344537815126055,,8.6,2026-09-20
1975-04-01,96.3419560297908,0.7918146795515923,rising,10.187110187110182,-1.5650265650265727,falling,Recovery,Equities,11.27348643006263,,8.8,2026-09-20
1975-05-01,96.8212751850328,1.164249311724106,rising,9.259259259259256,-1.94581473651243,falling,Recovery,Equities,10.309278350515472,,9.0,2026-09-20
1975-06-01,97.3248642939772,1.3924089059096048,rising,9.183673469387754,-1.276577576637349,falling,Recovery,Equities,9.795918367346923,,8.8,2026-09-20
1975-07-01,97.8221126968214,1.480156667030613,rising,9.533468559837743,-0.6536416272724388,falling,Recovery,Equities,9.090909090909083,,8.6,2026-09-20
1975-08-01,98.2879224661444,1.466647281111591,rising,8.617234468937895,-0.6420247903213614,falling,Recovery,Equities,7.968127490039834,,8.4,2026-09-20
1975-09-01,98.7204053511525,1.3955410571752935,rising,7.905138339920947,-1.2785351294668068,falling,Recovery,Equities,7.495069033530566,,8.4,2026-09-20
1975-10-01,99.1313214705804,1.3092087737589964,rising,7.647058823529407,-1.8864097363083365,falling,Recovery,Equities,7.031249999999978,,8.4,2026-09-20
1975-11-01,99.5337294266345,1.2458069604900999,rising,7.37864077669903,-1.2385936922388643,falling,Recovery,Equities,6.976744186046524,,8.3,2026-09-20
1975-12-01,99.9353677451479,1.2149623939954068,rising,7.129094412331405,-0.7760439275895425,falling,Recovery,Equities,6.730769230769229,,8.2,2026-09-20
1976-01-01,100.320258885926,1.1889374153455918,rising,6.692160611854692,-0.9548982116747151,falling,Recovery,Equities,6.883365200764824,,7.9,2026-09-20
1976-02-01,100.645374367708,1.1116449410735072,rising,6.273764258555126,-1.1048765181439046,falling,Recovery,Equities,6.439393939393945,,7.7,2026-09-20
1976-03-01,100.87740046073,0.9420327155821013,rising,6.060606060606055,-1.0684883517253496,falling,Recovery,Equities,6.60377358490567,,7.6,2026-09-20
1976-04-01,101.016991677589,0.6967327916630097,rising,5.849056603773595,-0.843104008081097,falling,Recovery,Equities,6.378986866791747,,7.7,2026-09-20
1976-05-01,101.076823100422,0.43144873271400286,rising,6.214689265536721,-0.05907499301840424,falling,Recovery,Equities,6.542056074766345,,7.4,2026-09-20
1976-06-01,101.085102599441,0.2077021387109994,rising,5.981308411214958,-0.07929764939109685,falling,Recovery,Equities,6.3197026022304925,0.68,7.6,2026-09-20
1976-07-01,101.066161284926,0.04916960733699227,rising,5.555555555555558,-0.2935010482180367,falling,Recovery,Equities,6.666666666666665,0.86,7.8,2026-09-20
1976-08-01,101.036808329726,-0.04001477069600412,falling,5.719557195571956,-0.49513206996476544,falling,Reflation,Bonds,6.826568265682642,1.12,7.8,2026-09-20
1976-09-01,101.02580486474,-0.059297734701004856,falling,5.494505494505497,-0.4868029167094612,falling,Reflation,Bonds,6.788990825688068,1.14,7.6,2026-09-20
1976-10-01,101.05671351188,-0.009447773045991426,falling,5.464480874316946,-0.09107468123861207,falling,Reflation,Bonds,6.751824817518259,1.25,7.7,2026-09-20
1976-11-01,101.153209412487,0.11640108276100136,rising,5.063291139240511,-0.6562660563314449,falling,Recovery,Equities,6.340579710144922,1.35,7.8,2026-09-20
1976-12-01,101.308525175017,0.28272031027699995,rising,5.035971223021574,-0.45853427148392356,falling,Recovery,Equities,6.12612612612613,1.57,7.8,2026-09-20
1977-01-01,101.491827763736,0.4351142518559925,rising,5.197132616487465,-0.2673482578294806,falling,Recovery,Equities,6.082289803220031,1.47,7.5,2026-09-20
1977-02-01,101.679302050155,0.5260926376680004,rising,6.082289803220031,1.01899866397952,rising,Overheat,Commodities,6.227758007117434,1.21,7.6,2026-09-20
1977-03-01,101.843744461083,0.5352192860660097,rising,6.428571428571428,1.3926002055498543,rising,Overheat,Commodities,6.194690265486735,1.33,7.4,2026-09-20
1977-04-01,101.952921180344,0.4610934166080085,rising,6.951871657754016,1.754739041266551,rising,Overheat,Commodities,6.349206349206349,1.41,7.2,2026-09-20
1977-05-01,102.000331170836,0.3210291206810041,rising,6.737588652482285,0.6552988492622536,rising,Overheat,Commodities,6.315789473684208,1.31,7.0,2026-09-20
1977-06-01,101.987500313385,0.14375585230199306,rising,6.701940035273357,0.2733686067019292,rising,Overheat,Commodities,6.643356643356646,1.14,7.2,2026-09-20
1977-07-01,101.927697699605,-0.025223480739001047,falling,6.666666666666665,-0.2852049910873511,falling,Reflation,Bonds,6.25,1.22,6.9,2026-09-20
1977-08-01,101.843943505019,-0.15638766581700736,falling,6.631762652705064,-0.1058259997772204,falling,Reflation,Bonds,6.217616580310881,0.94,7.0,2026-09-20
1977-09-01,101.765421897132,-0.22207841625299807,falling,6.423611111111094,-0.2783289241622633,falling,Reflation,Bonds,6.185567010309279,0.73,6.8,2026-09-20
1977-10-01,101.709605353873,-0.21809234573200342,falling,6.390328151986191,-0.2763385146804742,falling,Reflation,Bonds,5.982905982905984,0.59,6.8,2026-09-20
1977-11-01,101.677655708991,-0.16628779602800137,falling,6.712564543889843,0.08080189118477854,rising,Stagflation,Cash,6.132879045996575,0.4,6.8,2026-09-20
1977-12-01,101.671921828436,-0.09350006869600236,falling,6.67808219178081,0.2544710806697159,rising,Stagflation,Cash,6.451612903225823,0.45,6.4,2026-09-20
1978-01-01,101.695192698819,-0.014412655054002244,falling,6.814310051107331,0.4239818991211397,rising,Stagflation,Cash,6.408094435075884,0.56,6.4,2026-09-20
1978-02-01,101.741402015217,0.06374630622600819,rising,6.2394603709949426,-0.47310417289490037,falling,Recovery,Equities,6.1976549413735205,0.49,6.3,2026-09-20
1978-03-01,101.840093621402,0.1681717929660067,rising,6.375838926174482,-0.30224326560632786,falling,Recovery,Equities,6.333333333333324,0.46,6.3,2026-09-20
1978-04-01,101.978654734988,0.28346203616899857,rising,6.499999999999995,-0.314310051107336,falling,Recovery,Equities,6.633499170812596,0.45,6.1,2026-09-20
1978-05-01,102.120249399972,0.3788473847549909,rising,7.14285714285714,0.9033967718621971,rising,Overheat,Commodities,6.765676567656764,0.33,6.0,2026-09-20
1978-06-01,102.226382866615,0.3862892452129927,rising,7.438016528925617,1.0621776027511354,rising,Overheat,Commodities,6.8852459016393475,0.29,5.9,2026-09-20
1978-07-01,102.273973174208,0.29531843921999723,rising,7.7302631578947345,1.2302631578947398,rising,Overheat,Commodities,7.189542483660127,0.14,6.2,2026-09-20
1978-08-01,102.252944521182,0.1326951212100056,rising,7.855973813420625,0.713116670563485,rising,Overheat,Commodities,7.479674796747959,0.09,5.9,2026-09-20
1978-09-01,102.16390705667,-0.06247580994499913,falling,8.482871125611746,1.044854596686129,rising,Stagflation,Cash,7.928802588996775,-0.12,6.0,2026-09-20
1978-10-01,102.012606384539,-0.2613667896689975,falling,8.92857142857142,1.1983082706766854,rising,Stagflation,Cash,8.387096774193559,-0.14,5.8,2026-09-20
1978-11-01,101.819288215998,-0.43365630518400167,falling,8.870967741935477,1.0149939285148522,rising,Stagflation,Cash,8.50722311396468,-0.78,5.9,2026-09-20
1978-12-01,101.619527151942,-0.5443799047280038,falling,8.988764044943842,0.505892919332096,rising,Stagflation,Cash,8.452950558213711,-0.7,6.0,2026-09-20
1979-01-01,101.442644407562,-0.5699619769769981,falling,9.250398724082931,0.3218272955115111,rising,Stagflation,Cash,8.557844690966721,-0.83,5.9,2026-09-20
1979-02-01,101.270794492188,-0.5484937238099974,falling,9.84126984126985,0.9703020993343738,rising,Stagflation,Cash,9.14826498422714,-0.67,5.9,2026-09-20
1979-03-01,101.073105414089,-0.5464217378529952,falling,10.252365930599371,1.263601885655529,rising,Stagflation,Cash,9.404388714733546,-0.7,5.8,2026-09-20
1979-04-01,100.835761662808,-0.6068827447540031,falling,10.485133020344284,1.2347342962613528,rising,Stagflation,Cash,9.331259720062214,-0.61,5.8,2026-09-20
1979-05-01,100.57740497988,-0.693389512308002,falling,10.697674418604652,0.8564045773348017,rising,Stagflation,Cash,9.428129829984533,-0.55,5.6,2026-09-20
1979-06-01,100.309104543506,-0.7640008705830041,falling,11.076923076923073,0.824557146323702,rising,Stagflation,Cash,9.355828220858896,-0.51,5.7,2026-09-20
1979-07-01,100.043722609645,-0.7920390531629948,falling,11.45038167938932,0.9652486590450362,rising,Stagflation,Cash,9.60365853658538,-0.16,5.7,2026-09-20
1979-08-01,99.7928580106632,-0.7845469692168052,falling,11.836115326251884,1.1384409076472313,rising,Stagflation,Cash,9.984871406959162,-0.24,6.0,2026-09-20
1979-09-01,99.5472161637182,-0.7618883797877913,falling,11.879699248120312,0.8027761711972392,rising,Stagflation,Cash,9.8950524737631,-0.6,5.9,2026-09-20
1979-10-01,99.287071384307,-0.756651225338004,falling,12.071535022354718,0.6211533429653979,rising,Stagflation,Cash,10.119047619047606,-0.63,6.0,2026-09-20
1979-11-01,99.0103406495203,-0.7825173611428937,falling,12.592592592592599,0.7564772663407151,rising,Stagflation,Cash,10.650887573964507,-1.29,5.9,2026-09-20
1979-12-01,98.7239954545647,-0.8232207091535031,falling,13.254786450662737,1.3750872025424243,rising,Stagflation,Cash,11.32352941176471,-0.95,6.0,2026-09-20
1980-01-01,98.4295711501065,-0.8575002342005007,falling,13.868613138686126,1.7970781163314076,rising,Stagflation,Cash,11.970802919708024,-0.9,6.3,2026-09-20
1980-02-01,98.1100619742902,-0.9002786752300977,falling,14.161849710982644,1.5692571183900448,rising,Stagflation,Cash,11.994219653179194,-0.75,6.3,2026-09-20
1980-03-01,97.8055574972348,-0.9184379573298997,falling,14.592274678111572,1.3374882274488353,rising,Stagflation,Cash,12.60744985673352,-2.01,6.3,2026-09-20
1980-04-01,97.6383184897216,-0.7912526603848988,falling,14.589235127478762,0.7206219887926366,rising,Stagflation,Cash,13.086770981507833,-1.9,6.9,2026-09-20
1980-05-01,97.6996221830206,-0.41043979126961005,falling,14.425770308123242,0.2639205971405989,rising,Stagflation,Cash,13.13559322033897,-0.13,7.5,2026-09-20
1980-06-01,98.0226962029982,0.21713870576340355,rising,14.265927977839322,-0.32634670027225,falling,Recovery,Equities,13.604488078541376,1.0,7.6,2026-09-20
1980-07-01,98.5361436782823,0.8978251885607023,rising,13.15068493150684,-1.4385501959719225,falling,Recovery,Equities,12.37830319888733,1.12,7.8,2026-09-20
1980-08-01,99.1123981162837,1.4127759332631058,rising,12.890094979647216,-1.5356753284760263,falling,Recovery,Equities,11.82943603851443,0.98,7.7,2026-09-20
1980-09-01,99.614876598374,1.5921803953757916,rising,12.768817204301076,-1.497110773538246,falling,Recovery,Equities,12.005457025920862,0.19,7.5,2026-09-20
1980-10-01,99.944610539264,1.4084668609817044,rising,12.632978723404253,-0.5177062081025863,falling,Recovery,Equities,12.162162162162172,-0.24,7.5,2026-09-20
1980-11-01,100.075934808275,0.963536691991294,rising,12.631578947368416,-0.25851603227880027,falling,Recovery,Equities,12.165775401069535,-0.62,7.5,2026-09-20
1980-12-01,100.054189194276,0.43931259590200966,rising,12.353706111833551,-0.41511109246752476,falling,Recovery,Equities,12.153236459709383,-1.33,7.2,2026-09-20
1981-01-01,99.955491019987,0.01088048072298875,rising,11.794871794871797,-0.838106928532456,falling,Recovery,Equities,11.342894393741854,-0.63,7.5,2026-09-20
1981-02-01,99.8316322488607,-0.2443025594142938,falling,11.392405063291132,-1.2391738840772835,falling,Reflation,Bonds,10.838709677419356,-0.58,7.4,2026-09-20
1981-03-01,99.7076512739512,-0.34653792032480624,falling,10.611735330836458,-1.741970780997093,falling,Reflation,Bonds,9.92366412213741,-0.65,7.4,2026-09-20
1981-04-01,99.5524191610962,-0.40307185889079733,falling,10.135970333745359,-1.6589014611264385,falling,Reflation,Bonds,9.433962264150942,-0.05,7.2,2026-09-20
1981-05-01,99.3362433867419,-0.4953888621188014,falling,9.79192166462668,-1.600483398664453,falling,Reflation,Bonds,9.612983770287142,-0.67,7.5,2026-09-20
1981-06-01,99.0741325270461,-0.6335187469050965,falling,9.696969696969692,-0.9147656338667662,falling,Reflation,Bonds,9.3827160493827,-1.01,7.5,2026-09-20
1981-07-01,98.7990075534636,-0.7534116076326001,falling,10.774818401937058,0.6388480681916988,rising,Stagflation,Cash,11.138613861386148,-0.9,7.2,2026-09-20
1981-08-01,98.5143144148647,-0.8219289718771989,falling,10.817307692307686,1.025386027681007,rising,Stagflation,Cash,11.56211562115621,-1.17,7.4,2026-09-20
1981-09-01,98.1974010444667,-0.8767314825794017,falling,10.96543504171632,1.2684653447466285,rising,Stagflation,Cash,11.814859926918398,-1.37,7.6,2026-09-20
1981-10-01,97.8598880516791,-0.9391195017844893,falling,10.271546635182993,-0.5032717667540645,falling,Reflation,Bonds,10.963855421686741,-0.82,7.9,2026-09-20
1981-11-01,97.5227023180199,-0.9916120968448041,falling,9.579439252336464,-1.2378684399712228,falling,Reflation,Bonds,10.250297973778299,0.04,8.3,2026-09-20
1981-12-01,97.2123528484645,-0.9850481960021966,falling,8.912037037037024,-2.0533980046792966,falling,Reflation,Bonds,9.540636042402827,0.66,8.5,2026-09-20
1982-01-01,96.9223852850251,-0.9375027666540063,falling,8.25688073394495,-2.0146659012380432,falling,Reflation,Bonds,9.250585480093676,0.35,8.6,2026-09-20
1982-02-01,96.6470325954386,-0.8756697225812928,falling,7.613636363636367,-1.9658028887000967,falling,Reflation,Bonds,9.196740395809066,-0.46,8.9,2026-09-20
1982-03-01,96.422905836209,-0.7894470122555077,falling,6.884875846501148,-2.0271611905358755,falling,Reflation,Bonds,8.680555555555557,-0.4,9.0,2026-09-20
1982-04-01,96.2807820084343,-0.6416032765908,falling,6.621773288439958,-1.6351074455049917,falling,Reflation,Bonds,8.850574712643677,-0.32,9.3,2026-09-20
1982-05-01,96.2283543288244,-0.41867826661420793,falling,6.911928651059096,-0.7017077125772708,falling,Reflation,Bonds,8.656036446469262,-0.12,9.4,2026-09-20
1982-06-01,96.2681024692642,-0.15480336694479035,falling,7.182320441988943,0.29744459548779467,rising,Stagflation,Cash,8.465011286681712,0.01,9.6,2026-09-20
1982-07-01,96.387057913263,0.1062759048287063,rising,6.557377049180335,-0.06439623925962312,falling,Recovery,Equities,7.683741648106901,-0.2,9.8,2026-09-20
1982-08-01,96.5719097319405,0.343555403116099,rising,5.965292841648595,-0.946635809410501,falling,Recovery,Equities,7.056229327453134,0.51,9.8,2026-09-20
1982-09-01,96.8277427201623,0.5596402508980987,rising,4.940923737916236,-2.2413967040727067,falling,Recovery,Equities,5.882352941176472,0.76,10.1,2026-09-20
1982-10-01,97.1498960020676,0.7628380888045996,rising,5.032119914346889,-1.5252571348334465,falling,Recovery,Equities,5.863192182410426,0.38,10.4,2026-09-20
1982-11-01,97.5507294906054,0.9788197586649119,rising,4.47761194029852,-1.4876809013500747,falling,Recovery,Equities,5.189189189189181,0.88,10.8,2026-09-20
1982-12-01,98.039480253111,1.211737532948689,rising,3.825717321997879,-1.1152064159183572,falling,Recovery,Equities,4.516129032258065,0.78,10.8,2026-09-20
1983-01-01,98.6034379676966,1.4535419656290003,rising,3.7076271186440746,-1.324492795702814,falling,Recovery,Equities,4.608788853161849,0.88,10.4,2026-09-20
1983-02-01,99.2158780374082,1.6651485468027971,rising,3.484688489968324,-0.9929234503301965,falling,Recovery,Equities,4.47761194029852,1.18,10.4,2026-09-20
1983-03-01,99.8464060258251,1.8069257727141093,rising,3.5902851108764455,-0.23543221112143353,falling,Recovery,Equities,4.579339723109688,0.96,10.3,2026-09-20
1983-04-01,100.462008421781,1.8585704540843864,rising,4.0000000000000036,0.292372881355929,rising,Overheat,Commodities,4.118268215417098,0.75,10.2,2026-09-20
1983-05-01,101.027943852777,1.812065815368797,rising,3.44108446298228,-0.04360402698604382,falling,Recovery,Equities,3.6687631027253698,0.92,10.1,2026-09-20
1983-06-01,101.51170997432,1.6653039484948948,rising,2.4742268041237248,-1.1160583067527208,falling,Recovery,Equities,3.2258064516129226,0.8,10.1,2026-09-20
1983-07-01,101.897032989654,1.4350245678730005,rising,2.358974358974364,-1.6410256410256396,falling,Recovery,Equities,3.205791106514999,0.76,9.4,2026-09-20
1983-08-01,102.18444210834,1.156498255562994,rising,2.456499488229258,-0.9845849747530222,falling,Recovery,Equities,3.0895983522142068,0.71,9.5,2026-09-20
1983-09-01,102.394242836639,0.8825328623189961,rising,2.763561924257929,0.28933512013420426,rising,Overheat,Commodities,3.3950617283950546,0.81,9.2,2026-09-20
1983-10-01,102.534384164765,0.6373511751110073,rising,2.752293577981657,0.39331921900729316,rising,Overheat,Commodities,3.589743589743599,0.91,8.8,2026-09-20
1983-11-01,102.610309318883,0.4258672105430037,rising,3.1632653061224536,0.7067658178931957,rising,Overheat,Commodities,4.316546762589923,1.05,8.5,2026-09-20
1983-12-01,102.624009773646,0.22976693700699968,rising,3.7871033776867957,1.0235414534288667,rising,Overheat,Commodities,4.732510288065828,0.97,8.3,2026-09-20
1984-01-01,102.579509404842,0.04512524007699881,rising,4.290091930541351,1.5377983525596939,rising,Overheat,Commodities,5.020491803278704,0.97,8.0,2026-09-20
1984-02-01,102.466069011602,-0.14424030728099524,falling,4.693877551020398,1.5306122448979442,rising,Stagflation,Cash,4.8979591836734615,1.08,7.8,2026-09-20
1984-03-01,102.276636726603,-0.34737304704299277,falling,4.892966360856277,1.105862983169481,rising,Stagflation,Cash,5.0916496945010215,1.02,7.8,2026-09-20
1984-04-01,102.019839597354,-0.5596698074880067,falling,4.5546558704453455,0.2645639399039945,rising,Stagflation,Cash,5.1724137931034475,0.93,7.7,2026-09-20
1984-05-01,101.725052601005,-0.7410164105969983,falling,4.3346774193548265,-0.3592001316655713,falling,Reflation,Bonds,5.257836198179966,0.94,7.4,2026-09-20
1984-06-01,101.416207192494,-0.8604295341090022,falling,4.325955734406439,-0.5670106264498376,falling,Reflation,Bonds,5.3427419354838745,0.91,7.2,2026-09-20
1984-07-01,101.125189155127,-0.8946504422269896,falling,4.308617234468937,-0.24603863597640885,falling,Reflation,Bonds,5.210420841683372,0.67,7.5,2026-09-20
1984-08-01,100.870883134306,-0.8541694666990054,falling,4.295704295704317,-0.038973123650509756,falling,Reflation,Bonds,5.294705294705304,0.33,7.5,2026-09-20
1984-09-01,100.670046476623,-0.7461607158709995,falling,4.2828685258964105,-0.043087208510028674,falling,Reflation,Bonds,5.273631840796011,0.25,7.3,2026-09-20
1984-10-01,100.529141422737,-0.5960477323900051,falling,4.265873015873023,-0.04274421859591371,falling,Reflation,Bonds,5.148514851485153,0.45,7.4,2026-09-20
1984-11-01,100.434353316399,-0.43652981790700096,falling,4.154302670623156,-0.14140162508116116,falling,Reflation,Bonds,4.827586206896561,0.73,7.2,2026-09-20
1984-12-01,100.364144250294,-0.3059022263289961,falling,4.043392504930954,-0.23947602096545673,falling,Reflation,Bonds,4.911591355599221,1.08,7.3,2026-09-20
1985-01-01,100.309985958597,-0.21915546414000175,falling,3.52595494613126,-0.7399180697417629,falling,Reflation,Bonds,4.4878048780487845,1.53,7.3,2026-09-20
1985-02-01,100.258820941168,-0.17553237523100051,falling,3.6062378167641462,-0.5480648538590094,falling,Reflation,Bonds,4.76653696498055,1.25,7.2,2026-09-20
1985-03-01,100.216543835161,-0.14760041513299882,falling,3.790087463556846,-0.2533050413741078,falling,Reflation,Bonds,4.748062015503862,1.13,7.2,2026-09-20
1985-04-01,100.182115833879,-0.12787012471800097,falling,3.581800580832528,0.05584563470126813,rising,Stagflation,Cash,4.532304725168768,1.21,7.3,2026-09-20
1985-05-01,100.151656389655,-0.10716455151299442,falling,3.5748792270531515,-0.0313585897109947,falling,Reflation,Bonds,4.514889529298749,1.45,7.2,2026-09-20
1985-06-01,100.125398206496,-0.09114562866500364,falling,3.6644165863066513,-0.12567087725019466,falling,Reflation,Bonds,4.401913875598074,1.36,7.4,2026-09-20
1985-07-01,100.093244107581,-0.08887172629799522,falling,3.458213256484166,-0.12358732434836206,falling,Reflation,Bonds,4.190476190476189,1.53,7.4,2026-09-20
1985-08-01,100.064202022562,-0.08745436709300236,falling,3.3524904214559337,-0.22238880559721785,falling,Reflation,Bonds,4.174573055028463,1.47,7.1,2026-09-20
1985-09-01,100.043520722633,-0.08187748386299631,falling,3.2473734479465,-0.4170431383601514,falling,Reflation,Bonds,3.969754253308122,1.32,7.1,2026-09-20
1985-10-01,100.037612523629,-0.055631583952006736,falling,3.2350142721217834,-0.22319898436238272,falling,Reflation,Bonds,4.048964218455731,1.46,7.1,2026-09-20
1985-11-01,100.052855673662,-0.01134634890000541,falling,3.5137701804368593,0.1612797589809256,rising,Stagflation,Cash,4.417293233082686,1.28,7.0,2026-09-20
1985-12-01,100.085077908406,0.04155718577300149,rising,3.791469194312791,0.544095746366291,rising,Overheat,Commodities,4.307116104868913,1.13,7.0,2026-09-20
1986-01-01,100.112075731707,0.07446320807800078,rising,3.9735099337748325,0.7384956616530491,rising,Overheat,Commodities,4.481792717086841,1.02,6.7,2026-09-20
1986-02-01,100.12177210122,0.06891642755800831,rising,3.19849482596426,-0.31527535447259947,falling,Recovery,Equities,4.178272980501396,1.09,7.2,2026-09-20
1986-03-01,100.114796181719,0.02971827331299437,rising,2.1535580524344455,-1.6379111418783454,falling,Recovery,Equities,4.070305272895469,0.42,7.2,2026-09-20
1986-04-01,100.099980752903,-0.012094978804000789,falling,1.5887850467289688,-2.3847248870458637,falling,Reflation,Bonds,4.151291512915134,0.48,7.1,2026-09-20
1986-05-01,100.082231572779,-0.03954052844100886,falling,1.679104477611948,-1.519390348352312,falling,Reflation,Bonds,3.952205882352944,0.6,7.2,2026-09-20
1986-06-01,100.050370816617,-0.06442536510199659,falling,1.7674418604651132,-0.38611619196933233,falling,Reflation,Bonds,3.9413382218148607,0.69,7.2,2026-09-20
1986-07-01,100.000950109589,-0.09903064331399491,falling,1.671309192200554,0.08252414547158526,rising,Stagflation,Cash,4.021937842778778,0.57,7.0,2026-09-20
1986-08-01,99.949054868148,-0.13317670463099773,falling,1.575532900834098,-0.10357157677785,falling,Reflation,Bonds,4.007285974499086,0.78,6.9,2026-09-20
1986-09-01,99.9039882556935,-0.14638256092349877,falling,1.757631822386685,-0.009810038078428285,falling,Reflation,Bonds,4.181818181818175,1.01,7.0,2026-09-20
1986-10-01,99.8765203906841,-0.12442971890489218,falling,1.5668202764977046,-0.10448891570284946,falling,Reflation,Bonds,4.072398190045257,1.05,7.0,2026-09-20
1986-11-01,99.8892302930135,-0.059824575134499014,falling,1.2844036697247763,-0.29112923110932165,falling,Reflation,Bonds,3.7803780378037777,1.08,6.9,2026-09-20
1986-12-01,99.9687046953796,0.06471643968609442,rising,1.187214611872145,-0.57041721051454,falling,Recovery,Equities,3.7701974865349985,0.93,6.6,2026-09-20
1987-01-01,100.125178490354,0.24865809966989616,rising,1.364877161055511,-0.20194311544219357,falling,Recovery,Equities,3.574620196604106,0.88,6.6,2026-09-20
1987-02-01,100.335551581167,0.4463212881534986,rising,1.9143117593436676,0.6299080896188913,rising,Overheat,Commodities,3.5650623885918,0.85,6.6,2026-09-20
1987-03-01,100.555071333996,0.586366638616397,rising,2.8414298808432603,1.6542152689711154,rising,Overheat,Commodities,3.64444444444445,0.84,6.6,2026-09-20
1987-04-01,100.755519900207,0.6303414098530027,rising,3.679852805887762,2.314975644832251,rising,Overheat,Commodities,3.8972542072630567,0.94,6.3,2026-09-20
1987-05-01,100.921082264052,0.5855306828850075,rising,3.669724770642202,1.7554130112985344,rising,Overheat,Commodities,4.0671971706454535,0.92,6.3,2026-09-20
1987-06-01,101.036070817633,0.4809994836370066,rising,3.7477148080438782,0.9062849272006179,rising,Overheat,Commodities,3.9682539682539764,0.78,6.2,2026-09-20
1987-07-01,101.081475829609,0.32595592940199936,rising,3.926940639269394,0.24708783338163176,rising,Overheat,Commodities,3.9543057996485054,0.92,6.1,2026-09-20
1987-08-01,101.036331737464,0.11524947341199265,rising,4.2883211678832245,0.6185963972410224,rising,Overheat,Commodities,3.9404553415061327,1.03,6.0,2026-09-20
1987-09-01,100.905769282426,-0.1303015352070105,falling,4.2727272727272725,0.5250124646833942,rising,Stagflation,Cash,4.013961605584648,1.07,5.9,2026-09-20
1987-10-01,100.719819073307,-0.3616567563020112,falling,4.355716878402904,0.4287762391335104,rising,Stagflation,Cash,4.17391304347825,1.04,6.0,2026-09-20
1987-11-01,100.531567900772,-0.5047638366919927,falling,4.528985507246386,0.24066433936316134,rising,Stagflation,Cash,4.163052905464015,1.3,5.8,2026-09-20
1987-12-01,100.399816581242,-0.5059527011839862,falling,4.332129963898912,0.05940269117163943,rising,Stagflation,Cash,4.152249134948116,1.24,5.7,2026-09-20
1988-01-01,100.332006961454,-0.3878121118529947,falling,4.129263913824044,-0.22645296457886044,falling,Reflation,Bonds,4.3140638481449445,1.06,5.7,2026-09-20
1988-02-01,100.319392920044,-0.21217498072800822,falling,3.9355992844364973,-0.5933862228098885,falling,Reflation,Bonds,4.302925989672968,1.04,5.7,2026-09-20
1988-03-01,100.350114075377,-0.04970250586501379,falling,3.832442067736186,-0.499687896162726,falling,Reflation,Bonds,4.373927958833623,1.04,5.7,2026-09-20
1988-04-01,100.409490439986,0.07748347853200244,rising,3.9929015084294583,-0.13636240539458555,falling,Recovery,Equities,4.262574595055413,1.16,5.4,2026-09-20
1988-05-01,100.484552620875,0.16515970083099774,rising,3.9823008849557473,0.046701600519249986,rising,Overheat,Commodities,4.248088360237889,1.14,5.6,2026-09-20
1988-06-01,100.55400867644,0.20389460106301271,rising,3.96475770925111,0.13231564151492403,rising,Overheat,Commodities,4.495335029686176,0.94,5.4,2026-09-20
1988-07-01,100.596113054077,0.186622614090993,rising,4.130052724077338,0.13715121564787935,rising,Overheat,Commodities,4.480135249366013,0.79,5.4,2026-09-20
1988-08-01,100.61508755692,0.13053493604500943,rising,4.111986001749779,0.1296851167940316,rising,Overheat,Commodities,4.465037910699232,0.71,5.6,2026-09-20
1988-09-01,100.6200934894,0.0660848129599998,rising,4.184829991281602,0.22007228203049234,rising,Overheat,Commodities,4.614093959731536,0.57,5.4,2026-09-20
1988-10-01,100.619567844462,0.023454790385002866,rising,4.260869565217407,0.13081684114006897,rising,Overheat,Commodities,4.507512520868118,0.44,5.4,2026-09-20
1988-11-01,100.613867554402,-0.0012200025179964769,falling,4.246100519930662,0.13411451818088338,rising,Stagflation,Cash,4.579517069109085,0.43,5.3,2026-09-20
1988-12-01,100.595143713495,-0.024949775905000138,falling,4.4117647058823595,0.2269347146007572,rising,Stagflation,Cash,4.6511627906976605,0.15,5.3,2026-09-20
1989-01-01,100.540836116871,-0.07873172759099134,falling,4.482758620689653,0.22188905547224635,rising,Stagflation,Cash,4.631927212572373,0.0,5.4,2026-09-20
1989-02-01,100.432864612167,-0.18100294223501123,falling,4.647160068846801,0.4010595489161384,rising,Stagflation,Cash,4.702970297029707,-0.13,5.2,2026-09-20
1989-03-01,100.278760235875,-0.3163834776200076,falling,4.892703862660941,0.48093915677858146,rising,Stagflation,Cash,4.683648315529987,-0.19,5.0,2026-09-20
1989-04-01,100.105392828305,-0.435443288566006,falling,5.034129692832767,0.5513710721431142,rising,Stagflation,Cash,4.497138184791494,-0.43,5.2,2026-09-20
1989-05-01,99.9393391759714,-0.49352543619559697,falling,5.276595744680845,0.6294356758340447,rising,Stagflation,Cash,4.563977180114098,-0.22,5.2,2026-09-20
1989-06-01,99.8110259080905,-0.4677343277844983,falling,5.1694915254237195,0.27678766276277855,rising,Stagflation,Cash,4.545454545454541,-0.21,5.3,2026-09-20
1989-07-01,99.7325040418039,-0.37288878650109325,falling,5.063291139240511,0.029161446407743874,rising,Stagflation,Cash,4.53074433656957,0.02,5.2,2026-09-20
1989-08-01,99.7020431763153,-0.23729599965609793,falling,4.621848739495804,-0.6547470051850413,falling,Reflation,Bonds,4.435483870967749,0.28,5.2,2026-09-20
1989-09-01,99.7048097008075,-0.10621620728299774,falling,4.435146443514637,-0.7343450819090824,falling,Reflation,Bonds,4.170008019246185,-0.18,5.3,2026-09-20
1989-10-01,99.7193869073423,-0.013117134461609226,falling,4.587155963302747,-0.4761351759377641,falling,Reflation,Bonds,4.313099041533541,-0.15,5.3,2026-09-20
1989-11-01,99.7432023864425,0.041159210127204915,rising,4.655029093931851,0.0331803544360465,rising,Overheat,Commodities,4.378980891719753,0.04,5.4,2026-09-20
1989-12-01,99.773258180631,0.06844847982350188,rising,4.639602319801162,0.2044558762865245,rising,Overheat,Commodities,4.444444444444451,0.11,5.4,2026-09-20
1990-01-01,99.8068920114108,0.08750510406849799,rising,5.198019801980203,0.6108638386774556,rising,Overheat,Commodities,4.426877470355728,0.06,5.4,2026-09-20
1990-02-01,99.8364967772493,0.0932943908067898,rising,5.263157894736836,0.6081288008049857,rising,Overheat,Commodities,4.570527974783278,0.14,5.3,2026-09-20
1990-03-01,99.8350245954801,0.06176641484910306,rising,5.237315875613735,0.5977135558125735,rising,Overheat,Commodities,4.788069073783352,0.06,5.2,2026-09-20
1990-04-01,99.759203320869,-0.047688690541789924,falling,4.711616571892785,-0.4864032300874177,falling,Reflation,Bonds,4.851330203442883,0.01,5.4,2026-09-20
1990-05-01,99.5875401527974,-0.2489566244518926,falling,4.365400161681476,-0.8977577330553599,falling,Reflation,Bonds,4.754481683554168,0.06,5.4,2026-09-20
1990-06-01,99.3004315863785,-0.5345930091016129,falling,4.673650282030639,-0.5636655935830959,falling,Reflation,Bonds,4.891304347826075,0.11,5.2,2026-09-20
1990-07-01,98.9036966847587,-0.8555066361103059,falling,4.819277108433728,0.10766053654094332,rising,Stagflation,Cash,5.10835913312695,0.19,5.5,2026-09-20
1990-08-01,98.428593005099,-1.1589471476983988,falling,5.702811244979911,1.3374110832984343,rising,Stagflation,Cash,5.4826254826254806,0.44,5.7,2026-09-20
1990-09-01,97.9479505360202,-1.3524810503582927,falling,6.169871794871806,1.4962215128411671,rising,Stagflation,Cash,5.54272517321015,0.79,5.9,2026-09-20
1990-10-01,97.5309031835039,-1.3727935012548045,falling,6.379585326953752,1.5603082185200234,rising,Stagflation,Cash,5.359877488514542,0.77,5.9,2026-09-20
1990-11-01,97.2428846798547,-1.1857083252443061,falling,6.195393169181873,0.49258192420196245,rising,Stagflation,Cash,5.263157894736836,0.89,6.2,2026-09-20
1990-12-01,97.1290752602243,-0.8188752757959037,falling,6.254948535233562,0.08507674036175583,rising,Stagflation,Cash,5.319148936170204,0.73,6.3,2026-09-20
1991-01-01,97.1891672894506,-0.3417358940533006,falling,5.647058823529405,-0.7325265034243467,falling,Reflation,Bonds,5.601816805450421,0.93,6.4,2026-09-20
1991-02-01,97.4061630776047,0.1632783977500054,rising,5.312500000000009,-0.8828931691818642,falling,Recovery,Equities,5.6518462697814575,1.08,6.6,2026-09-20
1991-03-01,97.727965502642,0.5988902424176956,rising,4.821150855365497,-1.4337976798680652,falling,Recovery,Equities,5.243445692883886,0.94,6.8,2026-09-20
1991-04-01,98.0939778619339,0.9048105724832993,rising,4.809930178432875,-0.8371286450965298,falling,Recovery,Equities,5.149253731343295,1.06,6.7,2026-09-20
1991-05-01,98.4613033420788,1.0551402644741046,rising,5.034856700232382,-0.277643299767627,falling,Recovery,Equities,5.133928571428581,1.21,6.9,2026-09-20
1991-06-01,98.7969566607985,1.068991158156507,rising,4.695919938414161,-0.12523091695133548,falling,Recovery,Equities,4.959289415247969,1.38,6.9,2026-09-20
1991-07-01,99.0540866786629,0.9601088167290044,rising,4.367816091954024,-0.44211408647885087,falling,Recovery,Equities,4.786450662739328,1.29,6.8,2026-09-20
1991-08-01,99.1939359621032,0.7326326200243898,rising,3.7993920972644313,-1.2354646029679506,falling,Recovery,Equities,4.612005856515378,1.36,6.9,2026-09-20
1991-09-01,99.2231293115296,0.4261726507311039,rising,3.396226415094339,-1.2996935233198226,falling,Recovery,Equities,4.595185995623652,1.46,6.9,2026-09-20
1991-10-01,99.1742724457337,0.12018576707080797,rising,2.8485757121439192,-1.519240379810105,falling,Recovery,Equities,4.433139534883712,1.46,7.0,2026-09-20
1991-11-01,99.1015649686037,-0.09237099349950029,falling,3.0665669409125185,-0.7328251563519128,falling,Reflation,Bonds,4.492753623188395,1.83,7.0,2026-09-20
1991-12-01,99.0684936174695,-0.15463569406010436,falling,2.980625931445613,-0.4156004836487259,falling,Reflation,Bonds,4.401154401154406,2.0,7.3,2026-09-20
1992-01-01,99.1194237002716,-0.054848745462109605,falling,2.672605790645899,-0.17596992149802038,falling,Reflation,Bonds,4.014336917562722,1.94,7.3,2026-09-20
1992-02-01,99.2456053282174,0.14404035961369743,rising,2.8189910979228294,-0.24757584298968904,falling,Recovery,Equities,3.708987161198296,2.2,7.4,2026-09-20
1992-03-01,99.4150754196409,0.3465818021714,rising,3.189910979228472,0.20928504778285895,rising,Overheat,Commodities,3.843416370106767,2.0,7.4,2026-09-20
1992-04-01,99.5685329543639,0.4491092540923063,rising,3.1828275351591495,0.5102217445132506,rising,Overheat,Commodities,3.8325053229240735,1.93,7.4,2026-09-20
1992-05-01,99.6657539212685,0.42014859305110974,rising,3.0235988200590036,0.20460772213617417,rising,Overheat,Commodities,3.8924274593064467,2.23,7.6,2026-09-20
1992-06-01,99.6949100286793,0.27983460903840296,rising,3.0147058823529305,-0.17520509687554142,falling,Recovery,Equities,3.7376586741889817,2.1,7.8,2026-09-20
1992-07-01,99.6840633123946,0.11553035803069633,rising,3.1571218795888534,-0.025705655570296138,falling,Recovery,Equities,3.7245256500351154,2.28,7.7,2026-09-20
1992-08-01,99.673896543026,0.008142621757500024,rising,3.0746705710102518,0.05107175095124816,rising,Overheat,Commodities,3.4989503149055246,2.3,7.6,2026-09-20
1992-09-01,99.7072429245016,0.012332895822297019,rising,2.9927007299270114,-0.02200515242591905,falling,Recovery,Equities,3.2775453277545274,2.44,7.6,2026-09-20
1992-10-01,99.8079627557971,0.12389944340250736,rising,3.279883381924198,0.12276150233534455,rising,Overheat,Commodities,3.549060542797511,2.56,7.3,2026-09-20
1992-11-01,99.9537112221207,0.2798146790946987,rising,3.1204644412191396,0.04579387020888781,rising,Overheat,Commodities,3.4674063800277377,2.4,7.4,2026-09-20
1992-12-01,100.084348956446,0.3771060319443933,rising,2.966714905933454,-0.02598582399355731,falling,Recovery,Equities,3.386316516931598,2.13,7.4,2026-09-20
1993-01-01,100.147845597252,0.33988284145489445,rising,3.2537960954446943,-0.026087286479503646,falling,Recovery,Equities,3.4458993797381154,2.14,7.3,2026-09-20
1993-02-01,100.130880520993,0.17716929887230037,rising,3.2467532467532534,0.1262888055341138,rising,Overheat,Commodities,3.576341127922955,2.19,7.1,2026-09-20
1993-03-01,100.039866555958,-0.044482400487993345,falling,3.0194104960460155,0.05269559011256142,rising,Stagflation,Cash,3.358464701850594,2.06,7.0,2026-09-20
1993-04-01,99.906143809347,-0.24170178790500074,falling,3.1563845050215145,-0.09741159042317982,falling,Reflation,Bonds,3.4859876965140035,2.12,7.1,2026-09-20
1993-05-01,99.7507966469567,-0.38008387403630195,falling,3.2211882605583497,-0.02556498619490366,falling,Reflation,Bonds,3.4059945504087086,2.22,7.1,2026-09-20
1993-06-01,99.6203640546793,-0.4195025012786999,falling,2.9978586723768963,-0.02155182366911923,falling,Reflation,Bonds,3.3990482664853827,1.91,7.0,2026-09-20
1993-07-01,99.549406986783,-0.3567368225640024,falling,2.8469750889679624,-0.3094094160535521,falling,Reflation,Bonds,3.1842818428184483,1.81,6.9,2026-09-20
1993-08-01,99.5635567047379,-0.18723994221879536,falling,2.840909090909083,-0.3802791696492669,falling,Reflation,Bonds,3.313049357674114,1.7,6.8,2026-09-20
1993-09-01,99.6687615367017,0.04839748202239491,rising,2.7639971651311157,-0.2338615072457806,falling,Recovery,Equities,3.241053342336264,1.58,6.7,2026-09-20
1993-10-01,99.8551785740967,0.3057715873136999,rising,2.752293577981657,-0.09468151098630528,falling,Recovery,Equities,3.0913978494623517,1.5,6.8,2026-09-20
1993-11-01,100.091863450387,0.5283067456490897,rising,2.7445460942997935,-0.09636299660928938,falling,Recovery,Equities,3.1501340482573914,1.45,6.6,2026-09-20
1993-12-01,100.353765848745,0.6850043120433043,rising,2.8109627547435068,0.04696558961239106,rising,Overheat,Commodities,3.141711229946531,1.62,6.5,2026-09-20
1994-01-01,100.598885943906,0.7437073698093002,rising,2.450980392156854,-0.30131318582480304,falling,Recovery,Equities,2.931379080612939,1.58,6.6,2026-09-20
1994-02-01,100.798484125538,0.7066206751510009,rising,2.515723270440251,-0.22882282385954245,falling,Recovery,Equities,2.788844621513964,1.57,6.6,2026-09-20
1994-03-01,100.946789933657,0.5930240849120025,rising,2.6517794836008246,-0.15918327114268216,falling,Recovery,Equities,2.984084880636595,1.47,6.5,2026-09-20
1994-04-01,101.040272788213,0.44138684430700437,rising,2.364394993045882,-0.08658539911097218,falling,Recovery,Equities,2.7080581241743618,1.56,6.4,2026-09-20
1994-05-01,101.081594264953,0.28311013941500107,rising,2.288488210818307,-0.22723505962194412,falling,Recovery,Equities,2.7009222661396493,1.33,6.1,2026-09-20
1994-06-01,101.076869416939,0.13007948328200314,rising,2.494802494802495,-0.15697698879832966,falling,Recovery,Equities,2.827087442472065,1.14,6.1,2026-09-20
1994-07-01,101.040601892674,0.0003291044610023164,rising,2.69896193771626,0.33456694467037806,rising,Overheat,Commodities,2.8890347997373444,1.15,6.1,2026-09-20
1994-08-01,100.987758033606,-0.09383623134699803,falling,2.900552486187835,0.6120642753695282,rising,Stagflation,Cash,2.814136125654443,1.1,6.0,2026-09-20
1994-09-01,100.919381890467,-0.15748752647201059,falling,2.965517241379323,0.470714746576828,rising,Stagflation,Cash,3.00850228907783,1.04,5.9,2026-09-20
1994-10-01,100.827893705767,-0.2127081869070082,falling,2.609890109890123,-0.0890718278261371,falling,Reflation,Bonds,2.8683181225554133,1.0,5.8,2026-09-20
1994-11-01,100.690488981637,-0.2972690519689962,falling,2.602739726027403,-0.2978127601604319,falling,Reflation,Bonds,2.7940220922676895,0.98,5.6,2026-09-20
1994-12-01,100.496261902795,-0.42311998767199555,falling,2.597402597402576,-0.36811464397674687,falling,Reflation,Bonds,2.5923525599481634,0.5,5.5,2026-09-20
1995-01-01,100.240225224394,-0.5876684813730009,falling,2.8708133971291794,0.26092328723905656,rising,Stagflation,Cash,2.9126213592232997,0.15,5.6,2026-09-20
1995-02-01,99.924658241096,-0.7658307405410056,falling,2.862985685071595,0.2602459590441919,rising,Stagflation,Cash,2.9715762273901714,0.33,5.4,2026-09-20
1995-03-01,99.580619225276,-0.9156426775190027,falling,2.7872195785180187,0.18981698111544265,rising,Stagflation,Cash,2.962009014810052,0.42,5.4,2026-09-20
1995-04-01,99.2606965575785,-0.9795286668154972,falling,3.125000000000022,0.2541866028708428,rising,Stagflation,Cash,3.1511254019292556,0.4,5.8,2026-09-20
1995-05-01,99.0080366578169,-0.9166215832790954,falling,3.1186440677966054,0.2556583827250103,rising,Stagflation,Cash,3.078896728672209,0.47,5.6,2026-09-20
1995-06-01,98.8397590652398,-0.7408601600361919,falling,3.0425963488843744,0.25537677036635564,rising,Stagflation,Cash,3.0051150895140655,0.49,5.6,2026-09-20
1995-07-01,98.7427323707403,-0.5179641868381992,falling,2.8301886792452713,-0.2948113207547509,falling,Reflation,Bonds,2.999361837906833,0.42,5.7,2026-09-20
1995-08-01,98.6824761315473,-0.32556052626959797,falling,2.6174496644295386,-0.5011944033670668,falling,Reflation,Bonds,2.991725015913449,0.56,5.7,2026-09-20
1995-09-01,98.630476524574,-0.20928254066581076,falling,2.54521098459477,-0.4973853642896042,falling,Reflation,Bonds,2.984126984126978,0.44,5.6,2026-09-20
1995-10-01,98.5867962604585,-0.1559361102818002,falling,2.7443105756358666,-0.08587810360940473,falling,Reflation,Bonds,3.1051964512040398,0.34,5.5,2026-09-20
1995-11-01,98.566189501486,-0.11628663006131035,falling,2.603471295060067,-0.013978369369471721,falling,Reflation,Bonds,3.034134007585343,0.46,5.6,2026-09-20
1995-12-01,98.5834483639611,-0.047028160612896386,falling,2.5316455696202667,-0.013565414974503476,falling,Reflation,Bonds,3.032217308907126,0.39,5.6,2026-09-20
1996-01-01,98.6502395112176,0.06344325075910717,rising,2.7906976744185963,0.04638709878272973,rising,Overheat,Commodities,2.955974842767284,0.4,5.6,2026-09-20
1996-02-01,98.7742888938196,0.20809939233360808,rising,2.717031146454607,0.11355985139454017,rising,Overheat,Commodities,2.8858218318695172,0.7,5.5,2026-09-20
1996-03-01,98.9427631962979,0.35931483233680694,rising,2.8439153439153486,0.31226977429508196,rising,Overheat,Commodities,2.814258911819878,0.73,5.5,2026-09-20
1996-04-01,99.1202393156821,0.46999980446449285,rising,2.832674571805005,0.04197689738640875,rising,Overheat,Commodities,2.6184538653366562,0.52,5.6,2026-09-20
1996-05-01,99.2858540638118,0.5115651699921955,rising,2.827087442472065,0.11005629601745781,rising,Overheat,Commodities,2.675793403858129,0.65,5.6,2026-09-20
1996-06-01,99.4198919328963,0.47712873659840227,rising,2.8215223097112663,-0.02239303420408234,falling,Recovery,Equities,2.669149596523912,0.58,5.3,2026-09-20
1996-07-01,99.5132496142421,0.39301029856000014,rising,2.8833551769331667,0.05068060512816164,rising,Overheat,Commodities,2.664188351920682,0.59,5.5,2026-09-20
1996-08-01,99.587050743641,0.3011966798292036,rising,2.8122956180510084,-0.014791824421056532,falling,Recovery,Equities,2.595797280593315,0.57,5.1,2026-09-20
1996-09-01,99.6573560286167,0.23746409572039795,rising,3.0045721750489918,0.1830498653377255,rising,Overheat,Commodities,2.6510480887792953,0.62,5.2,2026-09-20
1996-10-01,99.7292014439659,0.21595182972380655,rising,3.0618892508143203,0.1785340738811536,rising,Overheat,Commodities,2.5199754148740094,0.62,5.2,2026-09-20
1996-11-01,99.8108551790904,0.2238044354493951,rising,3.2530904359141077,0.4407948178630994,rising,Overheat,Commodities,2.5766871165644023,0.59,5.4,2026-09-20
1996-12-01,99.8985859909068,0.24122996229009175,rising,3.378817413905133,0.37424523885614125,rising,Overheat,Commodities,2.636419374616805,0.47,5.4,2026-09-20
1997-01-01,100.001550774292,0.27234933032609376,rising,3.0381383322559907,-0.02375091855832956,falling,Recovery,Equities,2.504581551618834,0.55,5.3,2026-09-20
1997-02-01,100.127993377732,0.31713819864160087,rising,3.0322580645161246,-0.22083237139798317,falling,Recovery,Equities,2.499999999999991,0.59,5.2,2026-09-20
1997-03-01,100.26450091002,0.3659149191132087,rising,2.7652733118971096,-0.6135441020080235,falling,Recovery,Equities,2.4330900243308973,0.47,5.2,2026-09-20
1997-04-01,100.406429398175,0.40487862388300755,rising,2.434336963484962,-0.6038013687710286,falling,Recovery,Equities,2.6123936816524918,0.48,5.1,2026-09-20
1997-05-01,100.548701008461,0.4207076307289981,rising,2.237851662404089,-0.7944064021120356,falling,Recovery,Equities,2.5454545454545396,0.42,4.9,2026-09-20
1997-06-01,100.685269952127,0.42076904210699695,rising,2.233567326100827,-0.5317059857962825,falling,Recovery,Equities,2.41837968561065,0.45,5.0,2026-09-20
1997-07-01,100.804838279217,0.3984088810419877,rising,2.165605095541401,-0.2687318679435613,falling,Recovery,Equities,2.4140012070005934,0.43,4.9,2026-09-20
1997-08-01,100.890736378012,0.3420353695509988,rising,2.2900763358778775,0.05222467347378856,rising,Overheat,Commodities,2.2891566265060392,0.31,4.8,2026-09-20
1997-09-01,100.94803259178,0.2627626396530047,rising,2.21940393151554,-0.014163394585287037,falling,Recovery,Equities,2.2222222222222143,0.37,4.9,2026-09-20
1997-10-01,100.978116599342,0.1732783201250072,rising,2.0859671302149163,-0.07963796532648448,falling,Recovery,Equities,2.278177458033559,0.29,4.7,2026-09-20
1997-11-01,100.975639181436,0.0849028034240007,rising,1.8903591682419618,-0.3997171676359157,falling,Recovery,Equities,2.1531100478469067,0.21,4.6,2026-09-20
1997-12-01,100.939753081996,-0.00827950978400338,falling,1.6970458830924073,-0.5223580484231327,falling,Reflation,Bonds,2.270011947431283,0.08,4.7,2026-09-20
1998-01-01,100.88845808427,-0.08965851507200284,falling,1.6311166875784044,-0.45485044263651186,falling,Reflation,Bonds,2.264600715137055,0.09,4.6,2026-09-20
1998-02-01,100.821965430714,-0.15367375072199252,falling,1.440200375704448,-0.4501587925375139,falling,Reflation,Bonds,2.2605591909577782,0.21,4.6,2026-09-20
1998-03-01,100.721875473254,-0.21787760874200046,falling,1.3767209011263937,-0.32032498196601367,falling,Reflation,Bonds,2.25653206650831,0.07,4.7,2026-09-20
1998-04-01,100.584839611945,-0.30361847232499883,falling,1.4383989993745905,-0.19271768820381396,falling,Reflation,Bonds,2.131438721136769,0.07,4.3,2026-09-20
1998-05-01,100.412024300974,-0.4099411297400053,falling,1.6885553470919357,0.24835497138748774,rising,Stagflation,Cash,2.1867612293144267,0.08,4.4,2026-09-20
1998-06-01,100.214985346068,-0.5068901271859971,falling,1.6229712858926382,0.2462503847662445,rising,Stagflation,Cash,2.2432113341204207,0.01,4.5,2026-09-20
1998-07-01,100.024685609098,-0.5601540028469998,falling,1.74563591022443,0.3072369108498396,rising,Stagflation,Cash,2.2392457277548683,-0.02,4.5,2026-09-20
1998-08-01,99.8653418985817,-0.5466824023922925,falling,1.6169154228855787,-0.07163992420635701,falling,Reflation,Bonds,2.473498233215543,0.01,4.5,2026-09-20
1998-09-01,99.7693110392095,-0.44567430685850695,falling,1.4267990074441794,-0.19617227844845875,falling,Reflation,Bonds,2.3501762632197387,0.19,4.6,2026-09-20
1998-10-01,99.771107712517,-0.2535778965810067,falling,1.4860681114551078,-0.25956779876932234,falling,Reflation,Bonds,2.2274325908558046,0.16,4.5,2026-09-20
1998-11-01,99.8739280156437,0.008586117061994969,rising,1.4842300556586308,-0.1326853672269479,falling,Recovery,Equities,2.3419203747072626,0.52,4.4,2026-09-20
1998-12-01,100.041133810088,0.2718227708785008,rising,1.606922126081578,0.1801231186373986,rising,Overheat,Commodities,2.453271028037385,0.23,4.4,2026-09-20
1999-01-01,100.247433951668,0.4763262391510068,rising,1.6666666666666607,0.180598555211553,rising,Overheat,Commodities,2.331002331002341,0.11,4.3,2026-09-20
1999-02-01,100.457357620037,0.5834296043933023,rising,1.6666666666666607,0.18243661100803,rising,Overheat,Commodities,2.1524141942990127,0.1,4.4,2026-09-20
1999-03-01,100.646313060695,0.6051792506069944,rising,1.7283950617283939,0.12147293564681583,rising,Overheat,Commodities,2.0325203252032464,0.2,4.2,2026-09-20
1999-04-01,100.811714781694,0.5642808300259929,rising,2.281134401972884,0.6144677353062233,rising,Overheat,Commodities,2.2028985507246412,0.26,4.3,2026-09-20
1999-05-01,100.953265687899,0.49590806786200403,rising,2.091020910209096,0.4243542435424352,rising,Overheat,Commodities,2.0821283979178595,0.28,4.2,2026-09-20
1999-06-01,101.060616216656,0.414303155961008,rising,1.9656019656019597,0.2372069038735658,rising,Overheat,Commodities,1.9630484988452768,0.24,4.3,2026-09-20
1999-07-01,101.137218687499,0.3255039058050073,rising,2.1446078431372584,-0.1365265588356257,falling,Recovery,Equities,2.074927953890482,0.27,4.3,2026-09-20
1999-08-01,101.192611524544,0.23934583664500053,rising,2.2643818849449104,0.17336097473581447,rising,Overheat,Commodities,1.8965517241379404,0.29,4.2,2026-09-20
1999-09-01,101.241101713381,0.18048549672499803,rising,2.629969418960254,0.6643674533582944,rising,Overheat,Commodities,2.066590126291623,0.25,4.2,2026-09-20
1999-10-01,101.290985994481,0.15376730698200447,rising,2.56253813300793,0.4179302898706716,rising,Overheat,Commodities,2.1215596330275144,0.27,4.1,2026-09-20
1999-11-01,101.342786327294,0.15017480274998718,rising,2.6203534430225606,0.35597155807765013,rising,Overheat,Commodities,2.0594965675057253,0.23,4.1,2026-09-20
1999-12-01,101.378461461582,0.13735974820100694,rising,2.676399026763998,0.046429607803744055,rising,Overheat,Commodities,1.8814139110604255,0.17,4.0,2026-09-20
2000-01-01,101.371727835385,0.08074184090399683,rising,2.792956891317555,0.2304187583096251,rising,Overheat,Commodities,2.1070615034168627,0.21,4.0,2026-09-20
2000-02-01,101.306377899317,-0.03640842797699406,falling,3.2179720704310855,0.5976186274085249,rising,Stagflation,Cash,2.1640091116173155,0.02,4.1,2026-09-20
2000-03-01,101.21011908267,-0.16834237891200132,falling,3.762135922330101,1.0857368955661029,rising,Stagflation,Cash,2.4473534433693933,-0.13,4.0,2026-09-20
2000-04-01,101.091876422021,-0.27985141336399977,falling,3.013863773357439,0.22090688203988407,rising,Stagflation,Cash,2.2688598979013097,-0.47,3.8,2026-09-20
2000-05-01,100.946242774974,-0.3601351243430031,falling,3.1325301204819134,-0.08544194994917209,falling,Reflation,Bonds,2.3796033994334165,-0.44,4.0,2026-09-20
2000-06-01,100.782166028158,-0.4279530545120025,falling,3.7349397590361377,-0.027196163293963238,falling,Reflation,Bonds,2.5481313703284325,-0.41,4.0,2026-09-20
2000-07-01,100.600181929293,-0.49169449272800136,falling,3.5992801439711952,0.5854163706137561,rising,Stagflation,Cash,2.4844720496894457,-0.35,4.0,2026-09-20
2000-08-01,100.386101944226,-0.5601408307479971,falling,3.3512866546977715,0.21875653421585817,rising,Stagflation,Cash,2.5944726452340694,-0.27,4.1,2026-09-20
2000-09-01,100.136778147183,-0.645387880975008,falling,3.45649582836709,-0.2784439306690478,falling,Reflation,Bonds,2.53093363329584,-0.41,3.9,2026-09-20
2000-10-01,99.8356671436217,-0.7645147856712953,falling,3.4503271861986873,-0.14895295777250794,falling,Reflation,Bonds,2.5266704098820814,-0.18,3.9,2026-09-20
2000-11-01,99.4930400940504,-0.8930618501755987,falling,3.444180522565321,0.0928938678675495,rising,Stagflation,Cash,2.6345291479820565,-0.14,3.9,2026-09-20
2000-12-01,99.1241724750818,-1.0126056721011878,falling,3.4360189573459543,-0.0204768710211356,falling,Reflation,Bonds,2.5741466144376224,-0.1,3.9,2026-09-20
2001-01-01,98.7876932340766,-1.0479739095451066,falling,3.7212049616065945,0.27087777540790725,rising,Stagflation,Cash,2.5655326268823275,0.01,4.2,2026-09-20
2001-02-01,98.5297091116165,-0.9633309824339022,falling,3.529411764705892,0.08523124214057098,rising,Stagflation,Cash,2.7870680044593144,0.55,4.2,2026-09-20
2001-03-01,98.3628981860785,-0.7612742890033104,falling,2.9824561403508643,-0.45356281699509005,falling,Reflation,Bonds,2.6111111111110974,0.46,4.3,2026-09-20
2001-04-01,98.2789788529309,-0.508714381145694,falling,3.2182562902282053,-0.5029486713783893,falling,Reflation,Bonds,2.66222961730449,0.75,4.4,2026-09-20
2001-05-01,98.2527004499821,-0.2770086616343974,falling,3.5630841121495394,0.03367234744364733,rising,Stagflation,Cash,2.54565578306587,1.07,4.3,2026-09-20
2001-06-01,98.229447066619,-0.13345111945949384,falling,3.193960511033689,0.21150437068282457,rising,Stagflation,Cash,2.705687465488693,1.17,4.5,2026-09-20
2001-07-01,98.1848046468557,-0.0941742060752091,falling,2.7214823393167498,-0.4967739509114555,falling,Reflation,Bonds,2.6997245179063434,1.17,4.6,2026-09-20
2001-08-01,98.1219319559233,-0.13076849405879898,falling,2.7214823393167498,-0.8416017728327896,falling,Reflation,Bonds,2.638812534359536,1.28,4.9,2026-09-20
2001-09-01,98.0811608041906,-0.1482862624283996,falling,2.5921658986175045,-0.6017946124161844,falling,Reflation,Bonds,2.6330224904004274,1.21,5.0,2026-09-20
2001-10-01,98.1319527409224,-0.05285190593329503,falling,2.127659574468077,-0.5938227648486727,falling,Reflation,Bonds,2.6286966046002336,1.73,5.3,2026-09-20
2001-11-01,98.2999853099322,0.17805335400889533,rising,1.894374282433997,-0.8271080568827527,falling,Recovery,Equities,2.730748225013646,1.75,5.5,2026-09-20
2001-12-01,98.5641282402486,0.4829674360580043,rising,1.603665521191311,-0.9885003774261936,falling,Recovery,Equities,2.782324058919805,1.94,5.7,2026-09-20
2002-01-01,98.8699493012613,0.7379965603388996,rising,1.1958997722095743,-0.9317598022585027,falling,Recovery,Equities,2.610114192495905,2.0,5.7,2026-09-20
2002-02-01,99.1596904064157,0.8597050964835091,rising,1.1363636363636465,-0.7580106460703506,falling,Recovery,Equities,2.5488069414316694,1.94,5.7,2026-09-20
2002-03-01,99.3772008750577,0.8130726348090889,rising,1.3628620102214661,-0.24080351096984476,falling,Recovery,Equities,2.4363833243096877,1.8,5.7,2026-09-20
2002-04-01,99.466999922913,0.5970506216517038,rising,1.643990929705219,0.44809115749564477,rising,Overheat,Commodities,2.485143165856285,1.7,5.9,2026-09-20
2002-05-01,99.4095288357944,0.24983842937869838,rising,1.2408347433727984,0.10447110700915196,rising,Overheat,Commodities,2.5364274150026844,1.87,5.8,2026-09-20
2002-06-01,99.2135323081439,-0.16366856691379894,falling,1.0692177827799743,-0.2936442274414919,falling,Reflation,Bonds,2.2580645161290214,1.86,5.8,2026-09-20
2002-07-01,98.9316270977548,-0.5353728251582055,falling,1.465614430665152,-0.17837649904006714,falling,Reflation,Bonds,2.1995708154506355,1.97,5.8,2026-09-20
2002-08-01,98.6306891961078,-0.7788396396866091,falling,1.747463359639223,0.5066286162664246,rising,Stagflation,Cash,2.3567220139260936,2.32,5.7,2026-09-20
2002-09-01,98.3514314368737,-0.8621008712702007,falling,1.516002245929271,0.44678446314929676,rising,Stagflation,Cash,2.2447888829502993,2.0,5.7,2026-09-20
2002-10-01,98.131597346064,-0.8000297516908006,falling,2.0270270270270174,0.5614125963618655,rising,Stagflation,Cash,2.187833511205972,1.92,5.7,2026-09-20
2002-11-01,97.9862135983892,-0.6444755977185963,falling,2.2535211267605604,0.5060577671213373,rising,Stagflation,Cash,2.020202020202033,2.25,5.9,2026-09-20
2002-12-01,97.8885837970144,-0.4628476398592909,falling,2.4802705749718212,0.9642683290425502,rising,Stagflation,Cash,1.9639065817409707,2.14,6.0,2026-09-20
2003-01-01,97.8174818330034,-0.3141155130605995,falling,2.757456387169399,0.7304293601423817,rising,Stagflation,Cash,1.9607843137255054,2.22,5.8,2026-09-20
2003-02-01,97.7835516029518,-0.2026619954373956,falling,3.146067415730336,0.8925462889697755,rising,Stagflation,Cash,1.7979904812268632,2.28,5.9,2026-09-20
2003-03-01,97.8190759285948,-0.06950786841960621,falling,3.025210084033625,0.5449395090618037,rising,Stagflation,Cash,1.744186046511631,2.18,5.9,2026-09-20
2003-04-01,97.9513492955461,0.1338674625426961,rising,2.175125488008911,-0.5823308991604881,falling,Recovery,Equities,1.4760147601476037,2.34,6.0,2026-09-20
2003-05-01,98.1746453879355,0.3910937849836955,rising,1.8941504178273005,-1.2519169979030353,falling,Recovery,Equities,1.5263157894736867,2.38,6.1,2026-09-20
2003-06-01,98.4622277377447,0.6431518091498987,rising,1.948775055679297,-1.0764350283543278,falling,Recovery,Equities,1.4721345951629994,2.04,6.3,2026-09-20
2003-07-01,98.799479997942,0.8481307023959062,rising,2.055555555555544,-0.11956993245336722,falling,Recovery,Equities,1.522309711286085,2.26,6.2,2026-09-20
2003-08-01,99.1751502325009,1.0005048445653983,rising,2.216066481994461,0.32191606416716034,rising,Overheat,Commodities,1.3082155939298845,2.59,6.1,2026-09-20
2003-09-01,99.5772478484514,1.115020110706709,rising,2.378318584070782,0.429543528391485,rising,Overheat,Commodities,1.2545739675901668,2.5,6.1,2026-09-20
2003-10-01,99.9842326575479,1.1847526596059055,rising,2.041942604856528,-0.013612950699015691,falling,Recovery,Equities,1.305483028720622,2.49,6.0,2026-09-20
2003-11-01,100.362990013612,1.1878397811111086,rising,1.9283746556473913,-0.2876918263470696,falling,Recovery,Equities,1.094319958311618,2.48,5.8,2026-09-20
2003-12-01,100.680416140162,1.1031682917105883,rising,2.0352035203520247,-0.34311506371875744,falling,Recovery,Equities,1.0931806350858997,2.28,5.7,2026-09-20
2004-01-01,100.919486054047,0.9352533964990926,rising,2.026286966046009,-0.0156556388105189,falling,Recovery,Equities,1.1434511434511352,2.43,5.7,2026-09-20
2004-02-01,101.063032830666,0.7000428170539976,rising,1.688453159041381,-0.23992149660601036,falling,Recovery,Equities,1.2467532467532516,2.32,5.6,2026-09-20
2004-03-01,101.12982336414,0.4494072239779996,rising,1.7400761283306032,-0.29512739202142146,falling,Recovery,Equities,1.558441558441559,2.33,5.8,2026-09-20
2004-04-01,101.131981640484,0.21249558643700084,rising,2.2925764192139875,0.26628945316797825,rising,Overheat,Commodities,1.7662337662337713,2.26,5.6,2026-09-20
2004-05-01,101.089462900352,0.02643006968600048,rising,2.8977583378895444,1.2093051788481635,rising,Overheat,Commodities,1.710730948678063,2.22,5.6,2026-09-20
2004-06-01,101.011915098323,-0.11790826581699321,falling,3.1676679410158393,1.427591812685236,rising,Stagflation,Cash,1.865284974093262,2.11,5.6,2026-09-20
2004-07-01,100.905702828763,-0.22627881172100217,falling,2.939575394665228,0.6469989754512406,rising,Stagflation,Cash,1.7580144777662898,1.93,5.5,2026-09-20
2004-08-01,100.787483415189,-0.30197948516300244,falling,2.5474254742547275,-0.35033286363481686,falling,Reflation,Bonds,1.7045454545454586,1.82,5.4,2026-09-20
2004-09-01,100.684424257859,-0.32749084046399446,falling,2.5391680172879516,-0.6284999237278877,falling,Reflation,Bonds,1.961796592669085,1.72,5.4,2026-09-20
2004-10-01,100.615062230536,-0.29064059822700017,falling,3.1909140075716547,0.25133861290642656,rising,Stagflation,Cash,2.0103092783505083,1.58,5.5,2026-09-20
2004-11-01,100.587954099669,-0.19952931551999598,falling,3.621621621621607,1.0741961473668793,rising,Stagflation,Cash,2.216494845360839,1.5,5.4,2026-09-20
2004-12-01,100.57639414188,-0.10803011597900536,falling,3.3423180592991875,0.8031500420112359,rising,Stagflation,Cash,2.2657054582904346,1.37,5.4,2026-09-20
2005-01-01,100.544658279146,-0.07040395138999145,falling,2.8448738593666034,-0.34604014820505125,falling,Reflation,Bonds,2.261048304213764,1.16,5.3,2026-09-20
2005-02-01,100.486294137846,-0.10165996182300319,falling,3.0530262453133394,-0.5685953763082674,falling,Reflation,Bonds,2.308876346844535,0.86,5.4,2026-09-20
2005-03-01,100.412707949066,-0.16368619281399788,falling,3.2068412613575736,-0.13547679794161382,falling,Reflation,Bonds,2.35294117647058,0.79,5.2,2026-09-20
2005-04-01,100.359960464811,-0.18469781433500998,falling,3.3617929562433257,0.5169190968767223,rising,Stagflation,Cash,2.1949974476773715,0.71,5.2,2026-09-20
2005-05-01,100.35332498275,-0.13296915509600638,falling,2.869287991498415,-0.1837382538149246,falling,Reflation,Bonds,2.1916411824668858,0.55,5.1,2026-09-20
2005-06-01,100.389817774062,-0.02289017500400803,falling,2.541026998411855,-0.6658142629457187,falling,Reflation,Bonds,2.0345879959308144,0.41,5.0,2026-09-20
2005-07-01,100.443100320377,0.08313985556600301,rising,3.067160232681121,-0.2946327235622048,falling,Recovery,Equities,2.083333333333326,0.3,5.0,2026-09-20
2005-08-01,100.514037157063,0.1607121743130051,rising,3.6469344608879517,0.7776464693895369,rising,Overheat,Commodities,2.1330624682579957,0.28,4.9,2026-09-20
2005-09-01,100.618387164898,0.22856939083600025,rising,4.741833508956805,2.2008065105449504,rising,Overheat,Commodities,1.9240506329113893,0.3,5.0,2026-09-20
2005-10-01,100.768378148368,0.3252778279910018,rising,4.350104821802936,1.282944589121815,rising,Overheat,Commodities,2.071753410813537,0.16,5.0,2026-09-20
2005-11-01,100.9498134454,0.4357762883369958,rising,3.3385498174230532,-0.30838464346489847,falling,Recovery,Equities,2.1180030257186067,0.16,5.0,2026-09-20
2005-12-01,101.123322131705,0.5049349668069993,rising,3.3385498174230532,-1.403283691533752,falling,Recovery,Equities,2.114803625377659,0.07,4.9,2026-09-20
2006-01-01,101.258209260317,0.48983111194900175,rising,4.018789144050117,-0.3313156777528192,falling,Recovery,Equities,2.1105527638190846,-0.02,4.7,2026-09-20
2006-02-01,101.344875420878,0.3950619754780007,rising,3.63825363825363,0.2997038208305769,rising,Overheat,Commodities,2.106318956870612,-0.02,4.8,2026-09-20
2006-03-01,101.377245236696,0.2539231049910029,rising,3.4179181771103018,0.07936835968724854,rising,Overheat,Commodities,2.0989505247376306,-0.12,4.7,2026-09-20
2006-04-01,101.351131482184,0.09292222186699917,rising,3.613835828600931,-0.4049533154491858,falling,Recovery,Equities,2.29770229770232,0.04,4.7,2026-09-20
2006-05-01,101.289274829336,-0.05560059154200303,falling,3.9772727272727293,0.33901908901909916,rising,Stagflation,Cash,2.44389027431422,0.2,4.6,2026-09-20
2006-06-01,101.227825430245,-0.14941980645099306,falling,4.1817243159525175,0.7638061388422157,rising,Stagflation,Cash,2.6420737786640114,0.07,4.6,2026-09-20
2006-07-01,101.188271347045,-0.16286013513899888,falling,4.104669061056954,0.49083323245602273,rising,Stagflation,Cash,2.6879044300647026,-0.01,4.7,2026-09-20
2006-08-01,101.192611335928,-0.09666349340798774,falling,3.926568077511483,-0.05070464976124622,falling,Reflation,Bonds,2.8344107409249197,0.02,4.7,2026-09-20
2006-09-01,101.25285149943,0.02502606918498884,rising,2.012072434607637,-2.1696518813448806,falling,Recovery,Equities,2.930948832588176,-0.04,4.5,2026-09-20
2006-10-01,101.347456746844,0.15918539979900004,rising,1.4063284781516971,-2.6983405829052565,falling,Recovery,Equities,2.7722772277227747,-0.07,4.4,2026-09-20
2006-11-01,101.462040647137,0.26942931120899516,rising,1.9687026754164672,-1.957865402095016,falling,Recovery,Equities,2.6172839506172885,-0.09,4.5,2026-09-20
2006-12-01,101.585856120355,0.33300462092500993,rising,2.5239777889954462,0.5119053543878094,rising,Overheat,Commodities,2.6134122287968298,-0.09,4.4,2026-09-20
2007-01-01,101.706340604568,0.35888385772399545,rising,2.075765178123423,0.6694366999717261,rising,Overheat,Commodities,2.657480314960625,-0.11,4.6,2026-09-20
2007-02-01,101.824117005888,0.362076358750997,rising,2.420260782347028,0.45155810693056075,rising,Overheat,Commodities,2.71856581532417,-0.12,4.5,2026-09-20
2007-03-01,101.945722729552,0.35986660919699887,rising,2.798197295943927,0.27421950694848096,rising,Overheat,Commodities,2.5051395007342103,-0.07,4.4,2026-09-20
2007-04-01,102.061094821487,0.3547542169190052,rising,2.5929247633283525,0.5171595852049293,rising,Overheat,Commodities,2.4155273437499902,0.07,4.5,2026-09-20
2007-05-01,102.148645281528,0.32452827564000586,rising,2.709885742672613,0.28962496032558516,rising,Overheat,Commodities,2.267770204479058,0.01,4.4,2026-09-20
2007-06-01,102.194075378651,0.24835264909899024,rising,2.692765113974227,-0.10543218196970017,falling,Recovery,Equities,2.181641573579407,-0.02,4.6,2026-09-20
2007-07-01,102.18115241343,0.12005759194299515,rising,2.3178905864958077,-0.27503417683254483,falling,Recovery,Equities,2.1682016480853106,0.16,4.7,2026-09-20
2007-08-01,102.106888944916,-0.041756336612010614,falling,1.897448478900876,-0.812437263771737,falling,Reflation,Bonds,2.0884912959380886,0.2,4.6,2026-09-20
2007-09-01,101.99895917078,-0.1951162078709956,falling,2.8338264299802685,0.14106131600604144,rising,Stagflation,Cash,2.101351351351366,0.39,4.7,2026-09-20
2007-10-01,101.877948386463,-0.3032040269669949,falling,3.610698365527476,1.2928077790316683,rising,Stagflation,Cash,2.1565510597302495,0.54,4.7,2026-09-20
2007-11-01,101.748938424458,-0.35795052045799025,falling,4.373267326732666,2.47581884783179,rising,Stagflation,Cash,2.3387872954764077,0.59,4.7,2026-09-20
2007-12-01,101.623716666892,-0.3752425038880034,falling,4.108813392417532,1.2749869624372634,rising,Stagflation,Cash,2.4353676117251366,0.93,5.0,2026-09-20
2008-01-01,101.492180616854,-0.3857677696090036,falling,4.294695655165981,0.6839972896385049,rising,Stagflation,Cash,2.4789069990412305,0.99,5.0,2026-09-20
2008-02-01,101.342087373857,-0.4068510506010057,falling,4.142959270611968,-0.23030805612069827,falling,Reflation,Bonds,2.29708083295479,1.53,4.9,2026-09-20
2008-03-01,101.17531992402,-0.44839674287199216,falling,3.9749035501344343,-0.13390984228309755,falling,Reflation,Bonds,2.388524386633417,1.88,5.1,2026-09-20
2008-04-01,100.967734381064,-0.5244462357899948,falling,3.9037609759888126,-0.3909346791771684,falling,Reflation,Bonds,2.294669292051843,1.77,5.0,2026-09-20
2008-05-01,100.686540802452,-0.6555465714049973,falling,4.088413823123993,-0.05454544748797474,falling,Reflation,Bonds,2.3222157689781087,1.41,5.4,2026-09-20
2008-06-01,100.294206088916,-0.8811138351040029,falling,4.935966105947864,0.96106255581343,rising,Stagflation,Cash,2.3917259211376996,1.4,5.6,2026-09-20
2008-07-01,99.7589799704969,-1.20875441056711,falling,5.497512078341837,1.5937511023530249,rising,Stagflation,Cash,2.463313612274831,1.38,5.8,2026-09-20
2008-08-01,99.0640815864571,-1.622459215994894,falling,5.308017162091239,1.2196033389672456,rising,Stagflation,Cash,2.4981171756213394,1.46,6.1,2026-09-20
2008-09-01,98.2227190714155,-2.071487017500502,falling,4.953319875136075,0.017353769188210855,rising,Stagflation,Cash,2.4386208722122937,1.47,6.1,2026-09-20
2008-10-01,97.2972846863461,-2.4616952841507924,falling,3.7310578899565128,-1.7664541883853246,falling,Reflation,Bonds,2.2213629955157854,1.95,6.5,2026-09-20
2008-11-01,96.41103213099,-2.6530494554671122,falling,1.0999174706166848,-4.208099691474554,falling,Reflation,Bonds,2.015893915169764,2.45,6.8,2026-09-20
2008-12-01,95.6651639779452,-2.557555093470299,falling,-0.02222800255385904,-4.975547877689934,falling,Reflation,Bonds,1.7624596562335837,1.82,7.3,2026-09-20
2009-01-01,95.1238916061457,-2.1733930802003982,falling,-0.11358601902212717,-3.84464390897864,falling,Reflation,Bonds,1.6723503187990874,1.49,7.8,2026-09-20
2009-02-01,94.8248389969917,-1.586193133998293,falling,0.008463140671510772,-1.091454329945174,falling,Reflation,Bonds,1.800980653363804,1.93,8.3,2026-09-20
2009-03-01,94.7856675930917,-0.8794963848534962,falling,-0.4464787676623838,-0.4242507651085248,falling,Reflation,Bonds,1.7876130957932945,2.02,8.7,2026-09-20
2009-04-01,94.9958687502091,-0.12802285593660656,falling,-0.5763244243767063,-0.4627384053545791,falling,Reflation,Bonds,1.93232662192393,1.85,9.0,2026-09-20
2009-05-01,95.3866068186612,0.5617678216695055,rising,-1.015761495855172,-1.0242246365266827,falling,Recovery,Equities,1.8461309413034588,2.29,9.4,2026-09-20
2009-06-01,95.8866243256837,1.100956732591996,rising,-1.2291746182109153,-0.7826958505485315,falling,Recovery,Equities,1.7119726678550107,2.74,9.5,2026-09-20
2009-07-01,96.433392621464,1.4375238712548963,rising,-1.9587610037622771,-1.3824365793855709,falling,Recovery,Equities,1.5270992984974363,2.5,9.5,2026-09-20
2009-08-01,96.9858387647346,1.5992319460733881,rising,-1.4838355663267633,-0.46807407047159133,falling,Recovery,Equities,1.4339650543224725,2.39,9.6,2026-09-20
2009-09-01,97.5128608051646,1.6262364794809088,rising,-1.377942862886472,-0.14876824467555672,falling,Recovery,Equities,1.4798373886199645,2.46,9.8,2026-09-20
2009-10-01,97.9963917941887,1.5629991727247017,rising,-0.22396829420033848,1.7347927095619387,rising,Overheat,Commodities,1.7127331771131127,2.34,10.0,2026-09-20
2009-11-01,98.4386337907798,1.4527950260452087,rising,1.9145871744709275,3.398422740797691,rising,Overheat,Commodities,1.714243571010421,2.51,9.9,2026-09-20
2009-12-01,98.8446285544344,1.3317677492697868,rising,2.8141231232083674,4.192065986094839,rising,Overheat,Commodities,1.8236717759594345,2.61,9.9,2026-09-20
2010-01-01,99.1949472587154,1.1985554645267058,rising,2.6211113889767157,2.845079683177054,rising,Overheat,Commodities,1.5123351706495702,2.71,9.8,2026-09-20
2010-02-01,99.4547745999726,1.016140809192791,rising,2.151336357866529,0.23674918339560147,rising,Overheat,Commodities,1.3494526888039982,2.82,9.8,2026-09-20
2010-03-01,99.6279099940405,0.7832814396060996,rising,2.2861714393279886,-0.5279516838803788,falling,Recovery,Equities,1.1592051426555505,2.81,9.9,2026-09-20
2010-04-01,99.6977365215796,0.5027892628641979,rising,2.2067707525304403,-0.4143406364462754,falling,Recovery,Equities,0.9675088932173947,2.84,9.9,2026-09-20
2010-05-01,99.6748079733625,0.22003337338991003,rising,2.003548929218568,-0.1477874286479608,falling,Recovery,Equities,0.9401381427474931,2.72,9.6,2026-09-20
2010-06-01,99.599180455672,-0.0287295383684949,falling,1.1215605940686268,-1.1646108452593618,falling,Reflation,Bonds,0.9501989849939774,2.51,9.4,2026-09-20
2010-07-01,99.5356012384062,-0.16213528317339865,falling,1.3407784804821077,-0.8659922720483326,falling,Reflation,Bonds,0.9577539302116689,2.33,9.4,2026-09-20
2010-08-01,99.5340108676786,-0.1407971056839017,falling,1.1501775395112546,-0.8533713897073136,falling,Reflation,Bonds,0.9171009950067255,2.39,9.5,2026-09-20
2010-09-01,99.6058226667077,0.006642211035696732,rising,1.1183122472331775,-0.0032483468354493894,falling,Recovery,Equities,0.8143870498363182,2.08,9.5,2026-09-20
2010-10-01,99.7372112728213,0.20161003441509706,rising,1.1666951489314625,-0.17408333155064515,falling,Recovery,Equities,0.6027183550187942,2.12,9.4,2026-09-20
2010-11-01,99.9161598888239,0.38214902114529536,rising,1.084544776600338,-0.06563276291091658,falling,Recovery,Equities,0.672056411046551,2.32,9.8,2026-09-20
2010-12-01,100.105381213122,0.4995585464143062,rising,1.437793022217937,0.31948077498475946,rising,Overheat,Commodities,0.6618948664665503,2.44,9.3,2026-09-20
2011-01-01,100.265166153313,0.5279548804917056,rising,1.7007834915029774,0.5340883425715148,rising,Overheat,Commodities,0.9835337415527112,2.69,9.1,2026-09-20
2011-02-01,100.360419738614,0.44425984979010025,rising,2.124898173333145,1.0403533967328071,rising,Overheat,Commodities,1.124445592146106,2.87,9.0,2026-09-20
2011-03-01,100.355636879555,0.2502556664329916,rising,2.619241510354109,1.181448488136172,rising,Overheat,Commodities,1.2097851736773357,2.75,9.0,2026-09-20
2011-04-01,100.24783958244,-0.017326570873009928,falling,3.0772344447868694,1.376450953283892,rising,Stagflation,Cash,1.3155392125784537,2.66,9.1,2026-09-20
2011-05-01,100.048610261855,-0.3118094767589952,falling,3.4589718808964998,1.3340737075633546,rising,Stagflation,Cash,1.4540961794335727,2.71,9.0,2026-09-20
2011-06-01,99.7808040913896,-0.574832788165395,falling,3.5023181506360412,0.8830766402819323,rising,Stagflation,Cash,1.5836776766096738,2.52,9.1,2026-09-20
2011-07-01,99.4951255389596,-0.7527140434803954,falling,3.5798809769996165,0.5026465322127471,rising,Stagflation,Cash,1.741483445742964,2.72,9.0,2026-09-20
2011-08-01,99.2571969776796,-0.7914132841754054,falling,3.75499603070808,0.2960241498115801,rising,Stagflation,Cash,1.9651571719433658,2.39,9.0,2026-09-20
2011-09-01,99.1337966333831,-0.6470074580064988,falling,3.812621692818685,0.3103035421826439,rising,Stagflation,Cash,1.9877227562006272,1.96,9.0,2026-09-20
2011-10-01,99.1547457542961,-0.3403797846634973,falling,3.5222681306640524,-0.05761284633556407,falling,Reflation,Bonds,2.1079204796465634,1.67,8.8,2026-09-20
2011-11-01,99.3001978009598,0.04300082328019528,rising,3.451432214581729,-0.30356381612635097,falling,Recovery,Equities,2.138204538395394,1.78,8.6,2026-09-20
2011-12-01,99.5184017847208,0.3846051513376949,rising,3.062066838419386,-0.750554854399299,falling,Recovery,Equities,2.276662633858506,1.84,8.5,2026-09-20
2012-01-01,99.7362807779034,0.5815350236073016,rising,3.0087663379855023,-0.5135017926785501,falling,Recovery,Equities,2.2773481506083826,1.64,8.3,2026-09-20
2012-02-01,99.8890515853421,0.5888537843823087,rising,2.8981784423473878,-0.5532537722343411,falling,Recovery,Equities,2.1598204405657295,1.64,8.3,2026-09-20
2012-03-01,99.949509459681,0.4311076749602023,rising,2.5828752813320977,-0.47919155708728844,falling,Recovery,Equities,2.2483374654291177,1.73,8.2,2026-09-20
2012-04-01,99.9218662385737,0.18558546067029624,rising,2.2731633741348567,-0.7356029638506456,falling,Recovery,Equities,2.314427851801515,1.9,8.2,2026-09-20
2012-05-01,99.8299346491491,-0.059116936193007064,falling,1.7379429374660749,-1.1602355048813129,falling,Reflation,Bonds,2.252258280361308,1.71,8.2,2026-09-20
2012-06-01,99.7143348993537,-0.23517456032729456,falling,1.653870448297634,-0.9290048330344636,falling,Reflation,Bonds,2.192285611289857,1.22,8.2,2026-09-20
2012-07-01,99.6254569610331,-0.2964092775406044,falling,1.4175114798464783,-0.8556518942883784,falling,Reflation,Bonds,2.109955687378462,1.34,8.2,2026-09-20
2012-08-01,99.5899845138399,-0.23995013530920062,falling,1.6859349154821235,-0.05200802198395138,falling,Reflation,Bonds,1.9352524993137443,1.32,8.1,2026-09-20
2012-09-01,99.622237740094,-0.0920971592597084,falling,1.9497168982819613,0.2958464499843272,rising,Stagflation,Cash,2.0082434834909124,1.35,7.8,2026-09-20
2012-10-01,99.6965760259811,0.07111906494800735,rising,2.1556780595369363,0.738166579690458,rising,Overheat,Commodities,1.9946491483669337,1.39,7.8,2026-09-20
2012-11-01,99.7950776561748,0.20509314233490272,rising,1.7960197033926262,0.11008478791050269,rising,Overheat,Commodities,1.9528512686261434,1.45,7.7,2026-09-20
2012-12-01,99.9192489035129,0.297011163418901,rising,1.7595049796895523,-0.19021191859240894,falling,Recovery,Equities,1.8996943778720743,1.37,7.9,2026-09-20
2013-01-01,100.062785123951,0.3662090979699002,rising,1.684061762098299,-0.4716162974386373,falling,Recovery,Equities,1.9098022178631435,1.53,8.0,2026-09-20
2013-02-01,100.209557678583,0.41448002240819903,rising,2.0181404902574807,0.22212078686485448,rising,Overheat,Commodities,1.9887385214485631,1.77,7.7,2026-09-20
2013-03-01,100.333415263404,0.4141663598911123,rising,1.5187472411246183,-0.240757738564934,falling,Recovery,Equities,1.8890221377988237,1.61,7.5,2026-09-20
2013-04-01,100.448708633502,0.38592350955099164,rising,1.138808047576867,-0.545253714521432,falling,Recovery,Equities,1.715558856294086,1.63,7.6,2026-09-20
2013-05-01,100.562498939878,0.35294126129500114,rising,1.3903888279197085,-0.6277516623377721,falling,Recovery,Equities,1.6455519491850756,1.46,7.5,2026-09-20
2013-06-01,100.651652817347,0.3182375539429927,rising,1.7157935271568725,0.19704628603225416,rising,Overheat,Commodities,1.6230952474272975,1.86,7.5,2026-09-20
2013-07-01,100.704845519224,0.25613688572200033,rising,1.885471805415806,0.746663757838939,rising,Overheat,Commodities,1.7002217680567089,2.16,7.3,2026-09-20
2013-08-01,100.734561826341,0.17206288646299583,rising,1.538809488600279,0.14842066068057047,rising,Overheat,Commodities,1.782107690904433,2.39,7.2,2026-09-20
2013-09-01,100.74679174231,0.09513892496299547,rising,1.0947341081747997,-0.6210594189820728,falling,Recovery,Equities,1.7519368418314363,2.39,7.2,2026-09-20
2013-10-01,100.751465289474,0.04661977025000397,rising,0.8767991434911471,-1.0086726619246589,falling,Recovery,Equities,1.686837731144819,2.33,7.2,2026-09-20
2013-11-01,100.756906122952,0.022344296611009895,rising,1.2328701961954458,-0.3059392924048332,falling,Recovery,Equities,1.7416677473738762,2.32,6.9,2026-09-20
2013-12-01,100.750699532421,0.003907790111000509,rising,1.5128383667573297,0.4181042585825301,rising,Overheat,Commodities,1.7408566188369834,2.47,6.7,2026-09-20
2014-01-01,100.738210991534,-0.01325429793999433,falling,1.557758795574915,0.680959652083768,rising,Stagflation,Cash,1.6070344358370292,2.66,6.6,2026-09-20
2014-02-01,100.754166415082,-0.002739707870006214,falling,1.1204746347724948,-0.11239556142295104,falling,Reflation,Bonds,1.5548073904948723,2.33,6.7,2026-09-20
2014-03-01,100.799643582448,0.04894405002700353,rising,1.6126949139408042,0.09985654718347448,rising,Overheat,Commodities,1.6456609706435588,2.33,6.7,2026-09-20
2014-04-01,100.855910024784,0.1176990332499912,rising,2.015125303606169,0.4573665080312539,rising,Overheat,Commodities,1.8210555250137483,2.33,6.2,2026-09-20
2014-05-01,100.904950299404,0.15078388432200995,rising,2.166947687079812,1.0464730523073174,rising,Overheat,Commodities,1.9455269618362525,2.22,6.3,2026-09-20
2014-06-01,100.939829376068,0.14018579362000594,rising,2.0589816945944195,0.44628678065361527,rising,Overheat,Commodities,1.9228626526676562,2.11,6.1,2026-09-20
2014-07-01,100.956356938309,0.10044691352500479,rising,1.9742378703305974,-0.04088743327557154,falling,Recovery,Equities,1.8449632290063356,2.11,6.2,2026-09-20
2014-08-01,100.957105219383,0.0521549199789888,rising,1.7150983482969062,-0.4518493387829059,falling,Recovery,Equities,1.73639560289498,2.05,6.1,2026-09-20
2014-09-01,100.94435279274,0.004523416672000735,rising,1.6840509711232077,-0.3749307234712118,falling,Recovery,Equities,1.7409458883681284,1.87,5.9,2026-09-20
2014-10-01,100.913626368033,-0.042730570276006574,falling,1.6095417021513292,-0.3646961681792682,falling,Reflation,Bonds,1.817632310436279,1.89,5.7,2026-09-20
2014-11-01,100.863825023321,-0.09328019606199689,falling,1.231524989320798,-0.4835733589761082,falling,Reflation,Bonds,1.7415947552462452,1.85,5.8,2026-09-20
2014-12-01,100.789437943845,-0.15491484889500384,falling,0.6531213919623191,-1.0309295791608886,falling,Reflation,Bonds,1.6224195046636636,1.73,5.6,2026-09-20
2015-01-01,100.69362163714,-0.22000473089299533,falling,-0.22993097820542818,-1.8394726803567574,falling,Reflation,Bonds,1.631625565241701,1.5,5.7,2026-09-20
2015-02-01,100.585585832033,-0.27823919128799446,falling,-0.08703146293520536,-1.3185564522560034,falling,Reflation,Bonds,1.6880834938713285,1.21,5.5,2026-09-20
2015-03-01,100.479346883677,-0.3100910601680056,falling,-0.022031284423873476,-0.6751526763861926,falling,Reflation,Bonds,1.7453777073428434,1.37,5.4,2026-09-20
2015-04-01,100.375408723347,-0.31821291379300476,falling,-0.10403098939391064,0.12589998881151754,rising,Stagflation,Cash,1.802827832894649,1.32,5.4,2026-09-20
2015-05-01,100.26543464714,-0.32015118489300676,falling,0.03503321824429584,0.1220646811795012,rising,Stagflation,Cash,1.7509440952473199,1.52,5.6,2026-09-20
2015-06-01,100.143406360659,-0.33594052301799593,falling,0.1795718097550525,0.20160309417892597,rising,Stagflation,Cash,1.7772676244655061,1.55,5.3,2026-09-20
2015-07-01,99.9875922623453,-0.387816461001691,falling,0.22568611104094582,0.32971710043485647,rising,Stagflation,Cash,1.8346312894897077,1.74,5.2,2026-09-20
2015-08-01,99.808274506506,-0.45716014063400223,falling,0.2413037985344868,0.20627058029019096,rising,Stagflation,Cash,1.8506323273421277,1.53,5.1,2026-09-20
2015-09-01,99.6344174838731,-0.5089888767859065,falling,0.008842961634170088,-0.1707288481208824,falling,Reflation,Bonds,1.8970961446650891,1.47,5.0,2026-09-20
2015-10-01,99.4905459801442,-0.49704628220109726,falling,0.12761656067050708,-0.09806955037043874,falling,Reflation,Bonds,1.9135335359607986,1.41,5.0,2026-09-20
2015-11-01,99.3687839208449,-0.43949058566109045,falling,0.4363182169185187,0.19501441838403188,rising,Stagflation,Cash,1.9974275238246353,1.41,5.1,2026-09-20
2015-12-01,99.2627009773769,-0.3717165064961989,falling,0.6387247515364791,0.629881789902309,rising,Stagflation,Cash,2.0715072792840905,1.24,5.0,2026-09-20
2016-01-01,99.1771599205367,-0.31338605960750954,falling,1.2375025026943876,1.1098859420238805,rising,Stagflation,Cash,2.145022538582464,1.21,4.8,2026-09-20
2016-02-01,99.1194447127022,-0.24933920814270039,falling,0.8472775790126619,0.4109593620941432,rising,Stagflation,Cash,2.222573822094165,1.16,4.9,2026-09-20
2016-03-01,99.1003902838164,-0.16231069356049943,falling,0.8916160965521946,0.25289134501571553,rising,Stagflation,Cash,2.142426948557663,0.98,5.0,2026-09-20
2016-04-01,99.1012207596666,-0.07593916087009234,falling,1.1726257503534843,-0.06487675234090329,falling,Reflation,Bonds,2.156654761214183,1.03,5.1,2026-09-20
2016-05-01,99.1059859048718,-0.01345880783040343,falling,1.0784764621246223,0.23119888311196046,rising,Stagflation,Cash,2.2545595974976074,1.06,4.8,2026-09-20
2016-06-01,99.1080946902456,0.0077044064291982295,rising,1.0792865347959424,0.18767043824374774,rising,Overheat,Commodities,2.2622116465067066,0.94,4.9,2026-09-20
2016-07-01,99.126111463457,0.02489070379039049,rising,0.8683633430518256,-0.30426240730165866,falling,Recovery,Equities,2.1701399624842965,0.87,4.8,2026-09-20
2016-08-01,99.1722559999481,0.06627009507630532,rising,1.0553158595656864,-0.023160602558935928,falling,Recovery,Equities,2.3087345614186683,0.84,4.9,2026-09-20
2016-09-01,99.2610136074057,0.15291891716010753,rising,1.5486446201652182,0.4693580853692758,rising,Overheat,Commodities,2.271120682569183,0.79,5.0,2026-09-20
2016-10-01,99.3872799960436,0.2611685325866091,rising,1.685924966243646,0.8175616231918204,rising,Overheat,Commodities,2.2045551507991146,0.83,4.9,2026-09-20
2016-11-01,99.5350859844115,0.36282998446338866,rising,1.6843334719788938,0.6290176124132074,rising,Overheat,Commodities,2.1454219398053587,1.0,4.7,2026-09-20
2016-12-01,99.6835196625952,0.42250605518950124,rising,2.0507989115119862,0.502154291346768,rising,Overheat,Commodities,2.197123661300271,1.31,4.7,2026-09-20
2017-01-01,99.8022518486534,0.41497185260979563,rising,2.5103933482571117,0.8244683820134657,rising,Overheat,Commodities,2.2502092221020176,1.25,4.7,2026-09-20
2017-02-01,99.8795782616118,0.3444922772003025,rising,2.8103616813294208,1.126028209350527,rising,Overheat,Commodities,2.2353468290497336,1.26,4.6,2026-09-20
2017-03-01,99.9164696774209,0.232950014825704,rising,2.44119623655914,0.39039732504715374,rising,Overheat,Commodities,2.045845481938735,1.17,4.4,2026-09-20
2017-04-01,99.9283308358489,0.12607898719549837,rising,2.176223471915395,-0.3341698763417167,falling,Recovery,Equities,1.8965650108902388,1.13,4.4,2026-09-20
2017-05-01,99.935738654833,0.05616039322120514,rising,1.8563431667619756,-0.9540185145674451,falling,Recovery,Equities,1.7370931912259246,1.05,4.4,2026-09-20
2017-06-01,99.9538347404962,0.037365063075299076,rising,1.640565809959127,-0.800630426600013,falling,Recovery,Equities,1.6991193342490218,0.93,4.3,2026-09-20
2017-07-01,99.9886353417391,0.0603045058902012,rising,1.7251073506566073,-0.45111612125878775,falling,Recovery,Equities,1.6769627444729984,0.93,4.3,2026-09-20
2017-08-01,100.065520102234,0.12978144740100106,rising,1.92812155729698,0.07177839053500445,rising,Overheat,Commodities,1.6552412618799472,0.92,4.4,2026-09-20
2017-09-01,100.176597433995,0.22276269349879385,rising,2.1805652303711787,0.5399994204120517,rising,Overheat,Commodities,1.5953898457655935,0.81,4.3,2026-09-20
2017-10-01,100.309285446456,0.32065010471690414,rising,2.020757753132485,0.2956504024758777,rising,Overheat,Commodities,1.7596390813271245,0.86,4.2,2026-09-20
2017-11-01,100.445648990378,0.38012888814400014,rising,2.172493864295566,0.24437230699858592,rising,Overheat,Commodities,1.7376072726981162,0.76,4.2,2026-09-20
2017-12-01,100.581127416172,0.4045299821769959,rising,2.129930719552253,-0.05063451081892545,falling,Recovery,Equities,1.770166453265043,0.59,4.1,2026-09-20
2018-01-01,100.715280266106,0.4059948196500045,rising,2.151318868063945,0.13056111493146005,rising,Overheat,Commodities,1.8912671130328462,0.51,4.0,2026-09-20
2018-02-01,100.837107813377,0.3914588229989988,rising,2.263468931091861,0.09097506679629497,rising,Overheat,Commodities,1.87770420481439,0.62,4.1,2026-09-20
2018-03-01,100.914553377343,0.3334259611710024,rising,2.3309497646499366,0.20101904509768342,rising,Overheat,Commodities,2.1227843662331214,0.59,4.0,2026-09-20
2018-04-01,100.940682339481,0.22540207337499396,rising,2.4709963021052994,0.3196774340413544,rising,Overheat,Commodities,2.150644636125887,0.47,4.0,2026-09-20
2018-05-01,100.924541144826,0.08743333144899168,rising,2.781921607842497,0.5184526767506359,rising,Overheat,Commodities,2.272998448872432,0.47,3.8,2026-09-20
2018-06-01,100.87738550874,-0.03716786860299237,falling,2.8075506935940187,0.476600928944082,rising,Stagflation,Cash,2.245517307127032,0.42,4.0,2026-09-20
2018-07-01,100.80225803718,-0.13842430230100433,falling,2.854124785561929,0.38312848345662953,rising,Stagflation,Cash,2.267595293370639,0.33,3.8,2026-09-20
2018-08-01,100.702067585229,-0.22247355959699178,falling,2.6429238568742575,-0.1389977509682394,falling,Reflation,Bonds,2.1208941334864617,0.33,3.8,2026-09-20
2018-09-01,100.562104311679,-0.31528119706101165,falling,2.332055105808828,-0.47549558778519074,falling,Reflation,Bonds,2.1976804898501623,0.24,3.7,2026-09-20
2018-10-01,100.377676762007,-0.42458127517299715,falling,2.492032470218053,-0.362092315343876,falling,Reflation,Bonds,2.126409125691242,0.27,3.8,2026-09-20
2018-11-01,100.16618631627,-0.5358812689590025,falling,2.147328577667773,-0.4955952792064844,falling,Reflation,Bonds,2.2153843729315836,0.3,3.8,2026-09-20
2018-12-01,99.9502146873732,-0.611889624305789,falling,2.0023809043401064,-0.3296742014687215,falling,Reflation,Bonds,2.2485295505299874,0.21,3.9,2026-09-20
2019-01-01,99.7514741606489,-0.6262026013581021,falling,1.4875893578291333,-1.0044431123889197,falling,Reflation,Bonds,2.1794329242488475,0.21,4.0,2026-09-20
2019-02-01,99.5873545792768,-0.5788317369931946,falling,1.5188615351321877,-0.6284670425355854,falling,Reflation,Bonds,2.1410889637129227,0.18,3.8,2026-09-20
2019-03-01,99.4564073360148,-0.4938073513583987,falling,1.8831863513063984,-0.11919455303370796,falling,Reflation,Bonds,2.06656235001228,0.21,3.8,2026-09-20
2019-04-01,99.3361291322384,-0.41534502841049914,falling,2.000583470209061,0.5129941123799275,rising,Stagflation,Cash,2.0913377235709074,0.16,3.7,2026-09-20
2019-05-01,99.2237806322967,-0.3635739469801109,falling,1.7959105553606136,0.2770490202284259,rising,Stagflation,Cash,1.97242800754438,0.21,3.6,2026-09-20
2019-06-01,99.1222851146564,-0.334122221358399,falling,1.671194894390049,-0.21199145691634946,falling,Reflation,Bonds,2.0746001344216447,0.19,3.6,2026-09-20
2019-07-01,99.0392723471344,-0.2968567851039978,falling,1.826331335037068,-0.17425213517199278,falling,Reflation,Bonds,2.1657049503490455,0.25,3.7,2026-09-20
2019-08-01,98.9862215817901,-0.2375590505065901,falling,1.7376412106666406,-0.058269344693973046,falling,Reflation,Bonds,2.321135673598529,0.17,3.6,2026-09-20
2019-09-01,98.9896808389217,-0.1326042757347068,falling,1.6844977040391562,0.013302809649107239,rising,Stagflation,Cash,2.3300099083477743,0.0,3.5,2026-09-20
2019-10-01,99.0447022579005,0.005429910766096668,rising,1.7339736996186295,-0.09235763541843856,falling,Recovery,Equities,2.3378148209658223,0.09,3.6,2026-09-20
2019-11-01,99.1282612987669,0.14203971697679663,rising,2.092290394862917,0.3546491841962762,rising,Overheat,Commodities,2.3546960942649298,0.17,3.6,2026-09-20
2019-12-01,99.2075133940146,0.21783255509289745,rising,2.3195274699624457,0.6350297659232895,rising,Overheat,Commodities,2.2905988164406255,0.17,3.6,2026-09-20
2020-01-01,99.2432942624373,0.19859200453680614,rising,2.599767976845202,0.8657942772265725,rising,Overheat,Commodities,2.2817391837892886,0.34,3.6,2026-09-20
2020-02-01,99.2061003704516,0.07783907168469284,rising,2.3413166797595197,0.24902628489660295,rising,Overheat,Commodities,2.3676613601035346,0.18,3.5,2026-09-20
2020-03-01,97.7952126485778,-1.412300745436795,falling,1.4940399642909163,-0.8254875056715294,falling,Reflation,Bonds,2.097741687598198,0.27,4.4,2026-09-20
2020-04-01,92.9251649476173,-6.318129314819998,falling,0.3130472940411133,-2.2867206828040887,falling,Reflation,Bonds,1.4309324152566472,0.39,14.8,2026-09-20
2020-05-01,94.4539396875121,-4.75216068293949,falling,0.1982013035848551,-2.1431153761746646,falling,Reflation,Bonds,1.2184564692601985,0.44,13.2,2026-09-20
2020-06-01,96.3383169246514,-1.456895723926408,falling,0.7166562831830481,-0.7773836811078683,falling,Reflation,Bonds,1.1836841884912408,0.52,11.0,2026-09-20
2020-07-01,97.8777163135614,4.952551365944089,rising,0.9968647625897997,0.6838174685486864,rising,Overheat,Commodities,1.560695837131587,0.52,10.2,2026-09-20
2020-08-01,98.5879720523397,4.13403236482759,rising,1.2810698495523853,1.0828685459675302,rising,Overheat,Commodities,1.7223933878284248,0.44,8.4,2026-09-20
2020-09-01,98.8884339720799,2.5501170474285004,rising,1.3910228912373812,0.6743666080543331,rising,Overheat,Commodities,1.7190644053436621,0.55,7.8,2026-09-20
2020-10-01,99.2565080560015,1.3787917424401002,rising,1.2303863428671624,0.2335215802773627,rising,Overheat,Commodities,1.6364116692455521,0.54,6.9,2026-09-20
2020-11-01,99.6558515335562,1.067879481216508,rising,1.1757452138405844,-0.10532463571180095,falling,Recovery,Equities,1.6693780408814973,0.74,6.7,2026-09-20
2020-12-01,100.071282076776,1.182848104696106,rising,1.3204191315779434,-0.07060375965943777,falling,Recovery,Equities,1.624313961356294,0.75,6.7,2026-09-20
2021-01-01,100.437331043969,1.1808229879675025,rising,1.3738437137002402,0.14345737083307775,rising,Overheat,Commodities,1.3763703714812836,0.8,6.4,2026-09-20
2021-02-01,100.790836389435,1.1349848558787983,rising,1.6698167791706853,0.4940715653301009,rising,Overheat,Commodities,1.280248344990098,0.98,6.2,2026-09-20
2021-03-01,101.10178601803,1.030503941253997,rising,2.6678187820641908,1.3473996504862473,rising,Overheat,Commodities,1.6494791315614155,1.32,6.1,2026-09-20
2021-04-01,101.339964070763,0.9026330267940068,rising,4.133077115360573,2.7592334016603326,rising,Overheat,Commodities,2.9780316542864504,1.52,6.1,2026-09-20
2021-05-01,101.401032079726,0.6101956902909933,rising,4.918257089467626,3.2484403102969406,rising,Overheat,Commodities,3.7876961101984907,1.49,5.8,2026-09-20
2021-06-01,101.39656647481,0.2947804567800034,rising,5.295632620349999,2.6278138382858085,rising,Overheat,Commodities,4.439362194328367,1.46,5.9,2026-09-20
2021-07-01,101.342203132831,0.002239062067999953,rising,5.245169381309234,1.112092265948661,rising,Overheat,Commodities,4.210719214328185,1.23,5.4,2026-09-20
2021-08-01,101.272326914138,-0.12870516558798784,falling,5.152015301793966,0.23375821232634042,rising,Stagflation,Cash,3.9396919775577244,1.05,5.1,2026-09-20
2021-09-01,101.219594328985,-0.17697214582500465,falling,5.351215590949132,0.055582970599132864,rising,Stagflation,Cash,4.002855729865806,1.11,4.7,2026-09-20
2021-10-01,101.189227108461,-0.15297602437000535,falling,6.235042390298062,0.9898730089888286,rising,Stagflation,Cash,4.590317334184912,1.21,4.5,2026-09-20
2021-11-01,101.165027900706,-0.1072990134320122,falling,6.901970403700863,1.749955101906897,rising,Stagflation,Cash,4.972572143965692,1.08,4.1,2026-09-20
2021-12-01,101.117625984198,-0.10196834478699657,falling,7.174340285065539,1.823124694116407,rising,Stagflation,Cash,5.488993530393094,0.87,3.9,2026-09-20
2022-01-01,101.022211102762,-0.1670160056989971,falling,7.558805726967832,1.3237633366697699,rising,Stagflation,Cash,6.05428515424189,0.79,4.0,2026-09-20
2022-02-01,100.872113109927,-0.29291479077899396,falling,7.937278766517819,1.0353083628169557,rising,Stagflation,Cash,6.4551151617656455,0.63,3.9,2026-09-20
2022-03-01,100.658348361509,-0.45927762268900096,falling,8.572204966013853,1.397864680948314,rising,Stagflation,Cash,6.482378554404167,0.41,3.7,2026-09-20
2022-04-01,100.384246901804,-0.6379642009579953,falling,8.231750770777225,0.6729450438093929,rising,Stagflation,Cash,6.158737119052837,-0.05,3.7,2026-09-20
2022-05-01,100.059330860135,-0.8127822497919936,falling,8.538171195642065,0.6008924291242455,rising,Stagflation,Cash,6.0254478790408905,0.19,3.6,2026-09-20
2022-06-01,99.7325818389463,-0.9257665225626965,falling,8.979361103105798,0.4071561370919454,rising,Stagflation,Cash,5.906335651591377,0.28,3.6,2026-09-20
2022-07-01,99.4535936111244,-0.9306532906796008,falling,8.462576727730099,0.23082595695287367,rising,Stagflation,Cash,5.899916740834321,0.04,3.5,2026-09-20
2022-08-01,99.2369821728656,-0.822348687269411,falling,8.222579178218826,-0.3155920174232385,falling,Reflation,Bonds,6.286089097732228,-0.3,3.6,2026-09-20
2022-09-01,99.0670755651315,-0.665506273814799,falling,8.192106896425821,-0.787254206679977,falling,Reflation,Bonds,6.624287624509306,-0.25,3.5,2026-09-20
2022-10-01,98.930799677277,-0.5227939338474101,falling,7.758813957693,-0.7037627700370983,falling,Reflation,Bonds,6.294999786983246,-0.39,3.6,2026-09-20
2022-11-01,98.8207550861157,-0.41622708674989894,falling,7.122856456533988,-1.099722721684838,falling,Reflation,Bonds,5.969880665899807,-0.47,3.6,2026-09-20
2022-12-01,98.7406380766086,-0.3264374885228989,falling,6.404600402357152,-1.7875064940686691,falling,Reflation,Bonds,5.685531944736666,-0.72,3.5,2026-09-20
2023-01-01,98.6819930736089,-0.24880660366810048,falling,6.327178517960097,-1.4316354397329034,falling,Reflation,Bonds,5.539533472591773,-0.53,3.5,2026-09-20
2023-02-01,98.6242336138407,-0.19652147227499484,falling,5.957820738137087,-1.1650357183969007,falling,Reflation,Bonds,5.498260329618088,-0.7,3.6,2026-09-20
2023-03-01,98.5786447803666,-0.16199329624200232,falling,4.917719362889961,-1.4868810394671916,falling,Reflation,Bonds,5.566741392671326,-0.88,3.5,2026-09-20
2023-04-01,98.5690927389343,-0.11290033467459182,falling,4.950079879124369,-1.3770986388357276,falling,Reflation,Bonds,5.514364195873522,-0.58,3.4,2026-09-20
2023-05-01,98.6014365483614,-0.022797065479295497,falling,4.131851231385042,-1.8259695067520454,falling,Reflation,Bonds,5.337547036084689,-0.55,3.6,2026-09-20
2023-06-01,98.672926103,0.0942813226333925,rising,3.070617072997095,-1.8471022898928657,falling,Recovery,Equities,4.853596327155252,-0.72,3.6,2026-09-20
2023-07-01,98.7504292834933,0.18133654455900228,rising,3.287749268428297,-1.6623306106960722,falling,Recovery,Equities,4.700970557935236,-1.06,3.5,2026-09-20
2023-08-01,98.80821079549,0.2067742471285925,rising,3.722504803505289,-0.40934642787975317,falling,Recovery,Equities,4.399143440066089,-0.87,3.7,2026-09-20
2023-09-01,98.8424537881035,0.16952768510350325,rising,3.687206638119256,0.6165895651221609,rising,Overheat,Commodities,4.128747996485882,-0.69,3.7,2026-09-20
2023-10-01,98.866937318684,0.11650803519069086,rising,3.2512659098611785,-0.03648335856711871,falling,Recovery,Equities,4.027401561127464,-0.44,3.9,2026-09-20
2023-11-01,98.9129596027469,0.10474880725689673,rising,3.1333462745911866,-0.5891585289141021,falling,Recovery,Equities,4.017980521102138,-0.18,3.7,2026-09-20
2023-12-01,98.9966644925422,0.15421070443869667,rising,3.3159099427102934,-0.3712966954089625,falling,Recovery,Equities,3.9154727698627045,-0.34,3.8,2026-09-20
2024-01-01,99.1049925267264,0.23805520804241098,rising,3.0883429864855705,-0.162922923375608,falling,Recovery,Equities,3.8583540949372663,-0.35,3.7,2026-09-20
2024-02-01,99.2135336589452,0.30057405619830035,rising,3.157074141648697,0.023727867057510288,rising,Overheat,Commodities,3.7619647313751337,-0.33,3.9,2026-09-20
2024-03-01,99.2977433785676,0.3010788860254081,rising,3.4868349120836584,0.170924969373365,rising,Overheat,Commodities,3.8161935067360986,-0.35,3.9,2026-09-20
2024-04-01,99.3359075926699,0.23091506594349198,rising,3.3607951262196734,0.27245213973410287,rising,Overheat,Commodities,3.6260251717590952,-0.39,3.9,2026-09-20
2024-05-01,99.3358465321929,0.1223128732477079,rising,3.244278584003113,0.08720444235441605,rising,Overheat,Commodities,3.394419668976645,-0.33,3.9,2026-09-20
2024-06-01,99.3274974799616,0.029754101393990595,rising,2.9702579486470926,-0.5165769634365658,falling,Recovery,Equities,3.2654173234475614,-0.38,4.1,2026-09-20
2024-07-01,99.3448337669906,0.008926174320706082,rising,2.9414757935583014,-0.419319332661372,falling,Recovery,Equities,3.2301916105644812,-0.29,4.2,2026-09-20
2024-08-01,99.4038928301666,0.06804629797369444,rising,2.607144490692037,-0.6371340933110758,falling,Recovery,Equities,3.2850959364300047,-0.17,4.2,2026-09-20
2024-09-01,99.5046933349509,0.17719585498930712,rising,2.4264830315416708,-0.5437749171054218,falling,Recovery,Equities,3.2823574494668994,0.0,4.1,2026-09-20
2024-10-01,99.6228874743158,0.2780537073251992,rising,2.578844053871343,-0.3626317396869583,falling,Recovery,Equities,3.298689706765301,0.13,4.1,2026-09-20
2024-11-01,99.7325009182762,0.32860808810960407,rising,2.719472461284833,0.11232797059279598,rising,Overheat,Commodities,3.2859356193500444,0.16,4.2,2026-09-20
2024-12-01,99.7993591722556,0.29466583730470575,rising,2.870690967509981,0.44420793596831043,rising,Overheat,Commodities,3.2133335461932644,0.05,4.1,2026-09-20
2025-01-01,99.8001432235066,0.1772557491907918,rising,2.9909783078999608,0.4121342540286177,rising,Overheat,Commodities,3.282970485398584,0.33,4.0,2026-09-20
2025-02-01,99.7405272952792,0.00802637700299158,rising,2.8015834477613355,0.08211098647650239,rising,Overheat,Commodities,3.13755688228059,0.36,4.2,2026-09-20
2025-03-01,99.6448454755434,-0.1545136967122005,falling,2.381981462805549,-0.4887095047044321,falling,Reflation,Bonds,2.808783050077035,0.25,4.2,2026-09-20
2025-04-01,99.55638626295,-0.24375696055659546,falling,2.32538823025783,-0.6655900776421309,falling,Reflation,Bonds,2.7760200724699313,0.3,4.2,2026-09-20
2025-05-01,99.5238421681806,-0.2166851270986001,falling,2.3772651073680873,-0.42431834039324823,falling,Reflation,Bonds,2.7658403935930886,0.55,4.3,2026-09-20
2025-06-01,99.5410119826733,-0.10383349287010901,falling,2.680453865910226,0.29847240310467704,rising,Stagflation,Cash,2.910895442696071,0.52,4.1,2026-09-20
2025-07-01,99.5780887827903,0.02170251984030358,rising,2.742618052167134,0.417229821909304,rising,Overheat,Commodities,3.0544930080893096,0.48,4.3,2026-09-20
2025-08-01,99.6240680101456,0.10022584196501327,rising,2.9385917430316155,0.5613266356635283,rising,Overheat,Commodities,3.111806098514469,0.54,4.3,2026-09-20
2025-09-01,99.6877461373418,0.1467341546685077,rising,3.0225715847133294,0.34211771880310327,rising,Overheat,Commodities,3.0199668258857892,0.64,4.4,2026-09-20
2025-11-01,99.9080335153139,0.2839655051682968,rising,2.988299628363511,0.2456815761963771,rising,Overheat,Commodities,2.8943434111105226,0.51,4.5,2026-09-20
2025-12-01,100.06705978848,0.37931365113819027,rising,3.00226204316838,0.06367030013676445,rising,Overheat,Commodities,2.837998245815232,0.55,4.4,2026-09-20
2026-01-01,100.239231501926,0.459965414256601,rising,2.8286797395498997,-0.19389184516342972,falling,Recovery,Equities,2.9493378374616075,0.71,4.3,2026-09-20
2026-02-01,100.390524601045,0.4824910857310982,rising,2.6645890876940914,-0.3237105406694196,falling,Recovery,Equities,2.7335062438778035,0.74,4.4,2026-09-20
2026-03-01,100.510507932406,0.4434481439260054,rising,3.3202055812236786,0.3179435380552986,rising,Overheat,Commodities,2.6730984898529986,0.59,4.3,2026-09-20
2026-04-01,100.614058459105,0.37482695717899617,rising,3.9470269087042764,1.1183471691543767,rising,Overheat,Commodities,2.9884245755166017,0.52,4.3,2026-09-20
2026-05-01,100.706441284074,0.3159166830290019,rising,4.270032656680245,1.6054435689861535,rising,Overheat,Commodities,2.9571135826898187,0.51,4.3,2026-09-20
2026-06-01,100.80314970678,0.2926417743740046,rising,3.7265298484186804,0.4063242671950018,rising,Overheat,Commodities,2.80581107579545,0.42,4.2,2026-09-20
2026-07-01,100.892338715244,0.27828025613899854,rising,3.5397514271936714,-0.407275481510605,falling,Recovery,Equities,2.786747157096725,0.31,4.1,2026-09-20
2026-08-01,100.956249604339,0.24980832026500366,rising,3.7129581058388483,-0.5570745508413966,falling,Recovery,Equities,2.7634613395318253,0.47,4.1,2026-09-20
